Found 201 silo files.
Using variables: phi=phi  E=electric_fld  ne=e  rho=rhs
Writing frames to output/frames/

Frame streamer_cyl_2pulses_000000
Saving to output/frames/panels/streamer_cyl_2pulses_000000_ne.png
Saving to output/frames/panels/streamer_cyl_2pulses_000000_rho.png
Saving to output/frames/panels/streamer_cyl_2pulses_000000_E.png
Saving to output/frames/panels/streamer_cyl_2pulses_000000_phi.png
Frame streamer_cyl_2pulses_000001
Saving to output/frames/panels/streamer_cyl_2pulses_000001_ne.png
Saving to output/frames/panels/streamer_cyl_2pulses_000001_rho.png
Saving to output/frames/panels/streamer_cyl_2pulses_000001_phi.png
Saving to output/frames/panels/streamer_cyl_2pulses_000001_E.png
Frame streamer_cyl_2pulses_000002
Saving to output/frames/panels/streamer_cyl_2pulses_000002_ne.png
Saving to output/frames/panels/streamer_cyl_2pulses_000002_E.png
Saving to output/frames/panels/streamer_cyl_2pulses_000002_rho.png
Saving to output/frames/panels/streamer_cyl_2pulses_000002_phi.png
Frame streamer_cyl_2pulses_000003
Saving to output/frames/panels/streamer_cyl_2pulses_000003_ne.png
Saving to output/frames/panels/streamer_cyl_2pulses_000003_E.png
Saving to output/frames/panels/streamer_cyl_2pulses_000003_rho.png
Saving to output/frames/panels/streamer_cyl_2pulses_000003_phi.png
Frame streamer_cyl_2pulses_000004
Saving to output/frames/panels/streamer_cyl_2pulses_000004_phi.png
Saving to output/frames/panels/streamer_cyl_2pulses_000004_E.png
Saving to output/frames/panels/streamer_cyl_2pulses_000004_ne.png
Saving to output/frames/panels/streamer_cyl_2pulses_000004_rho.png
Frame streamer_cyl_2pulses_000005
Saving to output/frames/panels/streamer_cyl_2pulses_000005_ne.png
Saving to output/frames/panels/streamer_cyl_2pulses_000005_rho.png
Saving to output/frames/panels/streamer_cyl_2pulses_000005_E.png
Saving to output/frames/panels/streamer_cyl_2pulses_000005_phi.png
Frame streamer_cyl_2pulses_000006
Saving to output/frames/panels/streamer_cyl_2pulses_000006_E.png
Saving to output/frames/panels/streamer_cyl_2pulses_000006_rho.png
Saving to output/frames/panels/streamer_cyl_2pulses_000006_phi.png
Saving to output/frames/panels/streamer_cyl_2pulses_000006_ne.png
Frame streamer_cyl_2pulses_000007
Saving to output/frames/panels/streamer_cyl_2pulses_000007_ne.png
Saving to output/frames/panels/streamer_cyl_2pulses_000007_E.png
Saving to output/frames/panels/streamer_cyl_2pulses_000007_phi.png
Saving to output/frames/panels/streamer_cyl_2pulses_000007_rho.png
Frame streamer_cyl_2pulses_000008
Saving to output/frames/panels/streamer_cyl_2pulses_000008_ne.png
Saving to output/frames/panels/streamer_cyl_2pulses_000008_rho.png
Saving to output/frames/panels/streamer_cyl_2pulses_000008_phi.png
Saving to output/frames/panels/streamer_cyl_2pulses_000008_E.png
Frame streamer_cyl_2pulses_000009
Saving to output/frames/panels/streamer_cyl_2pulses_000009_ne.png
Saving to output/frames/panels/streamer_cyl_2pulses_000009_E.png
Saving to output/frames/panels/streamer_cyl_2pulses_000009_rho.png
Saving to output/frames/panels/streamer_cyl_2pulses_000009_phi.png
Frame streamer_cyl_2pulses_000010
Saving to output/frames/panels/streamer_cyl_2pulses_000010_ne.png
Saving to output/frames/panels/streamer_cyl_2pulses_000010_rho.png
Saving to output/frames/panels/streamer_cyl_2pulses_000010_E.png
Saving to output/frames/panels/streamer_cyl_2pulses_000010_phi.png
Frame streamer_cyl_2pulses_000011
Saving to output/frames/panels/streamer_cyl_2pulses_000011_ne.png
Saving to output/frames/panels/streamer_cyl_2pulses_000011_E.png
Saving to output/frames/panels/streamer_cyl_2pulses_000011_phi.png
Saving to output/frames/panels/streamer_cyl_2pulses_000011_rho.png
Frame streamer_cyl_2pulses_000012
Saving to output/frames/panels/streamer_cyl_2pulses_000012_ne.png
Saving to output/frames/panels/streamer_cyl_2pulses_000012_rho.png
Saving to output/frames/panels/streamer_cyl_2pulses_000012_E.png
Saving to output/frames/panels/streamer_cyl_2pulses_000012_phi.png
Frame streamer_cyl_2pulses_000013
Saving to output/frames/panels/streamer_cyl_2pulses_000013_ne.png
Saving to output/frames/panels/streamer_cyl_2pulses_000013_E.png
Saving to output/frames/panels/streamer_cyl_2pulses_000013_phi.png
Saving to output/frames/panels/streamer_cyl_2pulses_000013_rho.png
Frame streamer_cyl_2pulses_000014
Saving to output/frames/panels/streamer_cyl_2pulses_000014_ne.png
Saving to output/frames/panels/streamer_cyl_2pulses_000014_rho.png
Saving to output/frames/panels/streamer_cyl_2pulses_000014_phi.png
Saving to output/frames/panels/streamer_cyl_2pulses_000014_E.png
Frame streamer_cyl_2pulses_000015
Saving to output/frames/panels/streamer_cyl_2pulses_000015_rho.png
Saving to output/frames/panels/streamer_cyl_2pulses_000015_E.png
Saving to output/frames/panels/streamer_cyl_2pulses_000015_phi.png
Saving to output/frames/panels/streamer_cyl_2pulses_000015_ne.png
Frame streamer_cyl_2pulses_000016
Saving to output/frames/panels/streamer_cyl_2pulses_000016_ne.png
Saving to output/frames/panels/streamer_cyl_2pulses_000016_E.png
Saving to output/frames/panels/streamer_cyl_2pulses_000016_rho.png
Saving to output/frames/panels/streamer_cyl_2pulses_000016_phi.png
Frame streamer_cyl_2pulses_000017
Saving to output/frames/panels/streamer_cyl_2pulses_000017_rho.png
Saving to output/frames/panels/streamer_cyl_2pulses_000017_E.png
Saving to output/frames/panels/streamer_cyl_2pulses_000017_ne.png
Saving to output/frames/panels/streamer_cyl_2pulses_000017_phi.png
Frame streamer_cyl_2pulses_000018
Saving to output/frames/panels/streamer_cyl_2pulses_000018_rho.png
Saving to output/frames/panels/streamer_cyl_2pulses_000018_phi.png
Saving to output/frames/panels/streamer_cyl_2pulses_000018_E.png
Saving to output/frames/panels/streamer_cyl_2pulses_000018_ne.png
Frame streamer_cyl_2pulses_000019
Saving to output/frames/panels/streamer_cyl_2pulses_000019_E.png
Saving to output/frames/panels/streamer_cyl_2pulses_000019_rho.png
Saving to output/frames/panels/streamer_cyl_2pulses_000019_ne.png
Saving to output/frames/panels/streamer_cyl_2pulses_000019_phi.png
Frame streamer_cyl_2pulses_000020
Saving to output/frames/panels/streamer_cyl_2pulses_000020_ne.png
Saving to output/frames/panels/streamer_cyl_2pulses_000020_rho.png
Saving to output/frames/panels/streamer_cyl_2pulses_000020_phi.png
Saving to output/frames/panels/streamer_cyl_2pulses_000020_E.png
Frame streamer_cyl_2pulses_000021
Saving to output/frames/panels/streamer_cyl_2pulses_000021_phi.png
Saving to output/frames/panels/streamer_cyl_2pulses_000021_E.png
Saving to output/frames/panels/streamer_cyl_2pulses_000021_rho.png
Saving to output/frames/panels/streamer_cyl_2pulses_000021_ne.png
Frame streamer_cyl_2pulses_000022
Saving to output/frames/panels/streamer_cyl_2pulses_000022_E.png
Saving to output/frames/panels/streamer_cyl_2pulses_000022_phi.png
Saving to output/frames/panels/streamer_cyl_2pulses_000022_ne.png
Saving to output/frames/panels/streamer_cyl_2pulses_000022_rho.png
Frame streamer_cyl_2pulses_000023
Saving to output/frames/panels/streamer_cyl_2pulses_000023_E.png
Saving to output/frames/panels/streamer_cyl_2pulses_000023_rho.png
Saving to output/frames/panels/streamer_cyl_2pulses_000023_ne.png
Saving to output/frames/panels/streamer_cyl_2pulses_000023_phi.png
Frame streamer_cyl_2pulses_000024
Saving to output/frames/panels/streamer_cyl_2pulses_000024_phi.png
Saving to output/frames/panels/streamer_cyl_2pulses_000024_E.png
Saving to output/frames/panels/streamer_cyl_2pulses_000024_rho.png
Saving to output/frames/panels/streamer_cyl_2pulses_000024_ne.png
Frame streamer_cyl_2pulses_000025
Saving to output/frames/panels/streamer_cyl_2pulses_000025_ne.png
Saving to output/frames/panels/streamer_cyl_2pulses_000025_phi.png
Saving to output/frames/panels/streamer_cyl_2pulses_000025_rho.png
Saving to output/frames/panels/streamer_cyl_2pulses_000025_E.png
Frame streamer_cyl_2pulses_000026
Saving to output/frames/panels/streamer_cyl_2pulses_000026_phi.png
Saving to output/frames/panels/streamer_cyl_2pulses_000026_rho.png
Saving to output/frames/panels/streamer_cyl_2pulses_000026_ne.png
Saving to output/frames/panels/streamer_cyl_2pulses_000026_E.png
Frame streamer_cyl_2pulses_000027
Saving to output/frames/panels/streamer_cyl_2pulses_000027_ne.png
Saving to output/frames/panels/streamer_cyl_2pulses_000027_E.png
Saving to output/frames/panels/streamer_cyl_2pulses_000027_rho.png
Saving to output/frames/panels/streamer_cyl_2pulses_000027_phi.png
Frame streamer_cyl_2pulses_000028
Saving to output/frames/panels/streamer_cyl_2pulses_000028_E.png
Saving to output/frames/panels/streamer_cyl_2pulses_000028_ne.png
Saving to output/frames/panels/streamer_cyl_2pulses_000028_phi.png
Saving to output/frames/panels/streamer_cyl_2pulses_000028_rho.png
Frame streamer_cyl_2pulses_000029
Saving to output/frames/panels/streamer_cyl_2pulses_000029_rho.png
Saving to output/frames/panels/streamer_cyl_2pulses_000029_E.png
Saving to output/frames/panels/streamer_cyl_2pulses_000029_phi.png
Saving to output/frames/panels/streamer_cyl_2pulses_000029_ne.png
Frame streamer_cyl_2pulses_000030
Saving to output/frames/panels/streamer_cyl_2pulses_000030_ne.png
Saving to output/frames/panels/streamer_cyl_2pulses_000030_phi.png
Saving to output/frames/panels/streamer_cyl_2pulses_000030_E.png
Saving to output/frames/panels/streamer_cyl_2pulses_000030_rho.png
Frame streamer_cyl_2pulses_000031
Saving to output/frames/panels/streamer_cyl_2pulses_000031_E.png
Saving to output/frames/panels/streamer_cyl_2pulses_000031_ne.png
Saving to output/frames/panels/streamer_cyl_2pulses_000031_phi.png
Saving to output/frames/panels/streamer_cyl_2pulses_000031_rho.png
Frame streamer_cyl_2pulses_000032
Saving to output/frames/panels/streamer_cyl_2pulses_000032_ne.png
Saving to output/frames/panels/streamer_cyl_2pulses_000032_rho.png
Saving to output/frames/panels/streamer_cyl_2pulses_000032_E.png
Saving to output/frames/panels/streamer_cyl_2pulses_000032_phi.png
Frame streamer_cyl_2pulses_000033
Saving to output/frames/panels/streamer_cyl_2pulses_000033_phi.png
Saving to output/frames/panels/streamer_cyl_2pulses_000033_E.png
Saving to output/frames/panels/streamer_cyl_2pulses_000033_ne.png
Saving to output/frames/panels/streamer_cyl_2pulses_000033_rho.png
Frame streamer_cyl_2pulses_000034
Saving to output/frames/panels/streamer_cyl_2pulses_000034_ne.png
Saving to output/frames/panels/streamer_cyl_2pulses_000034_E.png
Saving to output/frames/panels/streamer_cyl_2pulses_000034_phi.png
Saving to output/frames/panels/streamer_cyl_2pulses_000034_rho.png
Frame streamer_cyl_2pulses_000035
Saving to output/frames/panels/streamer_cyl_2pulses_000035_ne.png
Saving to output/frames/panels/streamer_cyl_2pulses_000035_rho.png
Saving to output/frames/panels/streamer_cyl_2pulses_000035_E.png
Saving to output/frames/panels/streamer_cyl_2pulses_000035_phi.png
Frame streamer_cyl_2pulses_000036
Saving to output/frames/panels/streamer_cyl_2pulses_000036_rho.png
Saving to output/frames/panels/streamer_cyl_2pulses_000036_E.png
Saving to output/frames/panels/streamer_cyl_2pulses_000036_phi.png
Saving to output/frames/panels/streamer_cyl_2pulses_000036_ne.png
Frame streamer_cyl_2pulses_000037
Saving to output/frames/panels/streamer_cyl_2pulses_000037_ne.png
Saving to output/frames/panels/streamer_cyl_2pulses_000037_E.png
Saving to output/frames/panels/streamer_cyl_2pulses_000037_phi.png
Saving to output/frames/panels/streamer_cyl_2pulses_000037_rho.png
Frame streamer_cyl_2pulses_000038
Saving to output/frames/panels/streamer_cyl_2pulses_000038_rho.png
Saving to output/frames/panels/streamer_cyl_2pulses_000038_ne.png
Saving to output/frames/panels/streamer_cyl_2pulses_000038_phi.png
Saving to output/frames/panels/streamer_cyl_2pulses_000038_E.png
Frame streamer_cyl_2pulses_000039
Saving to output/frames/panels/streamer_cyl_2pulses_000039_rho.png
Saving to output/frames/panels/streamer_cyl_2pulses_000039_E.png
Saving to output/frames/panels/streamer_cyl_2pulses_000039_ne.png
Saving to output/frames/panels/streamer_cyl_2pulses_000039_phi.png
Frame streamer_cyl_2pulses_000040
Saving to output/frames/panels/streamer_cyl_2pulses_000040_ne.png
Saving to output/frames/panels/streamer_cyl_2pulses_000040_phi.png
Saving to output/frames/panels/streamer_cyl_2pulses_000040_E.png
Saving to output/frames/panels/streamer_cyl_2pulses_000040_rho.png
Frame streamer_cyl_2pulses_000041
Saving to output/frames/panels/streamer_cyl_2pulses_000041_ne.png
Saving to output/frames/panels/streamer_cyl_2pulses_000041_phi.png
Saving to output/frames/panels/streamer_cyl_2pulses_000041_rho.png
Saving to output/frames/panels/streamer_cyl_2pulses_000041_E.png
Frame streamer_cyl_2pulses_000042
Saving to output/frames/panels/streamer_cyl_2pulses_000042_rho.png
Saving to output/frames/panels/streamer_cyl_2pulses_000042_ne.png
Saving to output/frames/panels/streamer_cyl_2pulses_000042_E.png
Saving to output/frames/panels/streamer_cyl_2pulses_000042_phi.png
Frame streamer_cyl_2pulses_000043
Saving to output/frames/panels/streamer_cyl_2pulses_000043_rho.png
Saving to output/frames/panels/streamer_cyl_2pulses_000043_ne.png
Saving to output/frames/panels/streamer_cyl_2pulses_000043_E.png
Saving to output/frames/panels/streamer_cyl_2pulses_000043_phi.png
Frame streamer_cyl_2pulses_000044
Saving to output/frames/panels/streamer_cyl_2pulses_000044_E.png
Saving to output/frames/panels/streamer_cyl_2pulses_000044_ne.png
Saving to output/frames/panels/streamer_cyl_2pulses_000044_rho.png
Saving to output/frames/panels/streamer_cyl_2pulses_000044_phi.png
Frame streamer_cyl_2pulses_000045
Saving to output/frames/panels/streamer_cyl_2pulses_000045_ne.png
Saving to output/frames/panels/streamer_cyl_2pulses_000045_E.png
Saving to output/frames/panels/streamer_cyl_2pulses_000045_rho.png
Saving to output/frames/panels/streamer_cyl_2pulses_000045_phi.png
Frame streamer_cyl_2pulses_000046
Saving to output/frames/panels/streamer_cyl_2pulses_000046_ne.png
Saving to output/frames/panels/streamer_cyl_2pulses_000046_rho.png
Saving to output/frames/panels/streamer_cyl_2pulses_000046_E.png
Saving to output/frames/panels/streamer_cyl_2pulses_000046_phi.png
Frame streamer_cyl_2pulses_000047
Saving to output/frames/panels/streamer_cyl_2pulses_000047_phi.png
Saving to output/frames/panels/streamer_cyl_2pulses_000047_E.png
Saving to output/frames/panels/streamer_cyl_2pulses_000047_ne.png
Saving to output/frames/panels/streamer_cyl_2pulses_000047_rho.png
Frame streamer_cyl_2pulses_000048
Saving to output/frames/panels/streamer_cyl_2pulses_000048_ne.png
Saving to output/frames/panels/streamer_cyl_2pulses_000048_phi.png
Saving to output/frames/panels/streamer_cyl_2pulses_000048_rho.png
Saving to output/frames/panels/streamer_cyl_2pulses_000048_E.png
Frame streamer_cyl_2pulses_000049
Saving to output/frames/panels/streamer_cyl_2pulses_000049_ne.png
Saving to output/frames/panels/streamer_cyl_2pulses_000049_rho.png
Saving to output/frames/panels/streamer_cyl_2pulses_000049_E.png
Saving to output/frames/panels/streamer_cyl_2pulses_000049_phi.png
Frame streamer_cyl_2pulses_000050
Saving to output/frames/panels/streamer_cyl_2pulses_000050_ne.png
Saving to output/frames/panels/streamer_cyl_2pulses_000050_rho.png
Saving to output/frames/panels/streamer_cyl_2pulses_000050_E.png
Saving to output/frames/panels/streamer_cyl_2pulses_000050_phi.png
Frame streamer_cyl_2pulses_000051
Saving to output/frames/panels/streamer_cyl_2pulses_000051_rho.png
Saving to output/frames/panels/streamer_cyl_2pulses_000051_ne.png
Saving to output/frames/panels/streamer_cyl_2pulses_000051_E.png
Saving to output/frames/panels/streamer_cyl_2pulses_000051_phi.png
Frame streamer_cyl_2pulses_000052
Saving to output/frames/panels/streamer_cyl_2pulses_000052_rho.png
Saving to output/frames/panels/streamer_cyl_2pulses_000052_phi.png
Saving to output/frames/panels/streamer_cyl_2pulses_000052_ne.png
Saving to output/frames/panels/streamer_cyl_2pulses_000052_E.png
Frame streamer_cyl_2pulses_000053
Saving to output/frames/panels/streamer_cyl_2pulses_000053_ne.png
Saving to output/frames/panels/streamer_cyl_2pulses_000053_rho.png
Saving to output/frames/panels/streamer_cyl_2pulses_000053_E.png
Saving to output/frames/panels/streamer_cyl_2pulses_000053_phi.png
Frame streamer_cyl_2pulses_000054
Saving to output/frames/panels/streamer_cyl_2pulses_000054_rho.png
Saving to output/frames/panels/streamer_cyl_2pulses_000054_ne.png
Saving to output/frames/panels/streamer_cyl_2pulses_000054_E.png
Saving to output/frames/panels/streamer_cyl_2pulses_000054_phi.png
Frame streamer_cyl_2pulses_000055
Saving to output/frames/panels/streamer_cyl_2pulses_000055_ne.png
Saving to output/frames/panels/streamer_cyl_2pulses_000055_phi.png
Saving to output/frames/panels/streamer_cyl_2pulses_000055_E.png
Saving to output/frames/panels/streamer_cyl_2pulses_000055_rho.png
Frame streamer_cyl_2pulses_000056
Saving to output/frames/panels/streamer_cyl_2pulses_000056_rho.png
Saving to output/frames/panels/streamer_cyl_2pulses_000056_ne.png
Saving to output/frames/panels/streamer_cyl_2pulses_000056_phi.png
Saving to output/frames/panels/streamer_cyl_2pulses_000056_E.png
Frame streamer_cyl_2pulses_000057
Saving to output/frames/panels/streamer_cyl_2pulses_000057_ne.png
Saving to output/frames/panels/streamer_cyl_2pulses_000057_phi.png
Saving to output/frames/panels/streamer_cyl_2pulses_000057_E.png
Saving to output/frames/panels/streamer_cyl_2pulses_000057_rho.png
Frame streamer_cyl_2pulses_000058
Saving to output/frames/panels/streamer_cyl_2pulses_000058_ne.png
Saving to output/frames/panels/streamer_cyl_2pulses_000058_rho.png
Saving to output/frames/panels/streamer_cyl_2pulses_000058_E.png
Saving to output/frames/panels/streamer_cyl_2pulses_000058_phi.png
Frame streamer_cyl_2pulses_000059
Saving to output/frames/panels/streamer_cyl_2pulses_000059_ne.png
Saving to output/frames/panels/streamer_cyl_2pulses_000059_E.png
Saving to output/frames/panels/streamer_cyl_2pulses_000059_phi.png
Saving to output/frames/panels/streamer_cyl_2pulses_000059_rho.png
Frame streamer_cyl_2pulses_000060
Saving to output/frames/panels/streamer_cyl_2pulses_000060_E.png
Saving to output/frames/panels/streamer_cyl_2pulses_000060_rho.png
Saving to output/frames/panels/streamer_cyl_2pulses_000060_ne.png
Saving to output/frames/panels/streamer_cyl_2pulses_000060_phi.png
Frame streamer_cyl_2pulses_000061
Saving to output/frames/panels/streamer_cyl_2pulses_000061_E.png
Saving to output/frames/panels/streamer_cyl_2pulses_000061_ne.png
Saving to output/frames/panels/streamer_cyl_2pulses_000061_phi.png
Saving to output/frames/panels/streamer_cyl_2pulses_000061_rho.png
Frame streamer_cyl_2pulses_000062
Saving to output/frames/panels/streamer_cyl_2pulses_000062_phi.png
Saving to output/frames/panels/streamer_cyl_2pulses_000062_E.png
Saving to output/frames/panels/streamer_cyl_2pulses_000062_rho.png
Saving to output/frames/panels/streamer_cyl_2pulses_000062_ne.png
Frame streamer_cyl_2pulses_000063
Saving to output/frames/panels/streamer_cyl_2pulses_000063_rho.png
Saving to output/frames/panels/streamer_cyl_2pulses_000063_phi.png
Saving to output/frames/panels/streamer_cyl_2pulses_000063_ne.png
Saving to output/frames/panels/streamer_cyl_2pulses_000063_E.png
Frame streamer_cyl_2pulses_000064
Saving to output/frames/panels/streamer_cyl_2pulses_000064_ne.png
Saving to output/frames/panels/streamer_cyl_2pulses_000064_rho.png
Saving to output/frames/panels/streamer_cyl_2pulses_000064_phi.png
Saving to output/frames/panels/streamer_cyl_2pulses_000064_E.png
Frame streamer_cyl_2pulses_000065
Saving to output/frames/panels/streamer_cyl_2pulses_000065_ne.png
Saving to output/frames/panels/streamer_cyl_2pulses_000065_rho.png
Saving to output/frames/panels/streamer_cyl_2pulses_000065_E.png
Saving to output/frames/panels/streamer_cyl_2pulses_000065_phi.png
Frame streamer_cyl_2pulses_000066
Saving to output/frames/panels/streamer_cyl_2pulses_000066_ne.png
Saving to output/frames/panels/streamer_cyl_2pulses_000066_E.png
Saving to output/frames/panels/streamer_cyl_2pulses_000066_rho.png
Saving to output/frames/panels/streamer_cyl_2pulses_000066_phi.png
Frame streamer_cyl_2pulses_000067
Saving to output/frames/panels/streamer_cyl_2pulses_000067_E.png
Saving to output/frames/panels/streamer_cyl_2pulses_000067_ne.png
Saving to output/frames/panels/streamer_cyl_2pulses_000067_phi.png
Saving to output/frames/panels/streamer_cyl_2pulses_000067_rho.png
Frame streamer_cyl_2pulses_000068
Saving to output/frames/panels/streamer_cyl_2pulses_000068_ne.png
Saving to output/frames/panels/streamer_cyl_2pulses_000068_E.png
Saving to output/frames/panels/streamer_cyl_2pulses_000068_rho.png
Saving to output/frames/panels/streamer_cyl_2pulses_000068_phi.png
Frame streamer_cyl_2pulses_000069
Saving to output/frames/panels/streamer_cyl_2pulses_000069_rho.png
Saving to output/frames/panels/streamer_cyl_2pulses_000069_phi.png
Saving to output/frames/panels/streamer_cyl_2pulses_000069_ne.png
Saving to output/frames/panels/streamer_cyl_2pulses_000069_E.png
Frame streamer_cyl_2pulses_000070
Saving to output/frames/panels/streamer_cyl_2pulses_000070_E.png
Saving to output/frames/panels/streamer_cyl_2pulses_000070_ne.png
Saving to output/frames/panels/streamer_cyl_2pulses_000070_rho.png
Saving to output/frames/panels/streamer_cyl_2pulses_000070_phi.png
Frame streamer_cyl_2pulses_000071
Saving to output/frames/panels/streamer_cyl_2pulses_000071_rho.png
Saving to output/frames/panels/streamer_cyl_2pulses_000071_ne.png
Saving to output/frames/panels/streamer_cyl_2pulses_000071_E.png
Saving to output/frames/panels/streamer_cyl_2pulses_000071_phi.png
Frame streamer_cyl_2pulses_000072
Saving to output/frames/panels/streamer_cyl_2pulses_000072_ne.png
Saving to output/frames/panels/streamer_cyl_2pulses_000072_phi.png
Saving to output/frames/panels/streamer_cyl_2pulses_000072_rho.png
Saving to output/frames/panels/streamer_cyl_2pulses_000072_E.png
Frame streamer_cyl_2pulses_000073
Saving to output/frames/panels/streamer_cyl_2pulses_000073_phi.png
Saving to output/frames/panels/streamer_cyl_2pulses_000073_ne.png
Saving to output/frames/panels/streamer_cyl_2pulses_000073_rho.png
Saving to output/frames/panels/streamer_cyl_2pulses_000073_E.png
Frame streamer_cyl_2pulses_000074
Saving to output/frames/panels/streamer_cyl_2pulses_000074_ne.png
Saving to output/frames/panels/streamer_cyl_2pulses_000074_rho.png
Saving to output/frames/panels/streamer_cyl_2pulses_000074_E.png
Saving to output/frames/panels/streamer_cyl_2pulses_000074_phi.png
Frame streamer_cyl_2pulses_000075
Saving to output/frames/panels/streamer_cyl_2pulses_000075_rho.png
Saving to output/frames/panels/streamer_cyl_2pulses_000075_ne.png
Saving to output/frames/panels/streamer_cyl_2pulses_000075_E.png
Saving to output/frames/panels/streamer_cyl_2pulses_000075_phi.png
Frame streamer_cyl_2pulses_000076
Saving to output/frames/panels/streamer_cyl_2pulses_000076_rho.png
Saving to output/frames/panels/streamer_cyl_2pulses_000076_ne.png
Saving to output/frames/panels/streamer_cyl_2pulses_000076_E.png
Saving to output/frames/panels/streamer_cyl_2pulses_000076_phi.png
Frame streamer_cyl_2pulses_000077
Saving to output/frames/panels/streamer_cyl_2pulses_000077_E.png
Saving to output/frames/panels/streamer_cyl_2pulses_000077_ne.png
Saving to output/frames/panels/streamer_cyl_2pulses_000077_phi.png
Saving to output/frames/panels/streamer_cyl_2pulses_000077_rho.png
Frame streamer_cyl_2pulses_000078
Saving to output/frames/panels/streamer_cyl_2pulses_000078_ne.png
Saving to output/frames/panels/streamer_cyl_2pulses_000078_E.png
Saving to output/frames/panels/streamer_cyl_2pulses_000078_rho.png
Saving to output/frames/panels/streamer_cyl_2pulses_000078_phi.png
Frame streamer_cyl_2pulses_000079
Saving to output/frames/panels/streamer_cyl_2pulses_000079_rho.png
Saving to output/frames/panels/streamer_cyl_2pulses_000079_ne.png
Saving to output/frames/panels/streamer_cyl_2pulses_000079_E.png
Saving to output/frames/panels/streamer_cyl_2pulses_000079_phi.png
Frame streamer_cyl_2pulses_000080
Saving to output/frames/panels/streamer_cyl_2pulses_000080_ne.png
Saving to output/frames/panels/streamer_cyl_2pulses_000080_rho.png
Saving to output/frames/panels/streamer_cyl_2pulses_000080_phi.png
Saving to output/frames/panels/streamer_cyl_2pulses_000080_E.png
Frame streamer_cyl_2pulses_000081
Saving to output/frames/panels/streamer_cyl_2pulses_000081_rho.png
Saving to output/frames/panels/streamer_cyl_2pulses_000081_ne.png
Saving to output/frames/panels/streamer_cyl_2pulses_000081_E.png
Saving to output/frames/panels/streamer_cyl_2pulses_000081_phi.png
Frame streamer_cyl_2pulses_000082
Saving to output/frames/panels/streamer_cyl_2pulses_000082_E.png
Saving to output/frames/panels/streamer_cyl_2pulses_000082_rho.png
Saving to output/frames/panels/streamer_cyl_2pulses_000082_ne.png
Saving to output/frames/panels/streamer_cyl_2pulses_000082_phi.png
Frame streamer_cyl_2pulses_000083
Saving to output/frames/panels/streamer_cyl_2pulses_000083_ne.png
Saving to output/frames/panels/streamer_cyl_2pulses_000083_rho.png
Saving to output/frames/panels/streamer_cyl_2pulses_000083_E.png
Saving to output/frames/panels/streamer_cyl_2pulses_000083_phi.png
Frame streamer_cyl_2pulses_000084
Saving to output/frames/panels/streamer_cyl_2pulses_000084_phi.png
Saving to output/frames/panels/streamer_cyl_2pulses_000084_ne.png
Saving to output/frames/panels/streamer_cyl_2pulses_000084_E.png
Saving to output/frames/panels/streamer_cyl_2pulses_000084_rho.png
Frame streamer_cyl_2pulses_000085
Saving to output/frames/panels/streamer_cyl_2pulses_000085_ne.png
Saving to output/frames/panels/streamer_cyl_2pulses_000085_E.png
Saving to output/frames/panels/streamer_cyl_2pulses_000085_phi.png
Saving to output/frames/panels/streamer_cyl_2pulses_000085_rho.png
Frame streamer_cyl_2pulses_000086
Saving to output/frames/panels/streamer_cyl_2pulses_000086_rho.png
Saving to output/frames/panels/streamer_cyl_2pulses_000086_ne.png
Saving to output/frames/panels/streamer_cyl_2pulses_000086_E.png
Saving to output/frames/panels/streamer_cyl_2pulses_000086_phi.png
Frame streamer_cyl_2pulses_000087
Saving to output/frames/panels/streamer_cyl_2pulses_000087_rho.png
Saving to output/frames/panels/streamer_cyl_2pulses_000087_phi.png
Saving to output/frames/panels/streamer_cyl_2pulses_000087_ne.png
Saving to output/frames/panels/streamer_cyl_2pulses_000087_E.png
Frame streamer_cyl_2pulses_000088
Saving to output/frames/panels/streamer_cyl_2pulses_000088_rho.png
Saving to output/frames/panels/streamer_cyl_2pulses_000088_phi.png
Saving to output/frames/panels/streamer_cyl_2pulses_000088_E.png
Saving to output/frames/panels/streamer_cyl_2pulses_000088_ne.png
Frame streamer_cyl_2pulses_000089
Saving to output/frames/panels/streamer_cyl_2pulses_000089_phi.png
Saving to output/frames/panels/streamer_cyl_2pulses_000089_ne.png
Saving to output/frames/panels/streamer_cyl_2pulses_000089_rho.png
Saving to output/frames/panels/streamer_cyl_2pulses_000089_E.png
Frame streamer_cyl_2pulses_000090
Saving to output/frames/panels/streamer_cyl_2pulses_000090_ne.png
Saving to output/frames/panels/streamer_cyl_2pulses_000090_E.png
Saving to output/frames/panels/streamer_cyl_2pulses_000090_rho.png
Saving to output/frames/panels/streamer_cyl_2pulses_000090_phi.png
Frame streamer_cyl_2pulses_000091
Saving to output/frames/panels/streamer_cyl_2pulses_000091_rho.png
Saving to output/frames/panels/streamer_cyl_2pulses_000091_ne.png
Saving to output/frames/panels/streamer_cyl_2pulses_000091_E.png
Saving to output/frames/panels/streamer_cyl_2pulses_000091_phi.png
Frame streamer_cyl_2pulses_000092
Saving to output/frames/panels/streamer_cyl_2pulses_000092_rho.png
Saving to output/frames/panels/streamer_cyl_2pulses_000092_ne.png
Saving to output/frames/panels/streamer_cyl_2pulses_000092_E.png
Saving to output/frames/panels/streamer_cyl_2pulses_000092_phi.png
Frame streamer_cyl_2pulses_000093
Saving to output/frames/panels/streamer_cyl_2pulses_000093_ne.png
Saving to output/frames/panels/streamer_cyl_2pulses_000093_rho.png
Saving to output/frames/panels/streamer_cyl_2pulses_000093_E.png
Saving to output/frames/panels/streamer_cyl_2pulses_000093_phi.png
Frame streamer_cyl_2pulses_000094
Saving to output/frames/panels/streamer_cyl_2pulses_000094_ne.png
Saving to output/frames/panels/streamer_cyl_2pulses_000094_E.png
Saving to output/frames/panels/streamer_cyl_2pulses_000094_rho.png
Saving to output/frames/panels/streamer_cyl_2pulses_000094_phi.png
Frame streamer_cyl_2pulses_000095
Saving to output/frames/panels/streamer_cyl_2pulses_000095_rho.png
Saving to output/frames/panels/streamer_cyl_2pulses_000095_E.png
Saving to output/frames/panels/streamer_cyl_2pulses_000095_phi.png
Saving to output/frames/panels/streamer_cyl_2pulses_000095_ne.png
Frame streamer_cyl_2pulses_000096
Saving to output/frames/panels/streamer_cyl_2pulses_000096_ne.png
Saving to output/frames/panels/streamer_cyl_2pulses_000096_E.png
Saving to output/frames/panels/streamer_cyl_2pulses_000096_rho.png
Saving to output/frames/panels/streamer_cyl_2pulses_000096_phi.png
Frame streamer_cyl_2pulses_000097
Saving to output/frames/panels/streamer_cyl_2pulses_000097_phi.png
Saving to output/frames/panels/streamer_cyl_2pulses_000097_rho.png
Saving to output/frames/panels/streamer_cyl_2pulses_000097_E.png
Saving to output/frames/panels/streamer_cyl_2pulses_000097_ne.png
Frame streamer_cyl_2pulses_000098
Saving to output/frames/panels/streamer_cyl_2pulses_000098_ne.png
Saving to output/frames/panels/streamer_cyl_2pulses_000098_phi.png
Saving to output/frames/panels/streamer_cyl_2pulses_000098_rho.png
Saving to output/frames/panels/streamer_cyl_2pulses_000098_E.png
Frame streamer_cyl_2pulses_000099
Saving to output/frames/panels/streamer_cyl_2pulses_000099_ne.png
Saving to output/frames/panels/streamer_cyl_2pulses_000099_rho.png
Saving to output/frames/panels/streamer_cyl_2pulses_000099_E.png
Saving to output/frames/panels/streamer_cyl_2pulses_000099_phi.png
Frame streamer_cyl_2pulses_000100
Saving to output/frames/panels/streamer_cyl_2pulses_000100_rho.png
Saving to output/frames/panels/streamer_cyl_2pulses_000100_E.png
Saving to output/frames/panels/streamer_cyl_2pulses_000100_ne.png
Saving to output/frames/panels/streamer_cyl_2pulses_000100_phi.png
Frame streamer_cyl_2pulses_000101
Saving to output/frames/panels/streamer_cyl_2pulses_000101_ne.png
Saving to output/frames/panels/streamer_cyl_2pulses_000101_E.png
Saving to output/frames/panels/streamer_cyl_2pulses_000101_rho.png
Saving to output/frames/panels/streamer_cyl_2pulses_000101_phi.png
Frame streamer_cyl_2pulses_000102
Saving to output/frames/panels/streamer_cyl_2pulses_000102_rho.png
Saving to output/frames/panels/streamer_cyl_2pulses_000102_ne.png
Saving to output/frames/panels/streamer_cyl_2pulses_000102_phi.png
Saving to output/frames/panels/streamer_cyl_2pulses_000102_E.png
Frame streamer_cyl_2pulses_000103
Saving to output/frames/panels/streamer_cyl_2pulses_000103_ne.png
Saving to output/frames/panels/streamer_cyl_2pulses_000103_rho.png
Saving to output/frames/panels/streamer_cyl_2pulses_000103_E.png
Saving to output/frames/panels/streamer_cyl_2pulses_000103_phi.png
Frame streamer_cyl_2pulses_000104
Saving to output/frames/panels/streamer_cyl_2pulses_000104_phi.png
Saving to output/frames/panels/streamer_cyl_2pulses_000104_rho.png
Saving to output/frames/panels/streamer_cyl_2pulses_000104_ne.png
Saving to output/frames/panels/streamer_cyl_2pulses_000104_E.png
Frame streamer_cyl_2pulses_000105
Saving to output/frames/panels/streamer_cyl_2pulses_000105_E.png
Saving to output/frames/panels/streamer_cyl_2pulses_000105_rho.png
Saving to output/frames/panels/streamer_cyl_2pulses_000105_phi.png
Saving to output/frames/panels/streamer_cyl_2pulses_000105_ne.png
Frame streamer_cyl_2pulses_000106
Saving to output/frames/panels/streamer_cyl_2pulses_000106_E.png
Saving to output/frames/panels/streamer_cyl_2pulses_000106_ne.png
Saving to output/frames/panels/streamer_cyl_2pulses_000106_phi.png
Saving to output/frames/panels/streamer_cyl_2pulses_000106_rho.png
Frame streamer_cyl_2pulses_000107
Saving to output/frames/panels/streamer_cyl_2pulses_000107_phi.png
Saving to output/frames/panels/streamer_cyl_2pulses_000107_E.png
Saving to output/frames/panels/streamer_cyl_2pulses_000107_rho.png
Saving to output/frames/panels/streamer_cyl_2pulses_000107_ne.png
Frame streamer_cyl_2pulses_000108
Saving to output/frames/panels/streamer_cyl_2pulses_000108_ne.png
Saving to output/frames/panels/streamer_cyl_2pulses_000108_rho.png
Saving to output/frames/panels/streamer_cyl_2pulses_000108_E.png
Saving to output/frames/panels/streamer_cyl_2pulses_000108_phi.png
Frame streamer_cyl_2pulses_000109
Saving to output/frames/panels/streamer_cyl_2pulses_000109_E.png
Saving to output/frames/panels/streamer_cyl_2pulses_000109_ne.png
Saving to output/frames/panels/streamer_cyl_2pulses_000109_phi.png
Saving to output/frames/panels/streamer_cyl_2pulses_000109_rho.png
Frame streamer_cyl_2pulses_000110
Saving to output/frames/panels/streamer_cyl_2pulses_000110_ne.png
Saving to output/frames/panels/streamer_cyl_2pulses_000110_rho.png
Saving to output/frames/panels/streamer_cyl_2pulses_000110_E.png
Saving to output/frames/panels/streamer_cyl_2pulses_000110_phi.png
Frame streamer_cyl_2pulses_000111
Saving to output/frames/panels/streamer_cyl_2pulses_000111_rho.png
Saving to output/frames/panels/streamer_cyl_2pulses_000111_phi.png
Saving to output/frames/panels/streamer_cyl_2pulses_000111_ne.png
Saving to output/frames/panels/streamer_cyl_2pulses_000111_E.png
Frame streamer_cyl_2pulses_000112
Saving to output/frames/panels/streamer_cyl_2pulses_000112_ne.png
Saving to output/frames/panels/streamer_cyl_2pulses_000112_rho.png
Saving to output/frames/panels/streamer_cyl_2pulses_000112_E.png
Saving to output/frames/panels/streamer_cyl_2pulses_000112_phi.png
Frame streamer_cyl_2pulses_000113
Saving to output/frames/panels/streamer_cyl_2pulses_000113_ne.png
Saving to output/frames/panels/streamer_cyl_2pulses_000113_rho.png
Saving to output/frames/panels/streamer_cyl_2pulses_000113_E.png
Saving to output/frames/panels/streamer_cyl_2pulses_000113_phi.png
Frame streamer_cyl_2pulses_000114
Saving to output/frames/panels/streamer_cyl_2pulses_000114_E.png
Saving to output/frames/panels/streamer_cyl_2pulses_000114_rho.png
Saving to output/frames/panels/streamer_cyl_2pulses_000114_phi.png
Saving to output/frames/panels/streamer_cyl_2pulses_000114_ne.png
Frame streamer_cyl_2pulses_000115
Saving to output/frames/panels/streamer_cyl_2pulses_000115_ne.png
Saving to output/frames/panels/streamer_cyl_2pulses_000115_phi.png
Saving to output/frames/panels/streamer_cyl_2pulses_000115_E.png
Saving to output/frames/panels/streamer_cyl_2pulses_000115_rho.png
Frame streamer_cyl_2pulses_000116
Saving to output/frames/panels/streamer_cyl_2pulses_000116_ne.png
Saving to output/frames/panels/streamer_cyl_2pulses_000116_E.png
Saving to output/frames/panels/streamer_cyl_2pulses_000116_rho.png
Saving to output/frames/panels/streamer_cyl_2pulses_000116_phi.png
Frame streamer_cyl_2pulses_000117
Saving to output/frames/panels/streamer_cyl_2pulses_000117_ne.png
Saving to output/frames/panels/streamer_cyl_2pulses_000117_rho.png
Saving to output/frames/panels/streamer_cyl_2pulses_000117_phi.png
Saving to output/frames/panels/streamer_cyl_2pulses_000117_E.png
Frame streamer_cyl_2pulses_000118
Saving to output/frames/panels/streamer_cyl_2pulses_000118_phi.png
Saving to output/frames/panels/streamer_cyl_2pulses_000118_E.png
Saving to output/frames/panels/streamer_cyl_2pulses_000118_ne.png
Saving to output/frames/panels/streamer_cyl_2pulses_000118_rho.png
Frame streamer_cyl_2pulses_000119
Saving to output/frames/panels/streamer_cyl_2pulses_000119_ne.png
Saving to output/frames/panels/streamer_cyl_2pulses_000119_rho.png
Saving to output/frames/panels/streamer_cyl_2pulses_000119_E.png
Saving to output/frames/panels/streamer_cyl_2pulses_000119_phi.png
Frame streamer_cyl_2pulses_000120
Saving to output/frames/panels/streamer_cyl_2pulses_000120_rho.png
Saving to output/frames/panels/streamer_cyl_2pulses_000120_E.png
Saving to output/frames/panels/streamer_cyl_2pulses_000120_ne.png
Saving to output/frames/panels/streamer_cyl_2pulses_000120_phi.png
Frame streamer_cyl_2pulses_000121
Saving to output/frames/panels/streamer_cyl_2pulses_000121_ne.png
Saving to output/frames/panels/streamer_cyl_2pulses_000121_phi.png
Saving to output/frames/panels/streamer_cyl_2pulses_000121_rho.png
Saving to output/frames/panels/streamer_cyl_2pulses_000121_E.png
Frame streamer_cyl_2pulses_000122
Saving to output/frames/panels/streamer_cyl_2pulses_000122_rho.png
Saving to output/frames/panels/streamer_cyl_2pulses_000122_ne.png
Saving to output/frames/panels/streamer_cyl_2pulses_000122_phi.png
Saving to output/frames/panels/streamer_cyl_2pulses_000122_E.png
Frame streamer_cyl_2pulses_000123
Saving to output/frames/panels/streamer_cyl_2pulses_000123_rho.png
Saving to output/frames/panels/streamer_cyl_2pulses_000123_ne.png
Saving to output/frames/panels/streamer_cyl_2pulses_000123_E.png
Saving to output/frames/panels/streamer_cyl_2pulses_000123_phi.png
Frame streamer_cyl_2pulses_000124
Saving to output/frames/panels/streamer_cyl_2pulses_000124_ne.png
Saving to output/frames/panels/streamer_cyl_2pulses_000124_E.png
Saving to output/frames/panels/streamer_cyl_2pulses_000124_rho.png
Saving to output/frames/panels/streamer_cyl_2pulses_000124_phi.png
Frame streamer_cyl_2pulses_000125
Saving to output/frames/panels/streamer_cyl_2pulses_000125_E.png
Saving to output/frames/panels/streamer_cyl_2pulses_000125_rho.png
Saving to output/frames/panels/streamer_cyl_2pulses_000125_phi.png
Saving to output/frames/panels/streamer_cyl_2pulses_000125_ne.png
Frame streamer_cyl_2pulses_000126
Saving to output/frames/panels/streamer_cyl_2pulses_000126_ne.png
Saving to output/frames/panels/streamer_cyl_2pulses_000126_rho.png
Saving to output/frames/panels/streamer_cyl_2pulses_000126_E.png
Saving to output/frames/panels/streamer_cyl_2pulses_000126_phi.png
Frame streamer_cyl_2pulses_000127
Saving to output/frames/panels/streamer_cyl_2pulses_000127_rho.png
Saving to output/frames/panels/streamer_cyl_2pulses_000127_ne.png
Saving to output/frames/panels/streamer_cyl_2pulses_000127_E.png
Saving to output/frames/panels/streamer_cyl_2pulses_000127_phi.png
Frame streamer_cyl_2pulses_000128
Saving to output/frames/panels/streamer_cyl_2pulses_000128_ne.png
Saving to output/frames/panels/streamer_cyl_2pulses_000128_rho.png
Saving to output/frames/panels/streamer_cyl_2pulses_000128_E.png
Saving to output/frames/panels/streamer_cyl_2pulses_000128_phi.png
Frame streamer_cyl_2pulses_000129
Saving to output/frames/panels/streamer_cyl_2pulses_000129_rho.png
Saving to output/frames/panels/streamer_cyl_2pulses_000129_ne.png
Saving to output/frames/panels/streamer_cyl_2pulses_000129_E.png
Saving to output/frames/panels/streamer_cyl_2pulses_000129_phi.png
Frame streamer_cyl_2pulses_000130
Saving to output/frames/panels/streamer_cyl_2pulses_000130_E.png
Saving to output/frames/panels/streamer_cyl_2pulses_000130_phi.png
Saving to output/frames/panels/streamer_cyl_2pulses_000130_rho.png
Saving to output/frames/panels/streamer_cyl_2pulses_000130_ne.png
Frame streamer_cyl_2pulses_000131
Saving to output/frames/panels/streamer_cyl_2pulses_000131_E.png
Saving to output/frames/panels/streamer_cyl_2pulses_000131_ne.png
Saving to output/frames/panels/streamer_cyl_2pulses_000131_rho.png
Saving to output/frames/panels/streamer_cyl_2pulses_000131_phi.png
Frame streamer_cyl_2pulses_000132
Saving to output/frames/panels/streamer_cyl_2pulses_000132_ne.png
Saving to output/frames/panels/streamer_cyl_2pulses_000132_rho.png
Saving to output/frames/panels/streamer_cyl_2pulses_000132_E.png
Saving to output/frames/panels/streamer_cyl_2pulses_000132_phi.png
Frame streamer_cyl_2pulses_000133
Saving to output/frames/panels/streamer_cyl_2pulses_000133_E.png
Saving to output/frames/panels/streamer_cyl_2pulses_000133_phi.png
Saving to output/frames/panels/streamer_cyl_2pulses_000133_rho.png
Saving to output/frames/panels/streamer_cyl_2pulses_000133_ne.png
Frame streamer_cyl_2pulses_000134
Saving to output/frames/panels/streamer_cyl_2pulses_000134_ne.png
Saving to output/frames/panels/streamer_cyl_2pulses_000134_rho.png
Saving to output/frames/panels/streamer_cyl_2pulses_000134_E.png
Saving to output/frames/panels/streamer_cyl_2pulses_000134_phi.png
Frame streamer_cyl_2pulses_000135
Saving to output/frames/panels/streamer_cyl_2pulses_000135_ne.png
Saving to output/frames/panels/streamer_cyl_2pulses_000135_rho.png
Saving to output/frames/panels/streamer_cyl_2pulses_000135_E.png
Saving to output/frames/panels/streamer_cyl_2pulses_000135_phi.png
Frame streamer_cyl_2pulses_000136
Saving to output/frames/panels/streamer_cyl_2pulses_000136_rho.png
Saving to output/frames/panels/streamer_cyl_2pulses_000136_ne.png
Saving to output/frames/panels/streamer_cyl_2pulses_000136_phi.png
Saving to output/frames/panels/streamer_cyl_2pulses_000136_E.png
Frame streamer_cyl_2pulses_000137
Saving to output/frames/panels/streamer_cyl_2pulses_000137_rho.png
Saving to output/frames/panels/streamer_cyl_2pulses_000137_ne.png
Saving to output/frames/panels/streamer_cyl_2pulses_000137_phi.png
Saving to output/frames/panels/streamer_cyl_2pulses_000137_E.png
Frame streamer_cyl_2pulses_000138
Saving to output/frames/panels/streamer_cyl_2pulses_000138_ne.png
Saving to output/frames/panels/streamer_cyl_2pulses_000138_rho.png
Saving to output/frames/panels/streamer_cyl_2pulses_000138_E.png
Saving to output/frames/panels/streamer_cyl_2pulses_000138_phi.png
Frame streamer_cyl_2pulses_000139
Saving to output/frames/panels/streamer_cyl_2pulses_000139_ne.png
Saving to output/frames/panels/streamer_cyl_2pulses_000139_rho.png
Saving to output/frames/panels/streamer_cyl_2pulses_000139_phi.png
Saving to output/frames/panels/streamer_cyl_2pulses_000139_E.png
Frame streamer_cyl_2pulses_000140
Saving to output/frames/panels/streamer_cyl_2pulses_000140_E.png
Saving to output/frames/panels/streamer_cyl_2pulses_000140_rho.png
Saving to output/frames/panels/streamer_cyl_2pulses_000140_ne.png
Saving to output/frames/panels/streamer_cyl_2pulses_000140_phi.png
Frame streamer_cyl_2pulses_000141
Saving to output/frames/panels/streamer_cyl_2pulses_000141_rho.png
Saving to output/frames/panels/streamer_cyl_2pulses_000141_phi.png
Saving to output/frames/panels/streamer_cyl_2pulses_000141_ne.png
Saving to output/frames/panels/streamer_cyl_2pulses_000141_E.png
Frame streamer_cyl_2pulses_000142
Saving to output/frames/panels/streamer_cyl_2pulses_000142_ne.png
Saving to output/frames/panels/streamer_cyl_2pulses_000142_rho.png
Saving to output/frames/panels/streamer_cyl_2pulses_000142_phi.png
Saving to output/frames/panels/streamer_cyl_2pulses_000142_E.png
Frame streamer_cyl_2pulses_000143
Saving to output/frames/panels/streamer_cyl_2pulses_000143_rho.png
Saving to output/frames/panels/streamer_cyl_2pulses_000143_ne.png
Saving to output/frames/panels/streamer_cyl_2pulses_000143_phi.png
Saving to output/frames/panels/streamer_cyl_2pulses_000143_E.png
Frame streamer_cyl_2pulses_000144
Saving to output/frames/panels/streamer_cyl_2pulses_000144_E.png
Saving to output/frames/panels/streamer_cyl_2pulses_000144_ne.png
Saving to output/frames/panels/streamer_cyl_2pulses_000144_rho.png
Saving to output/frames/panels/streamer_cyl_2pulses_000144_phi.png
Frame streamer_cyl_2pulses_000145
Saving to output/frames/panels/streamer_cyl_2pulses_000145_E.png
Saving to output/frames/panels/streamer_cyl_2pulses_000145_rho.png
Saving to output/frames/panels/streamer_cyl_2pulses_000145_phi.png
Saving to output/frames/panels/streamer_cyl_2pulses_000145_ne.png
Frame streamer_cyl_2pulses_000146
Saving to output/frames/panels/streamer_cyl_2pulses_000146_E.png
Saving to output/frames/panels/streamer_cyl_2pulses_000146_ne.png
Saving to output/frames/panels/streamer_cyl_2pulses_000146_phi.png
Saving to output/frames/panels/streamer_cyl_2pulses_000146_rho.png
Frame streamer_cyl_2pulses_000147
Saving to output/frames/panels/streamer_cyl_2pulses_000147_ne.png
Saving to output/frames/panels/streamer_cyl_2pulses_000147_rho.png
Saving to output/frames/panels/streamer_cyl_2pulses_000147_E.png
Saving to output/frames/panels/streamer_cyl_2pulses_000147_phi.png
Frame streamer_cyl_2pulses_000148
Saving to output/frames/panels/streamer_cyl_2pulses_000148_rho.png
Saving to output/frames/panels/streamer_cyl_2pulses_000148_ne.png
Saving to output/frames/panels/streamer_cyl_2pulses_000148_phi.png
Saving to output/frames/panels/streamer_cyl_2pulses_000148_E.png
Frame streamer_cyl_2pulses_000149
Saving to output/frames/panels/streamer_cyl_2pulses_000149_ne.png
Saving to output/frames/panels/streamer_cyl_2pulses_000149_E.png
Saving to output/frames/panels/streamer_cyl_2pulses_000149_rho.png
Saving to output/frames/panels/streamer_cyl_2pulses_000149_phi.png
Frame streamer_cyl_2pulses_000150
Saving to output/frames/panels/streamer_cyl_2pulses_000150_ne.png
Saving to output/frames/panels/streamer_cyl_2pulses_000150_E.png
Saving to output/frames/panels/streamer_cyl_2pulses_000150_rho.png
Saving to output/frames/panels/streamer_cyl_2pulses_000150_phi.png
Frame streamer_cyl_2pulses_000151
Saving to output/frames/panels/streamer_cyl_2pulses_000151_ne.png
Saving to output/frames/panels/streamer_cyl_2pulses_000151_rho.png
Saving to output/frames/panels/streamer_cyl_2pulses_000151_E.png
Saving to output/frames/panels/streamer_cyl_2pulses_000151_phi.png
Frame streamer_cyl_2pulses_000152
Saving to output/frames/panels/streamer_cyl_2pulses_000152_ne.png
Saving to output/frames/panels/streamer_cyl_2pulses_000152_E.png
Saving to output/frames/panels/streamer_cyl_2pulses_000152_phi.png
Saving to output/frames/panels/streamer_cyl_2pulses_000152_rho.png
Frame streamer_cyl_2pulses_000153
Saving to output/frames/panels/streamer_cyl_2pulses_000153_rho.png
Saving to output/frames/panels/streamer_cyl_2pulses_000153_E.png
Saving to output/frames/panels/streamer_cyl_2pulses_000153_ne.png
Saving to output/frames/panels/streamer_cyl_2pulses_000153_phi.png
Frame streamer_cyl_2pulses_000154
Saving to output/frames/panels/streamer_cyl_2pulses_000154_rho.png
Saving to output/frames/panels/streamer_cyl_2pulses_000154_ne.png
Saving to output/frames/panels/streamer_cyl_2pulses_000154_E.png
Saving to output/frames/panels/streamer_cyl_2pulses_000154_phi.png
Frame streamer_cyl_2pulses_000155
Saving to output/frames/panels/streamer_cyl_2pulses_000155_ne.png
Saving to output/frames/panels/streamer_cyl_2pulses_000155_E.png
Saving to output/frames/panels/streamer_cyl_2pulses_000155_rho.png
Saving to output/frames/panels/streamer_cyl_2pulses_000155_phi.png
Frame streamer_cyl_2pulses_000156
Saving to output/frames/panels/streamer_cyl_2pulses_000156_rho.png
Saving to output/frames/panels/streamer_cyl_2pulses_000156_ne.png
Saving to output/frames/panels/streamer_cyl_2pulses_000156_E.png
Saving to output/frames/panels/streamer_cyl_2pulses_000156_phi.png
Frame streamer_cyl_2pulses_000157
Saving to output/frames/panels/streamer_cyl_2pulses_000157_rho.png
Saving to output/frames/panels/streamer_cyl_2pulses_000157_E.png
Saving to output/frames/panels/streamer_cyl_2pulses_000157_ne.png
Saving to output/frames/panels/streamer_cyl_2pulses_000157_phi.png
Frame streamer_cyl_2pulses_000158
Saving to output/frames/panels/streamer_cyl_2pulses_000158_E.png
Saving to output/frames/panels/streamer_cyl_2pulses_000158_rho.png
Saving to output/frames/panels/streamer_cyl_2pulses_000158_phi.png
Saving to output/frames/panels/streamer_cyl_2pulses_000158_ne.png
Frame streamer_cyl_2pulses_000159
Saving to output/frames/panels/streamer_cyl_2pulses_000159_E.png
Saving to output/frames/panels/streamer_cyl_2pulses_000159_phi.png
Saving to output/frames/panels/streamer_cyl_2pulses_000159_ne.png
Saving to output/frames/panels/streamer_cyl_2pulses_000159_rho.png
Frame streamer_cyl_2pulses_000160
Saving to output/frames/panels/streamer_cyl_2pulses_000160_rho.png
Saving to output/frames/panels/streamer_cyl_2pulses_000160_ne.png
Saving to output/frames/panels/streamer_cyl_2pulses_000160_phi.png
Saving to output/frames/panels/streamer_cyl_2pulses_000160_E.png
Frame streamer_cyl_2pulses_000161
Saving to output/frames/panels/streamer_cyl_2pulses_000161_rho.png
Saving to output/frames/panels/streamer_cyl_2pulses_000161_ne.png
Saving to output/frames/panels/streamer_cyl_2pulses_000161_phi.png
Saving to output/frames/panels/streamer_cyl_2pulses_000161_E.png
Frame streamer_cyl_2pulses_000162
Saving to output/frames/panels/streamer_cyl_2pulses_000162_rho.png
Saving to output/frames/panels/streamer_cyl_2pulses_000162_ne.png
Saving to output/frames/panels/streamer_cyl_2pulses_000162_E.png
Saving to output/frames/panels/streamer_cyl_2pulses_000162_phi.png
Frame streamer_cyl_2pulses_000163
Saving to output/frames/panels/streamer_cyl_2pulses_000163_E.png
Saving to output/frames/panels/streamer_cyl_2pulses_000163_ne.png
Saving to output/frames/panels/streamer_cyl_2pulses_000163_rho.png
Saving to output/frames/panels/streamer_cyl_2pulses_000163_phi.png
Frame streamer_cyl_2pulses_000164
Saving to output/frames/panels/streamer_cyl_2pulses_000164_rho.png
Saving to output/frames/panels/streamer_cyl_2pulses_000164_ne.png
Saving to output/frames/panels/streamer_cyl_2pulses_000164_phi.png
Saving to output/frames/panels/streamer_cyl_2pulses_000164_E.png
Frame streamer_cyl_2pulses_000165
Saving to output/frames/panels/streamer_cyl_2pulses_000165_phi.png
Saving to output/frames/panels/streamer_cyl_2pulses_000165_E.png
Saving to output/frames/panels/streamer_cyl_2pulses_000165_rho.png
Saving to output/frames/panels/streamer_cyl_2pulses_000165_ne.png
Frame streamer_cyl_2pulses_000166
Saving to output/frames/panels/streamer_cyl_2pulses_000166_phi.png
Saving to output/frames/panels/streamer_cyl_2pulses_000166_ne.png
Saving to output/frames/panels/streamer_cyl_2pulses_000166_rho.png
Saving to output/frames/panels/streamer_cyl_2pulses_000166_E.png
Frame streamer_cyl_2pulses_000167
Saving to output/frames/panels/streamer_cyl_2pulses_000167_rho.png
Saving to output/frames/panels/streamer_cyl_2pulses_000167_E.png
Saving to output/frames/panels/streamer_cyl_2pulses_000167_phi.png
Saving to output/frames/panels/streamer_cyl_2pulses_000167_ne.png
Frame streamer_cyl_2pulses_000168
Saving to output/frames/panels/streamer_cyl_2pulses_000168_ne.png
Saving to output/frames/panels/streamer_cyl_2pulses_000168_rho.png
Saving to output/frames/panels/streamer_cyl_2pulses_000168_phi.png
Saving to output/frames/panels/streamer_cyl_2pulses_000168_E.png
Frame streamer_cyl_2pulses_000169
Saving to output/frames/panels/streamer_cyl_2pulses_000169_rho.png
Saving to output/frames/panels/streamer_cyl_2pulses_000169_ne.png
Saving to output/frames/panels/streamer_cyl_2pulses_000169_E.png
Saving to output/frames/panels/streamer_cyl_2pulses_000169_phi.png
Frame streamer_cyl_2pulses_000170
Saving to output/frames/panels/streamer_cyl_2pulses_000170_phi.png
Saving to output/frames/panels/streamer_cyl_2pulses_000170_E.png
Saving to output/frames/panels/streamer_cyl_2pulses_000170_ne.png
Saving to output/frames/panels/streamer_cyl_2pulses_000170_rho.png
Frame streamer_cyl_2pulses_000171
Saving to output/frames/panels/streamer_cyl_2pulses_000171_ne.png
Saving to output/frames/panels/streamer_cyl_2pulses_000171_rho.png
Saving to output/frames/panels/streamer_cyl_2pulses_000171_phi.png
Saving to output/frames/panels/streamer_cyl_2pulses_000171_E.png
Frame streamer_cyl_2pulses_000172
Saving to output/frames/panels/streamer_cyl_2pulses_000172_rho.png
Saving to output/frames/panels/streamer_cyl_2pulses_000172_ne.png
Saving to output/frames/panels/streamer_cyl_2pulses_000172_E.png
Saving to output/frames/panels/streamer_cyl_2pulses_000172_phi.png
Frame streamer_cyl_2pulses_000173
Saving to output/frames/panels/streamer_cyl_2pulses_000173_ne.png
Saving to output/frames/panels/streamer_cyl_2pulses_000173_rho.png
Saving to output/frames/panels/streamer_cyl_2pulses_000173_E.png
Saving to output/frames/panels/streamer_cyl_2pulses_000173_phi.png
Frame streamer_cyl_2pulses_000174
Saving to output/frames/panels/streamer_cyl_2pulses_000174_rho.png
Saving to output/frames/panels/streamer_cyl_2pulses_000174_ne.png
Saving to output/frames/panels/streamer_cyl_2pulses_000174_E.png
Saving to output/frames/panels/streamer_cyl_2pulses_000174_phi.png
Frame streamer_cyl_2pulses_000175
Saving to output/frames/panels/streamer_cyl_2pulses_000175_E.png
Saving to output/frames/panels/streamer_cyl_2pulses_000175_ne.png
Saving to output/frames/panels/streamer_cyl_2pulses_000175_phi.png
Saving to output/frames/panels/streamer_cyl_2pulses_000175_rho.png
Frame streamer_cyl_2pulses_000176
Saving to output/frames/panels/streamer_cyl_2pulses_000176_ne.png
Saving to output/frames/panels/streamer_cyl_2pulses_000176_rho.png
Saving to output/frames/panels/streamer_cyl_2pulses_000176_E.png
Saving to output/frames/panels/streamer_cyl_2pulses_000176_phi.png
Frame streamer_cyl_2pulses_000177
Saving to output/frames/panels/streamer_cyl_2pulses_000177_ne.png
Saving to output/frames/panels/streamer_cyl_2pulses_000177_rho.png
Saving to output/frames/panels/streamer_cyl_2pulses_000177_E.png
Saving to output/frames/panels/streamer_cyl_2pulses_000177_phi.png
Frame streamer_cyl_2pulses_000178
Saving to output/frames/panels/streamer_cyl_2pulses_000178_ne.png
Saving to output/frames/panels/streamer_cyl_2pulses_000178_phi.png
Saving to output/frames/panels/streamer_cyl_2pulses_000178_rho.png
Saving to output/frames/panels/streamer_cyl_2pulses_000178_E.png
Frame streamer_cyl_2pulses_000179
Saving to output/frames/panels/streamer_cyl_2pulses_000179_ne.png
Saving to output/frames/panels/streamer_cyl_2pulses_000179_E.png
Saving to output/frames/panels/streamer_cyl_2pulses_000179_phi.png
Saving to output/frames/panels/streamer_cyl_2pulses_000179_rho.png
Frame streamer_cyl_2pulses_000180
Saving to output/frames/panels/streamer_cyl_2pulses_000180_rho.png
Saving to output/frames/panels/streamer_cyl_2pulses_000180_ne.png
Saving to output/frames/panels/streamer_cyl_2pulses_000180_phi.png
Saving to output/frames/panels/streamer_cyl_2pulses_000180_E.png
Frame streamer_cyl_2pulses_000181
Saving to output/frames/panels/streamer_cyl_2pulses_000181_E.png
Saving to output/frames/panels/streamer_cyl_2pulses_000181_ne.png
Saving to output/frames/panels/streamer_cyl_2pulses_000181_phi.png
Saving to output/frames/panels/streamer_cyl_2pulses_000181_rho.png
Frame streamer_cyl_2pulses_000182
Saving to output/frames/panels/streamer_cyl_2pulses_000182_rho.png
Saving to output/frames/panels/streamer_cyl_2pulses_000182_E.png
Saving to output/frames/panels/streamer_cyl_2pulses_000182_ne.png
Saving to output/frames/panels/streamer_cyl_2pulses_000182_phi.png
Frame streamer_cyl_2pulses_000183
Saving to output/frames/panels/streamer_cyl_2pulses_000183_ne.png
Saving to output/frames/panels/streamer_cyl_2pulses_000183_rho.png
Saving to output/frames/panels/streamer_cyl_2pulses_000183_phi.png
Saving to output/frames/panels/streamer_cyl_2pulses_000183_E.png
Frame streamer_cyl_2pulses_000184
Saving to output/frames/panels/streamer_cyl_2pulses_000184_ne.png
Saving to output/frames/panels/streamer_cyl_2pulses_000184_rho.png
Saving to output/frames/panels/streamer_cyl_2pulses_000184_E.png
Saving to output/frames/panels/streamer_cyl_2pulses_000184_phi.png
Frame streamer_cyl_2pulses_000185
Saving to output/frames/panels/streamer_cyl_2pulses_000185_rho.png
Saving to output/frames/panels/streamer_cyl_2pulses_000185_ne.png
Saving to output/frames/panels/streamer_cyl_2pulses_000185_E.png
Saving to output/frames/panels/streamer_cyl_2pulses_000185_phi.png
Frame streamer_cyl_2pulses_000186
Saving to output/frames/panels/streamer_cyl_2pulses_000186_rho.png
Saving to output/frames/panels/streamer_cyl_2pulses_000186_phi.png
Saving to output/frames/panels/streamer_cyl_2pulses_000186_ne.png
Saving to output/frames/panels/streamer_cyl_2pulses_000186_E.png
Frame streamer_cyl_2pulses_000187
Saving to output/frames/panels/streamer_cyl_2pulses_000187_ne.png
Saving to output/frames/panels/streamer_cyl_2pulses_000187_rho.png
Saving to output/frames/panels/streamer_cyl_2pulses_000187_E.png
Saving to output/frames/panels/streamer_cyl_2pulses_000187_phi.png
Frame streamer_cyl_2pulses_000188
Saving to output/frames/panels/streamer_cyl_2pulses_000188_ne.png
Saving to output/frames/panels/streamer_cyl_2pulses_000188_rho.png
Saving to output/frames/panels/streamer_cyl_2pulses_000188_phi.png
Saving to output/frames/panels/streamer_cyl_2pulses_000188_E.png
Frame streamer_cyl_2pulses_000189
Saving to output/frames/panels/streamer_cyl_2pulses_000189_ne.png
Saving to output/frames/panels/streamer_cyl_2pulses_000189_rho.png
Saving to output/frames/panels/streamer_cyl_2pulses_000189_E.png
Saving to output/frames/panels/streamer_cyl_2pulses_000189_phi.png
Frame streamer_cyl_2pulses_000190
Saving to output/frames/panels/streamer_cyl_2pulses_000190_rho.png
Saving to output/frames/panels/streamer_cyl_2pulses_000190_ne.png
Saving to output/frames/panels/streamer_cyl_2pulses_000190_phi.png
Saving to output/frames/panels/streamer_cyl_2pulses_000190_E.png
Frame streamer_cyl_2pulses_000191
Saving to output/frames/panels/streamer_cyl_2pulses_000191_phi.png
Saving to output/frames/panels/streamer_cyl_2pulses_000191_E.png
Saving to output/frames/panels/streamer_cyl_2pulses_000191_rho.png
Saving to output/frames/panels/streamer_cyl_2pulses_000191_ne.png
Frame streamer_cyl_2pulses_000192
Saving to output/frames/panels/streamer_cyl_2pulses_000192_phi.png
Saving to output/frames/panels/streamer_cyl_2pulses_000192_ne.png
Saving to output/frames/panels/streamer_cyl_2pulses_000192_rho.png
Saving to output/frames/panels/streamer_cyl_2pulses_000192_E.png
Frame streamer_cyl_2pulses_000193
Saving to output/frames/panels/streamer_cyl_2pulses_000193_ne.png
Saving to output/frames/panels/streamer_cyl_2pulses_000193_rho.png
Saving to output/frames/panels/streamer_cyl_2pulses_000193_E.png
Saving to output/frames/panels/streamer_cyl_2pulses_000193_phi.png
Frame streamer_cyl_2pulses_000194
Saving to output/frames/panels/streamer_cyl_2pulses_000194_rho.png
Saving to output/frames/panels/streamer_cyl_2pulses_000194_ne.png
Saving to output/frames/panels/streamer_cyl_2pulses_000194_phi.png
Saving to output/frames/panels/streamer_cyl_2pulses_000194_E.png
Frame streamer_cyl_2pulses_000195
Saving to output/frames/panels/streamer_cyl_2pulses_000195_ne.png
Saving to output/frames/panels/streamer_cyl_2pulses_000195_E.png
Saving to output/frames/panels/streamer_cyl_2pulses_000195_phi.png
Saving to output/frames/panels/streamer_cyl_2pulses_000195_rho.png
Frame streamer_cyl_2pulses_000196
Saving to output/frames/panels/streamer_cyl_2pulses_000196_rho.png
Saving to output/frames/panels/streamer_cyl_2pulses_000196_phi.png
Saving to output/frames/panels/streamer_cyl_2pulses_000196_ne.png
Saving to output/frames/panels/streamer_cyl_2pulses_000196_E.png
Frame streamer_cyl_2pulses_000197
Saving to output/frames/panels/streamer_cyl_2pulses_000197_phi.png
Saving to output/frames/panels/streamer_cyl_2pulses_000197_ne.png
Saving to output/frames/panels/streamer_cyl_2pulses_000197_E.png
Saving to output/frames/panels/streamer_cyl_2pulses_000197_rho.png
Frame streamer_cyl_2pulses_000198
Saving to output/frames/panels/streamer_cyl_2pulses_000198_rho.png
Saving to output/frames/panels/streamer_cyl_2pulses_000198_phi.png
Saving to output/frames/panels/streamer_cyl_2pulses_000198_E.png
Saving to output/frames/panels/streamer_cyl_2pulses_000198_ne.png
Frame streamer_cyl_2pulses_000199
Saving to output/frames/panels/streamer_cyl_2pulses_000199_ne.png
Saving to output/frames/panels/streamer_cyl_2pulses_000199_rho.png
Saving to output/frames/panels/streamer_cyl_2pulses_000199_E.png
Saving to output/frames/panels/streamer_cyl_2pulses_000199_phi.png
Frame streamer_cyl_2pulses_000200
Saving to output/frames/panels/streamer_cyl_2pulses_000200_ne.png
Saving to output/frames/panels/streamer_cyl_2pulses_000200_E.png
Saving to output/frames/panels/streamer_cyl_2pulses_000200_rho.png
Saving to output/frames/panels/streamer_cyl_2pulses_000200_phi.png

Done.
Frames: output/frames/*.png
ffmpeg version 6.1.1-3ubuntu5 Copyright (c) 2000-2023 the FFmpeg developers
  built with gcc 13 (Ubuntu 13.2.0-23ubuntu3)
  configuration: --prefix=/usr --extra-version=3ubuntu5 --toolchain=hardened --libdir=/usr/lib/x86_64-linux-gnu --incdir=/usr/include/x86_64-linux-gnu --arch=amd64 --enable-gpl --disable-stripping --disable-omx --enable-gnutls --enable-libaom --enable-libass --enable-libbs2b --enable-libcaca --enable-libcdio --enable-libcodec2 --enable-libdav1d --enable-libflite --enable-libfontconfig --enable-libfreetype --enable-libfribidi --enable-libglslang --enable-libgme --enable-libgsm --enable-libharfbuzz --enable-libmp3lame --enable-libmysofa --enable-libopenjpeg --enable-libopenmpt --enable-libopus --enable-librubberband --enable-libshine --enable-libsnappy --enable-libsoxr --enable-libspeex --enable-libtheora --enable-libtwolame --enable-libvidstab --enable-libvorbis --enable-libvpx --enable-libwebp --enable-libx265 --enable-libxml2 --enable-libxvid --enable-libzimg --enable-openal --enable-opencl --enable-opengl --disable-sndio --enable-libvpl --disable-libmfx --enable-libdc1394 --enable-libdrm --enable-libiec61883 --enable-chromaprint --enable-frei0r --enable-ladspa --enable-libbluray --enable-libjack --enable-libpulse --enable-librabbitmq --enable-librist --enable-libsrt --enable-libssh --enable-libsvtav1 --enable-libx264 --enable-libzmq --enable-libzvbi --enable-lv2 --enable-sdl2 --enable-libplacebo --enable-librav1e --enable-pocketsphinx --enable-librsvg --enable-libjxl --enable-shared
  libavutil      58. 29.100 / 58. 29.100
  libavcodec     60. 31.102 / 60. 31.102
  libavformat    60. 16.100 / 60. 16.100
  libavdevice    60.  3.100 / 60.  3.100
  libavfilter     9. 12.100 /  9. 12.100
  libswscale      7.  5.100 /  7.  5.100
  libswresample   4. 12.100 /  4. 12.100
  libpostproc    57.  3.100 / 57.  3.100
Input #0, image2, from 'output/frames/*.png':
  Duration: 00:00:06.70, start: 0.000000, bitrate: N/A
  Stream #0:0: Video: png, rgb24(pc, gbr/bt709/unknown), 2180x1746, 30 fps, 30 tbr, 30 tbn
Stream mapping:
  Stream #0:0 -> #0:0 (png (native) -> h264 (libx264))
Press [q] to stop, [?] for help
[libx264 @ 0x61970d777900] using cpu capabilities: MMX2 SSE2Fast SSSE3 SSE4.2 AVX FMA3 BMI2 AVX2 AVX512
[libx264 @ 0x61970d777900] profile High, level 5.0, 4:2:0, 8-bit
[libx264 @ 0x61970d777900] 264 - core 164 r3108 31e19f9 - H.264/MPEG-4 AVC codec - Copyleft 2003-2023 - http://www.videolan.org/x264.html - options: cabac=1 ref=3 deblock=1:0:0 analyse=0x3:0x113 me=hex subme=7 psy=1 psy_rd=1.00:0.00 mixed_ref=1 me_range=16 chroma_me=1 trellis=1 8x8dct=1 cqm=0 deadzone=21,11 fast_pskip=1 chroma_qp_offset=-2 threads=55 lookahead_threads=9 sliced_threads=0 nr=0 decimate=1 interlaced=0 bluray_compat=0 constrained_intra=0 bframes=3 b_pyramid=2 b_adapt=1 b_bias=0 direct=1 weightb=1 open_gop=0 weightp=2 keyint=250 keyint_min=25 scenecut=40 intra_refresh=0 rc_lookahead=40 rc=crf mbtree=1 crf=18.0 qcomp=0.60 qpmin=0 qpmax=69 qpstep=4 ip_ratio=1.40 aq=1:1.00
Output #0, mp4, to 'output/frames/movie.mp4':
  Metadata:
    encoder         : Lavf60.16.100
  Stream #0:0: Video: h264 (avc1 / 0x31637661), yuv420p(tv, unknown/bt709/unknown, progressive), 2180x1746, q=2-31, 30 fps, 15360 tbn
    Metadata:
      encoder         : Lavc60.31.102 libx264
    Side data:
      cpb: bitrate max/min/avg: 0/0/0 buffer size: 0 vbv_delay: N/A
frame=    0 fps=0.0 q=0.0 size=       0kB time=N/A bitrate=N/A speed=N/A    frame=    0 fps=0.0 q=0.0 size=       0kB time=N/A bitrate=N/A speed=N/A    frame=    0 fps=0.0 q=0.0 size=       0kB time=N/A bitrate=N/A speed=N/A    frame=    0 fps=0.0 q=0.0 size=       0kB time=N/A bitrate=N/A speed=N/A    frame=    0 fps=0.0 q=0.0 size=       0kB time=N/A bitrate=N/A speed=N/A    frame=    0 fps=0.0 q=0.0 size=       0kB time=N/A bitrate=N/A speed=N/A    frame=    0 fps=0.0 q=0.0 size=       0kB time=N/A bitrate=N/A speed=N/A    frame=    0 fps=0.0 q=0.0 size=       0kB time=N/A bitrate=N/A speed=N/A    frame=    0 fps=0.0 q=0.0 size=       0kB time=N/A bitrate=N/A speed=N/A    frame=    0 fps=0.0 q=0.0 size=       0kB time=N/A bitrate=N/A speed=N/A    frame=    0 fps=0.0 q=0.0 size=       0kB time=N/A bitrate=N/A speed=N/A    frame=    5 fps=0.8 q=24.0 size=       0kB time=00:00:00.10 bitrate=   3.8kbits/s speed=0.0162x    frame=   10 fps=1.5 q=24.0 size=     256kB time=00:00:00.26 bitrate=7865.8kbits/s speed=0.0394x    frame=   24 fps=3.3 q=24.0 size=     256kB time=00:00:00.73 bitrate=2860.3kbits/s speed= 0.1x    frame=   43 fps=5.5 q=24.0 size=     512kB time=00:00:01.36 bitrate=3069.3kbits/s speed=0.174x    frame=   52 fps=6.2 q=24.0 size=     768kB time=00:00:01.66 bitrate=3775.1kbits/s speed=0.199x    frame=   65 fps=7.3 q=24.0 size=     768kB time=00:00:02.10 bitrate=2996.1kbits/s speed=0.236x    frame=  101 fps= 11 q=24.0 size=    1280kB time=00:00:03.30 bitrate=3177.6kbits/s speed=0.348x    [out#0/mp4 @ 0x61970d773700] video:2667kB audio:0kB subtitle:0kB other streams:0kB global headers:0kB muxing overhead: 0.108582%
frame=  201 fps= 18 q=-1.0 Lsize=    2670kB time=00:00:06.60 bitrate=3313.5kbits/s speed=0.594x    
[libx264 @ 0x61970d777900] frame I:1     Avg QP:18.70  size: 74508
[libx264 @ 0x61970d777900] frame P:98    Avg QP:17.83  size: 17411
[libx264 @ 0x61970d777900] frame B:102   Avg QP:17.31  size:  9305
[libx264 @ 0x61970d777900] consecutive B-frames: 24.4% 15.9% 23.9% 35.8%
[libx264 @ 0x61970d777900] mb I  I16..4: 32.5% 57.2% 10.4%
[libx264 @ 0x61970d777900] mb P  I16..4:  6.0% 21.5%  0.9%  P16..4:  7.4%  1.7%  0.7%  0.0%  0.0%    skip:61.8%
[libx264 @ 0x61970d777900] mb B  I16..4:  2.6%  3.6%  0.4%  B16..8: 11.6%  1.1%  0.1%  direct: 8.4%  skip:72.1%  L0:56.2% L1:41.6% BI: 2.2%
[libx264 @ 0x61970d777900] 8x8 transform intra:71.2% inter:60.6%
[libx264 @ 0x61970d777900] coded y,uvDC,uvAC intra: 3.6% 11.4% 4.7% inter: 1.4% 7.0% 0.3%
[libx264 @ 0x61970d777900] i16 v,h,dc,p: 66% 25%  1%  8%
[libx264 @ 0x61970d777900] i8 v,h,dc,ddl,ddr,vr,hd,vl,hu: 63%  6% 27%  1%  1%  1%  1%  0%  0%
[libx264 @ 0x61970d777900] i4 v,h,dc,ddl,ddr,vr,hd,vl,hu: 40% 21% 23%  2%  3%  3%  3%  4%  2%
[libx264 @ 0x61970d777900] i8c dc,h,v,p: 75% 10% 12%  3%
[libx264 @ 0x61970d777900] Weighted P-Frames: Y:0.0% UV:0.0%
[libx264 @ 0x61970d777900] ref P L0: 70.5%  2.8% 19.1%  7.6%
[libx264 @ 0x61970d777900] ref B L0: 78.7% 17.4%  3.9%
[libx264 @ 0x61970d777900] ref B L1: 97.6%  2.4%
[libx264 @ 0x61970d777900] kb/s:3259.67
Saved output/frames/movie.mp4
Found 201 silo files.
Using variables: phi=phi  E=electric_fld  ne=e  rho=rhs
Writing frames to output/frames/

Frame streamer_cyl_2pulses_000000
Saving to output/frames/panels/streamer_cyl_2pulses_000000_ne.png
Saving to output/frames/panels/streamer_cyl_2pulses_000000_phi.png
Saving to output/frames/panels/streamer_cyl_2pulses_000000_rho.png
Saving to output/frames/panels/streamer_cyl_2pulses_000000_E.png
Frame streamer_cyl_2pulses_000001
Saving to output/frames/panels/streamer_cyl_2pulses_000001_E.png
Saving to output/frames/panels/streamer_cyl_2pulses_000001_rho.png
Saving to output/frames/panels/streamer_cyl_2pulses_000001_ne.png
Saving to output/frames/panels/streamer_cyl_2pulses_000001_phi.png
Frame streamer_cyl_2pulses_000002
Saving to output/frames/panels/streamer_cyl_2pulses_000002_ne.png
Saving to output/frames/panels/streamer_cyl_2pulses_000002_E.png
Saving to output/frames/panels/streamer_cyl_2pulses_000002_phi.png
Saving to output/frames/panels/streamer_cyl_2pulses_000002_rho.png
Frame streamer_cyl_2pulses_000003
Saving to output/frames/panels/streamer_cyl_2pulses_000003_phi.png
Saving to output/frames/panels/streamer_cyl_2pulses_000003_rho.png
Saving to output/frames/panels/streamer_cyl_2pulses_000003_E.png
Saving to output/frames/panels/streamer_cyl_2pulses_000003_ne.png
Frame streamer_cyl_2pulses_000004
Saving to output/frames/panels/streamer_cyl_2pulses_000004_ne.png
Saving to output/frames/panels/streamer_cyl_2pulses_000004_rho.png
Saving to output/frames/panels/streamer_cyl_2pulses_000004_phi.png
Saving to output/frames/panels/streamer_cyl_2pulses_000004_E.png
Frame streamer_cyl_2pulses_000005
Saving to output/frames/panels/streamer_cyl_2pulses_000005_E.png
Saving to output/frames/panels/streamer_cyl_2pulses_000005_rho.png
Saving to output/frames/panels/streamer_cyl_2pulses_000005_phi.png
Saving to output/frames/panels/streamer_cyl_2pulses_000005_ne.png
Frame streamer_cyl_2pulses_000006
Saving to output/frames/panels/streamer_cyl_2pulses_000006_rho.png
Saving to output/frames/panels/streamer_cyl_2pulses_000006_ne.png
Saving to output/frames/panels/streamer_cyl_2pulses_000006_E.png
Saving to output/frames/panels/streamer_cyl_2pulses_000006_phi.png
Frame streamer_cyl_2pulses_000007
Saving to output/frames/panels/streamer_cyl_2pulses_000007_phi.png
Saving to output/frames/panels/streamer_cyl_2pulses_000007_ne.png
Saving to output/frames/panels/streamer_cyl_2pulses_000007_rho.png
Saving to output/frames/panels/streamer_cyl_2pulses_000007_E.png
Frame streamer_cyl_2pulses_000008
Saving to output/frames/panels/streamer_cyl_2pulses_000008_ne.png
Saving to output/frames/panels/streamer_cyl_2pulses_000008_rho.png
Saving to output/frames/panels/streamer_cyl_2pulses_000008_phi.png
Saving to output/frames/panels/streamer_cyl_2pulses_000008_E.png
Frame streamer_cyl_2pulses_000009
Saving to output/frames/panels/streamer_cyl_2pulses_000009_phi.png
Saving to output/frames/panels/streamer_cyl_2pulses_000009_E.png
Saving to output/frames/panels/streamer_cyl_2pulses_000009_ne.png
Saving to output/frames/panels/streamer_cyl_2pulses_000009_rho.png
Frame streamer_cyl_2pulses_000010
Saving to output/frames/panels/streamer_cyl_2pulses_000010_ne.png
Saving to output/frames/panels/streamer_cyl_2pulses_000010_E.png
Saving to output/frames/panels/streamer_cyl_2pulses_000010_phi.png
Saving to output/frames/panels/streamer_cyl_2pulses_000010_rho.png
Frame streamer_cyl_2pulses_000011
Saving to output/frames/panels/streamer_cyl_2pulses_000011_E.png
Saving to output/frames/panels/streamer_cyl_2pulses_000011_phi.png
Saving to output/frames/panels/streamer_cyl_2pulses_000011_ne.png
Saving to output/frames/panels/streamer_cyl_2pulses_000011_rho.png
Frame streamer_cyl_2pulses_000012
Saving to output/frames/panels/streamer_cyl_2pulses_000012_rho.png
Saving to output/frames/panels/streamer_cyl_2pulses_000012_ne.png
Saving to output/frames/panels/streamer_cyl_2pulses_000012_E.png
Saving to output/frames/panels/streamer_cyl_2pulses_000012_phi.png
Frame streamer_cyl_2pulses_000013
Saving to output/frames/panels/streamer_cyl_2pulses_000013_ne.png
Saving to output/frames/panels/streamer_cyl_2pulses_000013_phi.png
Saving to output/frames/panels/streamer_cyl_2pulses_000013_E.png
Saving to output/frames/panels/streamer_cyl_2pulses_000013_rho.png
Frame streamer_cyl_2pulses_000014
Saving to output/frames/panels/streamer_cyl_2pulses_000014_ne.png
Saving to output/frames/panels/streamer_cyl_2pulses_000014_phi.png
Saving to output/frames/panels/streamer_cyl_2pulses_000014_rho.png
Saving to output/frames/panels/streamer_cyl_2pulses_000014_E.png
Frame streamer_cyl_2pulses_000015
Saving to output/frames/panels/streamer_cyl_2pulses_000015_rho.png
Saving to output/frames/panels/streamer_cyl_2pulses_000015_E.png
Saving to output/frames/panels/streamer_cyl_2pulses_000015_phi.png
Saving to output/frames/panels/streamer_cyl_2pulses_000015_ne.png
Frame streamer_cyl_2pulses_000016
Saving to output/frames/panels/streamer_cyl_2pulses_000016_rho.png
Saving to output/frames/panels/streamer_cyl_2pulses_000016_ne.png
Saving to output/frames/panels/streamer_cyl_2pulses_000016_E.png
Saving to output/frames/panels/streamer_cyl_2pulses_000016_phi.png
Frame streamer_cyl_2pulses_000017
Saving to output/frames/panels/streamer_cyl_2pulses_000017_E.png
Saving to output/frames/panels/streamer_cyl_2pulses_000017_rho.png
Saving to output/frames/panels/streamer_cyl_2pulses_000017_ne.png
Saving to output/frames/panels/streamer_cyl_2pulses_000017_phi.png
Frame streamer_cyl_2pulses_000018
Saving to output/frames/panels/streamer_cyl_2pulses_000018_rho.png
Saving to output/frames/panels/streamer_cyl_2pulses_000018_phi.png
Saving to output/frames/panels/streamer_cyl_2pulses_000018_ne.png
Saving to output/frames/panels/streamer_cyl_2pulses_000018_E.png
Frame streamer_cyl_2pulses_000019
Saving to output/frames/panels/streamer_cyl_2pulses_000019_ne.png
Saving to output/frames/panels/streamer_cyl_2pulses_000019_E.png
Saving to output/frames/panels/streamer_cyl_2pulses_000019_phi.png
Saving to output/frames/panels/streamer_cyl_2pulses_000019_rho.png
Frame streamer_cyl_2pulses_000020
Saving to output/frames/panels/streamer_cyl_2pulses_000020_phi.png
Saving to output/frames/panels/streamer_cyl_2pulses_000020_rho.png
Saving to output/frames/panels/streamer_cyl_2pulses_000020_E.png
Saving to output/frames/panels/streamer_cyl_2pulses_000020_ne.png
Frame streamer_cyl_2pulses_000021
Saving to output/frames/panels/streamer_cyl_2pulses_000021_E.png
Saving to output/frames/panels/streamer_cyl_2pulses_000021_phi.png
Saving to output/frames/panels/streamer_cyl_2pulses_000021_ne.png
Saving to output/frames/panels/streamer_cyl_2pulses_000021_rho.png
Frame streamer_cyl_2pulses_000022
Saving to output/frames/panels/streamer_cyl_2pulses_000022_rho.png
Saving to output/frames/panels/streamer_cyl_2pulses_000022_ne.png
Saving to output/frames/panels/streamer_cyl_2pulses_000022_phi.png
Saving to output/frames/panels/streamer_cyl_2pulses_000022_E.png
Frame streamer_cyl_2pulses_000023
Saving to output/frames/panels/streamer_cyl_2pulses_000023_E.png
Saving to output/frames/panels/streamer_cyl_2pulses_000023_rho.png
Saving to output/frames/panels/streamer_cyl_2pulses_000023_ne.png
Saving to output/frames/panels/streamer_cyl_2pulses_000023_phi.png
Frame streamer_cyl_2pulses_000024
Saving to output/frames/panels/streamer_cyl_2pulses_000024_ne.png
Saving to output/frames/panels/streamer_cyl_2pulses_000024_E.png
Saving to output/frames/panels/streamer_cyl_2pulses_000024_rho.png
Saving to output/frames/panels/streamer_cyl_2pulses_000024_phi.png
Frame streamer_cyl_2pulses_000025
Saving to output/frames/panels/streamer_cyl_2pulses_000025_phi.png
Saving to output/frames/panels/streamer_cyl_2pulses_000025_rho.png
Saving to output/frames/panels/streamer_cyl_2pulses_000025_ne.png
Saving to output/frames/panels/streamer_cyl_2pulses_000025_E.png
Frame streamer_cyl_2pulses_000026
Saving to output/frames/panels/streamer_cyl_2pulses_000026_rho.png
Saving to output/frames/panels/streamer_cyl_2pulses_000026_ne.png
Saving to output/frames/panels/streamer_cyl_2pulses_000026_phi.png
Saving to output/frames/panels/streamer_cyl_2pulses_000026_E.png
Frame streamer_cyl_2pulses_000027
Saving to output/frames/panels/streamer_cyl_2pulses_000027_rho.png
Saving to output/frames/panels/streamer_cyl_2pulses_000027_E.png
Saving to output/frames/panels/streamer_cyl_2pulses_000027_phi.png
Saving to output/frames/panels/streamer_cyl_2pulses_000027_ne.png
Frame streamer_cyl_2pulses_000028
Saving to output/frames/panels/streamer_cyl_2pulses_000028_ne.png
Saving to output/frames/panels/streamer_cyl_2pulses_000028_phi.png
Saving to output/frames/panels/streamer_cyl_2pulses_000028_rho.png
Saving to output/frames/panels/streamer_cyl_2pulses_000028_E.png
Frame streamer_cyl_2pulses_000029
Saving to output/frames/panels/streamer_cyl_2pulses_000029_rho.png
Saving to output/frames/panels/streamer_cyl_2pulses_000029_phi.png
Saving to output/frames/panels/streamer_cyl_2pulses_000029_ne.png
Saving to output/frames/panels/streamer_cyl_2pulses_000029_E.png
Frame streamer_cyl_2pulses_000030
Saving to output/frames/panels/streamer_cyl_2pulses_000030_ne.png
Saving to output/frames/panels/streamer_cyl_2pulses_000030_phi.png
Saving to output/frames/panels/streamer_cyl_2pulses_000030_rho.png
Saving to output/frames/panels/streamer_cyl_2pulses_000030_E.png
Frame streamer_cyl_2pulses_000031
Saving to output/frames/panels/streamer_cyl_2pulses_000031_ne.png
Saving to output/frames/panels/streamer_cyl_2pulses_000031_phi.png
Saving to output/frames/panels/streamer_cyl_2pulses_000031_rho.png
Saving to output/frames/panels/streamer_cyl_2pulses_000031_E.png
Frame streamer_cyl_2pulses_000032
Saving to output/frames/panels/streamer_cyl_2pulses_000032_E.png
Saving to output/frames/panels/streamer_cyl_2pulses_000032_ne.png
Saving to output/frames/panels/streamer_cyl_2pulses_000032_phi.png
Saving to output/frames/panels/streamer_cyl_2pulses_000032_rho.png
Frame streamer_cyl_2pulses_000033
Saving to output/frames/panels/streamer_cyl_2pulses_000033_ne.png
Saving to output/frames/panels/streamer_cyl_2pulses_000033_E.png
Saving to output/frames/panels/streamer_cyl_2pulses_000033_phi.png
Saving to output/frames/panels/streamer_cyl_2pulses_000033_rho.png
Frame streamer_cyl_2pulses_000034
Saving to output/frames/panels/streamer_cyl_2pulses_000034_ne.png
Saving to output/frames/panels/streamer_cyl_2pulses_000034_E.png
Saving to output/frames/panels/streamer_cyl_2pulses_000034_rho.png
Saving to output/frames/panels/streamer_cyl_2pulses_000034_phi.png
Frame streamer_cyl_2pulses_000035
Saving to output/frames/panels/streamer_cyl_2pulses_000035_ne.png
Saving to output/frames/panels/streamer_cyl_2pulses_000035_phi.png
Saving to output/frames/panels/streamer_cyl_2pulses_000035_rho.png
Saving to output/frames/panels/streamer_cyl_2pulses_000035_E.png
Frame streamer_cyl_2pulses_000036
Saving to output/frames/panels/streamer_cyl_2pulses_000036_E.png
Saving to output/frames/panels/streamer_cyl_2pulses_000036_phi.png
Saving to output/frames/panels/streamer_cyl_2pulses_000036_ne.png
Saving to output/frames/panels/streamer_cyl_2pulses_000036_rho.png
Frame streamer_cyl_2pulses_000037
Saving to output/frames/panels/streamer_cyl_2pulses_000037_E.png
Saving to output/frames/panels/streamer_cyl_2pulses_000037_phi.png
Saving to output/frames/panels/streamer_cyl_2pulses_000037_ne.png
Saving to output/frames/panels/streamer_cyl_2pulses_000037_rho.png
Frame streamer_cyl_2pulses_000038
Saving to output/frames/panels/streamer_cyl_2pulses_000038_phi.png
Saving to output/frames/panels/streamer_cyl_2pulses_000038_rho.png
Saving to output/frames/panels/streamer_cyl_2pulses_000038_ne.png
Saving to output/frames/panels/streamer_cyl_2pulses_000038_E.png
Frame streamer_cyl_2pulses_000039
Saving to output/frames/panels/streamer_cyl_2pulses_000039_phi.png
Saving to output/frames/panels/streamer_cyl_2pulses_000039_rho.png
Saving to output/frames/panels/streamer_cyl_2pulses_000039_E.png
Saving to output/frames/panels/streamer_cyl_2pulses_000039_ne.png
Frame streamer_cyl_2pulses_000040
Saving to output/frames/panels/streamer_cyl_2pulses_000040_phi.png
Saving to output/frames/panels/streamer_cyl_2pulses_000040_rho.png
Saving to output/frames/panels/streamer_cyl_2pulses_000040_E.png
Saving to output/frames/panels/streamer_cyl_2pulses_000040_ne.png
Frame streamer_cyl_2pulses_000041
Saving to output/frames/panels/streamer_cyl_2pulses_000041_ne.png
Saving to output/frames/panels/streamer_cyl_2pulses_000041_phi.png
Saving to output/frames/panels/streamer_cyl_2pulses_000041_E.png
Saving to output/frames/panels/streamer_cyl_2pulses_000041_rho.png
Frame streamer_cyl_2pulses_000042
Saving to output/frames/panels/streamer_cyl_2pulses_000042_ne.png
Saving to output/frames/panels/streamer_cyl_2pulses_000042_E.png
Saving to output/frames/panels/streamer_cyl_2pulses_000042_phi.png
Saving to output/frames/panels/streamer_cyl_2pulses_000042_rho.png
Frame streamer_cyl_2pulses_000043
Saving to output/frames/panels/streamer_cyl_2pulses_000043_ne.png
Saving to output/frames/panels/streamer_cyl_2pulses_000043_E.png
Saving to output/frames/panels/streamer_cyl_2pulses_000043_rho.png
Saving to output/frames/panels/streamer_cyl_2pulses_000043_phi.png
Frame streamer_cyl_2pulses_000044
Saving to output/frames/panels/streamer_cyl_2pulses_000044_ne.png
Saving to output/frames/panels/streamer_cyl_2pulses_000044_phi.png
Saving to output/frames/panels/streamer_cyl_2pulses_000044_E.png
Saving to output/frames/panels/streamer_cyl_2pulses_000044_rho.png
Frame streamer_cyl_2pulses_000045
Saving to output/frames/panels/streamer_cyl_2pulses_000045_ne.png
Saving to output/frames/panels/streamer_cyl_2pulses_000045_E.png
Saving to output/frames/panels/streamer_cyl_2pulses_000045_rho.png
Saving to output/frames/panels/streamer_cyl_2pulses_000045_phi.png
Frame streamer_cyl_2pulses_000046
Saving to output/frames/panels/streamer_cyl_2pulses_000046_ne.png
Saving to output/frames/panels/streamer_cyl_2pulses_000046_E.png
Saving to output/frames/panels/streamer_cyl_2pulses_000046_phi.png
Saving to output/frames/panels/streamer_cyl_2pulses_000046_rho.png
Frame streamer_cyl_2pulses_000047
Saving to output/frames/panels/streamer_cyl_2pulses_000047_ne.png
Saving to output/frames/panels/streamer_cyl_2pulses_000047_E.png
Saving to output/frames/panels/streamer_cyl_2pulses_000047_rho.png
Saving to output/frames/panels/streamer_cyl_2pulses_000047_phi.png
Frame streamer_cyl_2pulses_000048
Saving to output/frames/panels/streamer_cyl_2pulses_000048_phi.png
Saving to output/frames/panels/streamer_cyl_2pulses_000048_rho.png
Saving to output/frames/panels/streamer_cyl_2pulses_000048_ne.png
Saving to output/frames/panels/streamer_cyl_2pulses_000048_E.png
Frame streamer_cyl_2pulses_000049
Saving to output/frames/panels/streamer_cyl_2pulses_000049_rho.png
Saving to output/frames/panels/streamer_cyl_2pulses_000049_phi.png
Saving to output/frames/panels/streamer_cyl_2pulses_000049_ne.png
Saving to output/frames/panels/streamer_cyl_2pulses_000049_E.png
Frame streamer_cyl_2pulses_000050
Saving to output/frames/panels/streamer_cyl_2pulses_000050_phi.png
Saving to output/frames/panels/streamer_cyl_2pulses_000050_rho.png
Saving to output/frames/panels/streamer_cyl_2pulses_000050_E.png
Saving to output/frames/panels/streamer_cyl_2pulses_000050_ne.png
Frame streamer_cyl_2pulses_000051
Saving to output/frames/panels/streamer_cyl_2pulses_000051_E.png
Saving to output/frames/panels/streamer_cyl_2pulses_000051_ne.png
Saving to output/frames/panels/streamer_cyl_2pulses_000051_rho.png
Saving to output/frames/panels/streamer_cyl_2pulses_000051_phi.png
Frame streamer_cyl_2pulses_000052
Saving to output/frames/panels/streamer_cyl_2pulses_000052_phi.png
Saving to output/frames/panels/streamer_cyl_2pulses_000052_E.png
Saving to output/frames/panels/streamer_cyl_2pulses_000052_ne.png
Saving to output/frames/panels/streamer_cyl_2pulses_000052_rho.png
Frame streamer_cyl_2pulses_000053
Saving to output/frames/panels/streamer_cyl_2pulses_000053_E.png
Saving to output/frames/panels/streamer_cyl_2pulses_000053_ne.png
Saving to output/frames/panels/streamer_cyl_2pulses_000053_phi.png
Saving to output/frames/panels/streamer_cyl_2pulses_000053_rho.png
Frame streamer_cyl_2pulses_000054
Saving to output/frames/panels/streamer_cyl_2pulses_000054_ne.png
Saving to output/frames/panels/streamer_cyl_2pulses_000054_rho.png
Saving to output/frames/panels/streamer_cyl_2pulses_000054_E.png
Saving to output/frames/panels/streamer_cyl_2pulses_000054_phi.png
Frame streamer_cyl_2pulses_000055
Saving to output/frames/panels/streamer_cyl_2pulses_000055_phi.png
Saving to output/frames/panels/streamer_cyl_2pulses_000055_ne.png
Saving to output/frames/panels/streamer_cyl_2pulses_000055_rho.png
Saving to output/frames/panels/streamer_cyl_2pulses_000055_E.png
Frame streamer_cyl_2pulses_000056
Saving to output/frames/panels/streamer_cyl_2pulses_000056_rho.png
Saving to output/frames/panels/streamer_cyl_2pulses_000056_phi.png
Saving to output/frames/panels/streamer_cyl_2pulses_000056_E.png
Saving to output/frames/panels/streamer_cyl_2pulses_000056_ne.png
Frame streamer_cyl_2pulses_000057
Saving to output/frames/panels/streamer_cyl_2pulses_000057_rho.png
Saving to output/frames/panels/streamer_cyl_2pulses_000057_phi.png
Saving to output/frames/panels/streamer_cyl_2pulses_000057_ne.png
Saving to output/frames/panels/streamer_cyl_2pulses_000057_E.png
Frame streamer_cyl_2pulses_000058
Saving to output/frames/panels/streamer_cyl_2pulses_000058_ne.png
Saving to output/frames/panels/streamer_cyl_2pulses_000058_E.png
Saving to output/frames/panels/streamer_cyl_2pulses_000058_phi.png
Saving to output/frames/panels/streamer_cyl_2pulses_000058_rho.png
Frame streamer_cyl_2pulses_000059
Saving to output/frames/panels/streamer_cyl_2pulses_000059_phi.png
Saving to output/frames/panels/streamer_cyl_2pulses_000059_E.png
Saving to output/frames/panels/streamer_cyl_2pulses_000059_ne.png
Saving to output/frames/panels/streamer_cyl_2pulses_000059_rho.png
Frame streamer_cyl_2pulses_000060
Saving to output/frames/panels/streamer_cyl_2pulses_000060_ne.png
Saving to output/frames/panels/streamer_cyl_2pulses_000060_phi.png
Saving to output/frames/panels/streamer_cyl_2pulses_000060_E.png
Saving to output/frames/panels/streamer_cyl_2pulses_000060_rho.png
Frame streamer_cyl_2pulses_000061
Saving to output/frames/panels/streamer_cyl_2pulses_000061_phi.png
Saving to output/frames/panels/streamer_cyl_2pulses_000061_rho.png
Saving to output/frames/panels/streamer_cyl_2pulses_000061_ne.png
Saving to output/frames/panels/streamer_cyl_2pulses_000061_E.png
Frame streamer_cyl_2pulses_000062
Saving to output/frames/panels/streamer_cyl_2pulses_000062_phi.png
Saving to output/frames/panels/streamer_cyl_2pulses_000062_ne.png
Saving to output/frames/panels/streamer_cyl_2pulses_000062_E.png
Saving to output/frames/panels/streamer_cyl_2pulses_000062_rho.png
Frame streamer_cyl_2pulses_000063
Saving to output/frames/panels/streamer_cyl_2pulses_000063_ne.png
Saving to output/frames/panels/streamer_cyl_2pulses_000063_E.png
Saving to output/frames/panels/streamer_cyl_2pulses_000063_phi.png
Saving to output/frames/panels/streamer_cyl_2pulses_000063_rho.png
Frame streamer_cyl_2pulses_000064
Saving to output/frames/panels/streamer_cyl_2pulses_000064_E.png
Saving to output/frames/panels/streamer_cyl_2pulses_000064_ne.png
Saving to output/frames/panels/streamer_cyl_2pulses_000064_rho.png
Saving to output/frames/panels/streamer_cyl_2pulses_000064_phi.png
Frame streamer_cyl_2pulses_000065
Saving to output/frames/panels/streamer_cyl_2pulses_000065_ne.png
Saving to output/frames/panels/streamer_cyl_2pulses_000065_rho.png
Saving to output/frames/panels/streamer_cyl_2pulses_000065_E.png
Saving to output/frames/panels/streamer_cyl_2pulses_000065_phi.png
Frame streamer_cyl_2pulses_000066
Saving to output/frames/panels/streamer_cyl_2pulses_000066_E.png
Saving to output/frames/panels/streamer_cyl_2pulses_000066_rho.png
Saving to output/frames/panels/streamer_cyl_2pulses_000066_ne.png
Saving to output/frames/panels/streamer_cyl_2pulses_000066_phi.png
Frame streamer_cyl_2pulses_000067
Saving to output/frames/panels/streamer_cyl_2pulses_000067_phi.png
Saving to output/frames/panels/streamer_cyl_2pulses_000067_ne.png
Saving to output/frames/panels/streamer_cyl_2pulses_000067_rho.png
Saving to output/frames/panels/streamer_cyl_2pulses_000067_E.png
Frame streamer_cyl_2pulses_000068
Saving to output/frames/panels/streamer_cyl_2pulses_000068_ne.png
Saving to output/frames/panels/streamer_cyl_2pulses_000068_rho.png
Saving to output/frames/panels/streamer_cyl_2pulses_000068_phi.png
Saving to output/frames/panels/streamer_cyl_2pulses_000068_E.png
Frame streamer_cyl_2pulses_000069
Saving to output/frames/panels/streamer_cyl_2pulses_000069_phi.png
Saving to output/frames/panels/streamer_cyl_2pulses_000069_ne.png
Saving to output/frames/panels/streamer_cyl_2pulses_000069_rho.png
Saving to output/frames/panels/streamer_cyl_2pulses_000069_E.png
Frame streamer_cyl_2pulses_000070
Saving to output/frames/panels/streamer_cyl_2pulses_000070_ne.png
Saving to output/frames/panels/streamer_cyl_2pulses_000070_rho.png
Saving to output/frames/panels/streamer_cyl_2pulses_000070_E.png
Saving to output/frames/panels/streamer_cyl_2pulses_000070_phi.png
Frame streamer_cyl_2pulses_000071
Saving to output/frames/panels/streamer_cyl_2pulses_000071_phi.png
Saving to output/frames/panels/streamer_cyl_2pulses_000071_rho.png
Saving to output/frames/panels/streamer_cyl_2pulses_000071_ne.png
Saving to output/frames/panels/streamer_cyl_2pulses_000071_E.png
Frame streamer_cyl_2pulses_000072
Saving to output/frames/panels/streamer_cyl_2pulses_000072_phi.png
Saving to output/frames/panels/streamer_cyl_2pulses_000072_rho.png
Saving to output/frames/panels/streamer_cyl_2pulses_000072_ne.png
Saving to output/frames/panels/streamer_cyl_2pulses_000072_E.png
Frame streamer_cyl_2pulses_000073
Saving to output/frames/panels/streamer_cyl_2pulses_000073_ne.png
Saving to output/frames/panels/streamer_cyl_2pulses_000073_rho.png
Saving to output/frames/panels/streamer_cyl_2pulses_000073_phi.png
Saving to output/frames/panels/streamer_cyl_2pulses_000073_E.png
Frame streamer_cyl_2pulses_000074
Saving to output/frames/panels/streamer_cyl_2pulses_000074_E.png
Saving to output/frames/panels/streamer_cyl_2pulses_000074_rho.png
Saving to output/frames/panels/streamer_cyl_2pulses_000074_ne.png
Saving to output/frames/panels/streamer_cyl_2pulses_000074_phi.png
Frame streamer_cyl_2pulses_000075
Saving to output/frames/panels/streamer_cyl_2pulses_000075_phi.png
Saving to output/frames/panels/streamer_cyl_2pulses_000075_ne.png
Saving to output/frames/panels/streamer_cyl_2pulses_000075_rho.png
Saving to output/frames/panels/streamer_cyl_2pulses_000075_E.png
Frame streamer_cyl_2pulses_000076
Saving to output/frames/panels/streamer_cyl_2pulses_000076_ne.png
Saving to output/frames/panels/streamer_cyl_2pulses_000076_E.png
Saving to output/frames/panels/streamer_cyl_2pulses_000076_rho.png
Saving to output/frames/panels/streamer_cyl_2pulses_000076_phi.png
Frame streamer_cyl_2pulses_000077
Saving to output/frames/panels/streamer_cyl_2pulses_000077_rho.png
Saving to output/frames/panels/streamer_cyl_2pulses_000077_ne.png
Saving to output/frames/panels/streamer_cyl_2pulses_000077_E.png
Saving to output/frames/panels/streamer_cyl_2pulses_000077_phi.png
Frame streamer_cyl_2pulses_000078
Saving to output/frames/panels/streamer_cyl_2pulses_000078_ne.png
Saving to output/frames/panels/streamer_cyl_2pulses_000078_rho.png
Saving to output/frames/panels/streamer_cyl_2pulses_000078_E.png
Saving to output/frames/panels/streamer_cyl_2pulses_000078_phi.png
Frame streamer_cyl_2pulses_000079
Saving to output/frames/panels/streamer_cyl_2pulses_000079_E.png
Saving to output/frames/panels/streamer_cyl_2pulses_000079_phi.png
Saving to output/frames/panels/streamer_cyl_2pulses_000079_ne.png
Saving to output/frames/panels/streamer_cyl_2pulses_000079_rho.png
Frame streamer_cyl_2pulses_000080
Saving to output/frames/panels/streamer_cyl_2pulses_000080_E.png
Saving to output/frames/panels/streamer_cyl_2pulses_000080_rho.png
Saving to output/frames/panels/streamer_cyl_2pulses_000080_phi.png
Saving to output/frames/panels/streamer_cyl_2pulses_000080_ne.png
Frame streamer_cyl_2pulses_000081
Saving to output/frames/panels/streamer_cyl_2pulses_000081_E.png
Saving to output/frames/panels/streamer_cyl_2pulses_000081_rho.png
Saving to output/frames/panels/streamer_cyl_2pulses_000081_ne.png
Saving to output/frames/panels/streamer_cyl_2pulses_000081_phi.png
Frame streamer_cyl_2pulses_000082
Saving to output/frames/panels/streamer_cyl_2pulses_000082_phi.png
Saving to output/frames/panels/streamer_cyl_2pulses_000082_ne.png
Saving to output/frames/panels/streamer_cyl_2pulses_000082_E.png
Saving to output/frames/panels/streamer_cyl_2pulses_000082_rho.png
Frame streamer_cyl_2pulses_000083
Saving to output/frames/panels/streamer_cyl_2pulses_000083_E.png
Saving to output/frames/panels/streamer_cyl_2pulses_000083_rho.png
Saving to output/frames/panels/streamer_cyl_2pulses_000083_ne.png
Saving to output/frames/panels/streamer_cyl_2pulses_000083_phi.png
Frame streamer_cyl_2pulses_000084
Saving to output/frames/panels/streamer_cyl_2pulses_000084_ne.png
Saving to output/frames/panels/streamer_cyl_2pulses_000084_rho.png
Saving to output/frames/panels/streamer_cyl_2pulses_000084_E.png
Saving to output/frames/panels/streamer_cyl_2pulses_000084_phi.png
Frame streamer_cyl_2pulses_000085
Saving to output/frames/panels/streamer_cyl_2pulses_000085_phi.png
Saving to output/frames/panels/streamer_cyl_2pulses_000085_rho.png
Saving to output/frames/panels/streamer_cyl_2pulses_000085_E.png
Saving to output/frames/panels/streamer_cyl_2pulses_000085_ne.png
Frame streamer_cyl_2pulses_000086
Saving to output/frames/panels/streamer_cyl_2pulses_000086_phi.png
Saving to output/frames/panels/streamer_cyl_2pulses_000086_rho.png
Saving to output/frames/panels/streamer_cyl_2pulses_000086_E.png
Saving to output/frames/panels/streamer_cyl_2pulses_000086_ne.png
Frame streamer_cyl_2pulses_000087
Saving to output/frames/panels/streamer_cyl_2pulses_000087_ne.png
Saving to output/frames/panels/streamer_cyl_2pulses_000087_E.png
Saving to output/frames/panels/streamer_cyl_2pulses_000087_phi.png
Saving to output/frames/panels/streamer_cyl_2pulses_000087_rho.png
Frame streamer_cyl_2pulses_000088
Saving to output/frames/panels/streamer_cyl_2pulses_000088_E.png
Saving to output/frames/panels/streamer_cyl_2pulses_000088_rho.png
Saving to output/frames/panels/streamer_cyl_2pulses_000088_ne.png
Saving to output/frames/panels/streamer_cyl_2pulses_000088_phi.png
Frame streamer_cyl_2pulses_000089
Saving to output/frames/panels/streamer_cyl_2pulses_000089_phi.png
Saving to output/frames/panels/streamer_cyl_2pulses_000089_E.png
Saving to output/frames/panels/streamer_cyl_2pulses_000089_rho.png
Saving to output/frames/panels/streamer_cyl_2pulses_000089_ne.png
Frame streamer_cyl_2pulses_000090
Saving to output/frames/panels/streamer_cyl_2pulses_000090_E.png
Saving to output/frames/panels/streamer_cyl_2pulses_000090_rho.png
Saving to output/frames/panels/streamer_cyl_2pulses_000090_phi.png
Saving to output/frames/panels/streamer_cyl_2pulses_000090_ne.png
Frame streamer_cyl_2pulses_000091
Saving to output/frames/panels/streamer_cyl_2pulses_000091_ne.png
Saving to output/frames/panels/streamer_cyl_2pulses_000091_rho.png
Saving to output/frames/panels/streamer_cyl_2pulses_000091_E.png
Saving to output/frames/panels/streamer_cyl_2pulses_000091_phi.png
Frame streamer_cyl_2pulses_000092
Saving to output/frames/panels/streamer_cyl_2pulses_000092_phi.png
Saving to output/frames/panels/streamer_cyl_2pulses_000092_rho.png
Saving to output/frames/panels/streamer_cyl_2pulses_000092_ne.png
Saving to output/frames/panels/streamer_cyl_2pulses_000092_E.png
Frame streamer_cyl_2pulses_000093
Saving to output/frames/panels/streamer_cyl_2pulses_000093_phi.png
Saving to output/frames/panels/streamer_cyl_2pulses_000093_ne.png
Saving to output/frames/panels/streamer_cyl_2pulses_000093_rho.png
Saving to output/frames/panels/streamer_cyl_2pulses_000093_E.png
Frame streamer_cyl_2pulses_000094
Saving to output/frames/panels/streamer_cyl_2pulses_000094_E.png
Saving to output/frames/panels/streamer_cyl_2pulses_000094_phi.png
Saving to output/frames/panels/streamer_cyl_2pulses_000094_rho.png
Saving to output/frames/panels/streamer_cyl_2pulses_000094_ne.png
Frame streamer_cyl_2pulses_000095
Saving to output/frames/panels/streamer_cyl_2pulses_000095_phi.png
Saving to output/frames/panels/streamer_cyl_2pulses_000095_ne.png
Saving to output/frames/panels/streamer_cyl_2pulses_000095_rho.png
Saving to output/frames/panels/streamer_cyl_2pulses_000095_E.png
Frame streamer_cyl_2pulses_000096
Saving to output/frames/panels/streamer_cyl_2pulses_000096_E.png
Saving to output/frames/panels/streamer_cyl_2pulses_000096_ne.png
Saving to output/frames/panels/streamer_cyl_2pulses_000096_phi.png
Saving to output/frames/panels/streamer_cyl_2pulses_000096_rho.png
Frame streamer_cyl_2pulses_000097
Saving to output/frames/panels/streamer_cyl_2pulses_000097_rho.png
Saving to output/frames/panels/streamer_cyl_2pulses_000097_E.png
Saving to output/frames/panels/streamer_cyl_2pulses_000097_ne.png
Saving to output/frames/panels/streamer_cyl_2pulses_000097_phi.png
Frame streamer_cyl_2pulses_000098
Saving to output/frames/panels/streamer_cyl_2pulses_000098_phi.png
Saving to output/frames/panels/streamer_cyl_2pulses_000098_ne.png
Saving to output/frames/panels/streamer_cyl_2pulses_000098_rho.png
Saving to output/frames/panels/streamer_cyl_2pulses_000098_E.png
Frame streamer_cyl_2pulses_000099
Saving to output/frames/panels/streamer_cyl_2pulses_000099_E.png
Saving to output/frames/panels/streamer_cyl_2pulses_000099_rho.png
Saving to output/frames/panels/streamer_cyl_2pulses_000099_phi.png
Saving to output/frames/panels/streamer_cyl_2pulses_000099_ne.png
Frame streamer_cyl_2pulses_000100
Saving to output/frames/panels/streamer_cyl_2pulses_000100_phi.png
Saving to output/frames/panels/streamer_cyl_2pulses_000100_E.png
Saving to output/frames/panels/streamer_cyl_2pulses_000100_ne.png
Saving to output/frames/panels/streamer_cyl_2pulses_000100_rho.png
Frame streamer_cyl_2pulses_000101
Saving to output/frames/panels/streamer_cyl_2pulses_000101_phi.png
Saving to output/frames/panels/streamer_cyl_2pulses_000101_E.png
Saving to output/frames/panels/streamer_cyl_2pulses_000101_rho.png
Saving to output/frames/panels/streamer_cyl_2pulses_000101_ne.png
Frame streamer_cyl_2pulses_000102
Saving to output/frames/panels/streamer_cyl_2pulses_000102_rho.png
Saving to output/frames/panels/streamer_cyl_2pulses_000102_phi.png
Saving to output/frames/panels/streamer_cyl_2pulses_000102_E.png
Saving to output/frames/panels/streamer_cyl_2pulses_000102_ne.png
Frame streamer_cyl_2pulses_000103
Saving to output/frames/panels/streamer_cyl_2pulses_000103_phi.png
Saving to output/frames/panels/streamer_cyl_2pulses_000103_ne.png
Saving to output/frames/panels/streamer_cyl_2pulses_000103_rho.png
Saving to output/frames/panels/streamer_cyl_2pulses_000103_E.png
Frame streamer_cyl_2pulses_000104
Saving to output/frames/panels/streamer_cyl_2pulses_000104_ne.png
Saving to output/frames/panels/streamer_cyl_2pulses_000104_E.png
Saving to output/frames/panels/streamer_cyl_2pulses_000104_rho.png
Saving to output/frames/panels/streamer_cyl_2pulses_000104_phi.png
Frame streamer_cyl_2pulses_000105
Saving to output/frames/panels/streamer_cyl_2pulses_000105_rho.png
Saving to output/frames/panels/streamer_cyl_2pulses_000105_E.png
Saving to output/frames/panels/streamer_cyl_2pulses_000105_phi.png
Saving to output/frames/panels/streamer_cyl_2pulses_000105_ne.png
Frame streamer_cyl_2pulses_000106
Saving to output/frames/panels/streamer_cyl_2pulses_000106_E.png
Saving to output/frames/panels/streamer_cyl_2pulses_000106_ne.png
Saving to output/frames/panels/streamer_cyl_2pulses_000106_phi.png
Saving to output/frames/panels/streamer_cyl_2pulses_000106_rho.png
Frame streamer_cyl_2pulses_000107
Saving to output/frames/panels/streamer_cyl_2pulses_000107_E.png
Saving to output/frames/panels/streamer_cyl_2pulses_000107_ne.png
Saving to output/frames/panels/streamer_cyl_2pulses_000107_rho.png
Saving to output/frames/panels/streamer_cyl_2pulses_000107_phi.png
Frame streamer_cyl_2pulses_000108
Saving to output/frames/panels/streamer_cyl_2pulses_000108_E.png
Saving to output/frames/panels/streamer_cyl_2pulses_000108_rho.png
Saving to output/frames/panels/streamer_cyl_2pulses_000108_ne.png
Saving to output/frames/panels/streamer_cyl_2pulses_000108_phi.png
Frame streamer_cyl_2pulses_000109
Saving to output/frames/panels/streamer_cyl_2pulses_000109_phi.png
Saving to output/frames/panels/streamer_cyl_2pulses_000109_ne.png
Saving to output/frames/panels/streamer_cyl_2pulses_000109_E.png
Saving to output/frames/panels/streamer_cyl_2pulses_000109_rho.png
Frame streamer_cyl_2pulses_000110
Saving to output/frames/panels/streamer_cyl_2pulses_000110_rho.png
Saving to output/frames/panels/streamer_cyl_2pulses_000110_phi.png
Saving to output/frames/panels/streamer_cyl_2pulses_000110_E.png
Saving to output/frames/panels/streamer_cyl_2pulses_000110_ne.png
Frame streamer_cyl_2pulses_000111
Saving to output/frames/panels/streamer_cyl_2pulses_000111_phi.png
Saving to output/frames/panels/streamer_cyl_2pulses_000111_E.png
Saving to output/frames/panels/streamer_cyl_2pulses_000111_ne.png
Saving to output/frames/panels/streamer_cyl_2pulses_000111_rho.png
Frame streamer_cyl_2pulses_000112
Saving to output/frames/panels/streamer_cyl_2pulses_000112_E.png
Saving to output/frames/panels/streamer_cyl_2pulses_000112_phi.png
Saving to output/frames/panels/streamer_cyl_2pulses_000112_rho.png
Saving to output/frames/panels/streamer_cyl_2pulses_000112_ne.png
Frame streamer_cyl_2pulses_000113
Saving to output/frames/panels/streamer_cyl_2pulses_000113_rho.png
Saving to output/frames/panels/streamer_cyl_2pulses_000113_E.png
Saving to output/frames/panels/streamer_cyl_2pulses_000113_phi.png
Saving to output/frames/panels/streamer_cyl_2pulses_000113_ne.png
Frame streamer_cyl_2pulses_000114
Saving to output/frames/panels/streamer_cyl_2pulses_000114_phi.png
Saving to output/frames/panels/streamer_cyl_2pulses_000114_E.png
Saving to output/frames/panels/streamer_cyl_2pulses_000114_ne.png
Saving to output/frames/panels/streamer_cyl_2pulses_000114_rho.png
Frame streamer_cyl_2pulses_000115
Saving to output/frames/panels/streamer_cyl_2pulses_000115_phi.png
Saving to output/frames/panels/streamer_cyl_2pulses_000115_E.png
Saving to output/frames/panels/streamer_cyl_2pulses_000115_ne.png
Saving to output/frames/panels/streamer_cyl_2pulses_000115_rho.png
Frame streamer_cyl_2pulses_000116
Saving to output/frames/panels/streamer_cyl_2pulses_000116_ne.png
Saving to output/frames/panels/streamer_cyl_2pulses_000116_E.png
Saving to output/frames/panels/streamer_cyl_2pulses_000116_rho.png
Saving to output/frames/panels/streamer_cyl_2pulses_000116_phi.png
Frame streamer_cyl_2pulses_000117
Saving to output/frames/panels/streamer_cyl_2pulses_000117_E.png
Saving to output/frames/panels/streamer_cyl_2pulses_000117_phi.png
Saving to output/frames/panels/streamer_cyl_2pulses_000117_rho.png
Saving to output/frames/panels/streamer_cyl_2pulses_000117_ne.png
Frame streamer_cyl_2pulses_000118
Saving to output/frames/panels/streamer_cyl_2pulses_000118_E.png
Saving to output/frames/panels/streamer_cyl_2pulses_000118_rho.png
Saving to output/frames/panels/streamer_cyl_2pulses_000118_ne.png
Saving to output/frames/panels/streamer_cyl_2pulses_000118_phi.png
Frame streamer_cyl_2pulses_000119
Saving to output/frames/panels/streamer_cyl_2pulses_000119_E.png
Saving to output/frames/panels/streamer_cyl_2pulses_000119_rho.png
Saving to output/frames/panels/streamer_cyl_2pulses_000119_ne.png
Saving to output/frames/panels/streamer_cyl_2pulses_000119_phi.png
Frame streamer_cyl_2pulses_000120
Saving to output/frames/panels/streamer_cyl_2pulses_000120_E.png
Saving to output/frames/panels/streamer_cyl_2pulses_000120_rho.png
Saving to output/frames/panels/streamer_cyl_2pulses_000120_phi.png
Saving to output/frames/panels/streamer_cyl_2pulses_000120_ne.png
Frame streamer_cyl_2pulses_000121
Saving to output/frames/panels/streamer_cyl_2pulses_000121_E.png
Saving to output/frames/panels/streamer_cyl_2pulses_000121_ne.png
Saving to output/frames/panels/streamer_cyl_2pulses_000121_rho.png
Saving to output/frames/panels/streamer_cyl_2pulses_000121_phi.png
Frame streamer_cyl_2pulses_000122
Saving to output/frames/panels/streamer_cyl_2pulses_000122_ne.png
Saving to output/frames/panels/streamer_cyl_2pulses_000122_E.png
Saving to output/frames/panels/streamer_cyl_2pulses_000122_phi.png
Saving to output/frames/panels/streamer_cyl_2pulses_000122_rho.png
Frame streamer_cyl_2pulses_000123
Saving to output/frames/panels/streamer_cyl_2pulses_000123_ne.png
Saving to output/frames/panels/streamer_cyl_2pulses_000123_E.png
Saving to output/frames/panels/streamer_cyl_2pulses_000123_rho.png
Saving to output/frames/panels/streamer_cyl_2pulses_000123_phi.png
Frame streamer_cyl_2pulses_000124
Saving to output/frames/panels/streamer_cyl_2pulses_000124_ne.png
Saving to output/frames/panels/streamer_cyl_2pulses_000124_E.png
Saving to output/frames/panels/streamer_cyl_2pulses_000124_phi.png
Saving to output/frames/panels/streamer_cyl_2pulses_000124_rho.png
Frame streamer_cyl_2pulses_000125
Saving to output/frames/panels/streamer_cyl_2pulses_000125_phi.png
Saving to output/frames/panels/streamer_cyl_2pulses_000125_E.png
Saving to output/frames/panels/streamer_cyl_2pulses_000125_ne.png
Saving to output/frames/panels/streamer_cyl_2pulses_000125_rho.png
Frame streamer_cyl_2pulses_000126
Saving to output/frames/panels/streamer_cyl_2pulses_000126_rho.png
Saving to output/frames/panels/streamer_cyl_2pulses_000126_ne.png
Saving to output/frames/panels/streamer_cyl_2pulses_000126_E.png
Saving to output/frames/panels/streamer_cyl_2pulses_000126_phi.png
Frame streamer_cyl_2pulses_000127
Saving to output/frames/panels/streamer_cyl_2pulses_000127_phi.png
Saving to output/frames/panels/streamer_cyl_2pulses_000127_E.png
Saving to output/frames/panels/streamer_cyl_2pulses_000127_rho.png
Saving to output/frames/panels/streamer_cyl_2pulses_000127_ne.png
Frame streamer_cyl_2pulses_000128
Saving to output/frames/panels/streamer_cyl_2pulses_000128_rho.png
Saving to output/frames/panels/streamer_cyl_2pulses_000128_phi.png
Saving to output/frames/panels/streamer_cyl_2pulses_000128_ne.png
Saving to output/frames/panels/streamer_cyl_2pulses_000128_E.png
Frame streamer_cyl_2pulses_000129
Saving to output/frames/panels/streamer_cyl_2pulses_000129_rho.png
Saving to output/frames/panels/streamer_cyl_2pulses_000129_E.png
Saving to output/frames/panels/streamer_cyl_2pulses_000129_ne.png
Saving to output/frames/panels/streamer_cyl_2pulses_000129_phi.png
Frame streamer_cyl_2pulses_000130
Saving to output/frames/panels/streamer_cyl_2pulses_000130_rho.png
Saving to output/frames/panels/streamer_cyl_2pulses_000130_ne.png
Saving to output/frames/panels/streamer_cyl_2pulses_000130_phi.png
Saving to output/frames/panels/streamer_cyl_2pulses_000130_E.png
Frame streamer_cyl_2pulses_000131
Saving to output/frames/panels/streamer_cyl_2pulses_000131_E.png
Saving to output/frames/panels/streamer_cyl_2pulses_000131_phi.png
Saving to output/frames/panels/streamer_cyl_2pulses_000131_ne.png
Saving to output/frames/panels/streamer_cyl_2pulses_000131_rho.png
Frame streamer_cyl_2pulses_000132
Saving to output/frames/panels/streamer_cyl_2pulses_000132_E.png
Saving to output/frames/panels/streamer_cyl_2pulses_000132_ne.png
Saving to output/frames/panels/streamer_cyl_2pulses_000132_phi.png
Saving to output/frames/panels/streamer_cyl_2pulses_000132_rho.png
Frame streamer_cyl_2pulses_000133
Saving to output/frames/panels/streamer_cyl_2pulses_000133_ne.png
Saving to output/frames/panels/streamer_cyl_2pulses_000133_rho.png
Saving to output/frames/panels/streamer_cyl_2pulses_000133_phi.png
Saving to output/frames/panels/streamer_cyl_2pulses_000133_E.png
Frame streamer_cyl_2pulses_000134
Saving to output/frames/panels/streamer_cyl_2pulses_000134_ne.png
Saving to output/frames/panels/streamer_cyl_2pulses_000134_rho.png
Saving to output/frames/panels/streamer_cyl_2pulses_000134_E.png
Saving to output/frames/panels/streamer_cyl_2pulses_000134_phi.png
Frame streamer_cyl_2pulses_000135
Saving to output/frames/panels/streamer_cyl_2pulses_000135_ne.png
Saving to output/frames/panels/streamer_cyl_2pulses_000135_rho.png
Saving to output/frames/panels/streamer_cyl_2pulses_000135_phi.png
Saving to output/frames/panels/streamer_cyl_2pulses_000135_E.png
Frame streamer_cyl_2pulses_000136
Saving to output/frames/panels/streamer_cyl_2pulses_000136_ne.png
Saving to output/frames/panels/streamer_cyl_2pulses_000136_E.png
Saving to output/frames/panels/streamer_cyl_2pulses_000136_phi.png
Saving to output/frames/panels/streamer_cyl_2pulses_000136_rho.png
Frame streamer_cyl_2pulses_000137
Saving to output/frames/panels/streamer_cyl_2pulses_000137_ne.png
Saving to output/frames/panels/streamer_cyl_2pulses_000137_phi.png
Saving to output/frames/panels/streamer_cyl_2pulses_000137_E.png
Saving to output/frames/panels/streamer_cyl_2pulses_000137_rho.png
Frame streamer_cyl_2pulses_000138
Saving to output/frames/panels/streamer_cyl_2pulses_000138_phi.png
Saving to output/frames/panels/streamer_cyl_2pulses_000138_ne.png
Saving to output/frames/panels/streamer_cyl_2pulses_000138_E.png
Saving to output/frames/panels/streamer_cyl_2pulses_000138_rho.png
Frame streamer_cyl_2pulses_000139
Saving to output/frames/panels/streamer_cyl_2pulses_000139_phi.png
Saving to output/frames/panels/streamer_cyl_2pulses_000139_E.png
Saving to output/frames/panels/streamer_cyl_2pulses_000139_ne.png
Saving to output/frames/panels/streamer_cyl_2pulses_000139_rho.png
Frame streamer_cyl_2pulses_000140
Saving to output/frames/panels/streamer_cyl_2pulses_000140_rho.png
Saving to output/frames/panels/streamer_cyl_2pulses_000140_E.png
Saving to output/frames/panels/streamer_cyl_2pulses_000140_ne.png
Saving to output/frames/panels/streamer_cyl_2pulses_000140_phi.png
Frame streamer_cyl_2pulses_000141
Saving to output/frames/panels/streamer_cyl_2pulses_000141_ne.png
Saving to output/frames/panels/streamer_cyl_2pulses_000141_phi.png
Saving to output/frames/panels/streamer_cyl_2pulses_000141_E.png
Saving to output/frames/panels/streamer_cyl_2pulses_000141_rho.png
Frame streamer_cyl_2pulses_000142
Saving to output/frames/panels/streamer_cyl_2pulses_000142_ne.png
Saving to output/frames/panels/streamer_cyl_2pulses_000142_phi.png
Saving to output/frames/panels/streamer_cyl_2pulses_000142_rho.png
Saving to output/frames/panels/streamer_cyl_2pulses_000142_E.png
Frame streamer_cyl_2pulses_000143
Saving to output/frames/panels/streamer_cyl_2pulses_000143_ne.png
Saving to output/frames/panels/streamer_cyl_2pulses_000143_phi.png
Saving to output/frames/panels/streamer_cyl_2pulses_000143_E.png
Saving to output/frames/panels/streamer_cyl_2pulses_000143_rho.png
Frame streamer_cyl_2pulses_000144
Saving to output/frames/panels/streamer_cyl_2pulses_000144_ne.png
Saving to output/frames/panels/streamer_cyl_2pulses_000144_E.png
Saving to output/frames/panels/streamer_cyl_2pulses_000144_rho.png
Saving to output/frames/panels/streamer_cyl_2pulses_000144_phi.png
Frame streamer_cyl_2pulses_000145
Saving to output/frames/panels/streamer_cyl_2pulses_000145_ne.png
Saving to output/frames/panels/streamer_cyl_2pulses_000145_rho.png
Saving to output/frames/panels/streamer_cyl_2pulses_000145_phi.png
Saving to output/frames/panels/streamer_cyl_2pulses_000145_E.png
Frame streamer_cyl_2pulses_000146
Saving to output/frames/panels/streamer_cyl_2pulses_000146_phi.png
Saving to output/frames/panels/streamer_cyl_2pulses_000146_ne.png
Saving to output/frames/panels/streamer_cyl_2pulses_000146_rho.png
Saving to output/frames/panels/streamer_cyl_2pulses_000146_E.png
Frame streamer_cyl_2pulses_000147
Saving to output/frames/panels/streamer_cyl_2pulses_000147_rho.png
Saving to output/frames/panels/streamer_cyl_2pulses_000147_E.png
Saving to output/frames/panels/streamer_cyl_2pulses_000147_phi.png
Saving to output/frames/panels/streamer_cyl_2pulses_000147_ne.png
Frame streamer_cyl_2pulses_000148
Saving to output/frames/panels/streamer_cyl_2pulses_000148_rho.png
Saving to output/frames/panels/streamer_cyl_2pulses_000148_E.png
Saving to output/frames/panels/streamer_cyl_2pulses_000148_phi.png
Saving to output/frames/panels/streamer_cyl_2pulses_000148_ne.png
Frame streamer_cyl_2pulses_000149
Saving to output/frames/panels/streamer_cyl_2pulses_000149_rho.png
Saving to output/frames/panels/streamer_cyl_2pulses_000149_phi.png
Saving to output/frames/panels/streamer_cyl_2pulses_000149_ne.png
Saving to output/frames/panels/streamer_cyl_2pulses_000149_E.png
Frame streamer_cyl_2pulses_000150
Saving to output/frames/panels/streamer_cyl_2pulses_000150_phi.png
Saving to output/frames/panels/streamer_cyl_2pulses_000150_rho.png
Saving to output/frames/panels/streamer_cyl_2pulses_000150_E.png
Saving to output/frames/panels/streamer_cyl_2pulses_000150_ne.png
Frame streamer_cyl_2pulses_000151
Saving to output/frames/panels/streamer_cyl_2pulses_000151_rho.png
Saving to output/frames/panels/streamer_cyl_2pulses_000151_E.png
Saving to output/frames/panels/streamer_cyl_2pulses_000151_ne.png
Saving to output/frames/panels/streamer_cyl_2pulses_000151_phi.png
Frame streamer_cyl_2pulses_000152
Saving to output/frames/panels/streamer_cyl_2pulses_000152_ne.png
Saving to output/frames/panels/streamer_cyl_2pulses_000152_phi.png
Saving to output/frames/panels/streamer_cyl_2pulses_000152_E.png
Saving to output/frames/panels/streamer_cyl_2pulses_000152_rho.png
Frame streamer_cyl_2pulses_000153
Saving to output/frames/panels/streamer_cyl_2pulses_000153_ne.png
Saving to output/frames/panels/streamer_cyl_2pulses_000153_rho.png
Saving to output/frames/panels/streamer_cyl_2pulses_000153_E.png
Saving to output/frames/panels/streamer_cyl_2pulses_000153_phi.png
Frame streamer_cyl_2pulses_000154
Saving to output/frames/panels/streamer_cyl_2pulses_000154_ne.png
Saving to output/frames/panels/streamer_cyl_2pulses_000154_phi.png
Saving to output/frames/panels/streamer_cyl_2pulses_000154_E.png
Saving to output/frames/panels/streamer_cyl_2pulses_000154_rho.png
Frame streamer_cyl_2pulses_000155
Saving to output/frames/panels/streamer_cyl_2pulses_000155_rho.png
Saving to output/frames/panels/streamer_cyl_2pulses_000155_ne.png
Saving to output/frames/panels/streamer_cyl_2pulses_000155_phi.png
Saving to output/frames/panels/streamer_cyl_2pulses_000155_E.png
Frame streamer_cyl_2pulses_000156
Saving to output/frames/panels/streamer_cyl_2pulses_000156_E.png
Saving to output/frames/panels/streamer_cyl_2pulses_000156_rho.png
Saving to output/frames/panels/streamer_cyl_2pulses_000156_ne.png
Saving to output/frames/panels/streamer_cyl_2pulses_000156_phi.png
Frame streamer_cyl_2pulses_000157
Saving to output/frames/panels/streamer_cyl_2pulses_000157_E.png
Saving to output/frames/panels/streamer_cyl_2pulses_000157_rho.png
Saving to output/frames/panels/streamer_cyl_2pulses_000157_phi.png
Saving to output/frames/panels/streamer_cyl_2pulses_000157_ne.png
Frame streamer_cyl_2pulses_000158
Saving to output/frames/panels/streamer_cyl_2pulses_000158_phi.png
Saving to output/frames/panels/streamer_cyl_2pulses_000158_E.png
Saving to output/frames/panels/streamer_cyl_2pulses_000158_ne.png
Saving to output/frames/panels/streamer_cyl_2pulses_000158_rho.png
Frame streamer_cyl_2pulses_000159
Saving to output/frames/panels/streamer_cyl_2pulses_000159_E.png
Saving to output/frames/panels/streamer_cyl_2pulses_000159_ne.png
Saving to output/frames/panels/streamer_cyl_2pulses_000159_phi.png
Saving to output/frames/panels/streamer_cyl_2pulses_000159_rho.png
Frame streamer_cyl_2pulses_000160
Saving to output/frames/panels/streamer_cyl_2pulses_000160_rho.png
Saving to output/frames/panels/streamer_cyl_2pulses_000160_phi.png
Saving to output/frames/panels/streamer_cyl_2pulses_000160_E.png
Saving to output/frames/panels/streamer_cyl_2pulses_000160_ne.png
Frame streamer_cyl_2pulses_000161
Saving to output/frames/panels/streamer_cyl_2pulses_000161_rho.png
Saving to output/frames/panels/streamer_cyl_2pulses_000161_ne.png
Saving to output/frames/panels/streamer_cyl_2pulses_000161_E.png
Saving to output/frames/panels/streamer_cyl_2pulses_000161_phi.png
Frame streamer_cyl_2pulses_000162
Saving to output/frames/panels/streamer_cyl_2pulses_000162_phi.png
Saving to output/frames/panels/streamer_cyl_2pulses_000162_E.png
Saving to output/frames/panels/streamer_cyl_2pulses_000162_rho.png
Saving to output/frames/panels/streamer_cyl_2pulses_000162_ne.png
Frame streamer_cyl_2pulses_000163
Saving to output/frames/panels/streamer_cyl_2pulses_000163_ne.png
Saving to output/frames/panels/streamer_cyl_2pulses_000163_rho.png
Saving to output/frames/panels/streamer_cyl_2pulses_000163_E.png
Saving to output/frames/panels/streamer_cyl_2pulses_000163_phi.png
Frame streamer_cyl_2pulses_000164
Saving to output/frames/panels/streamer_cyl_2pulses_000164_phi.png
Saving to output/frames/panels/streamer_cyl_2pulses_000164_ne.png
Saving to output/frames/panels/streamer_cyl_2pulses_000164_E.png
Saving to output/frames/panels/streamer_cyl_2pulses_000164_rho.png
Frame streamer_cyl_2pulses_000165
Saving to output/frames/panels/streamer_cyl_2pulses_000165_ne.png
Saving to output/frames/panels/streamer_cyl_2pulses_000165_rho.png
Saving to output/frames/panels/streamer_cyl_2pulses_000165_E.png
Saving to output/frames/panels/streamer_cyl_2pulses_000165_phi.png
Frame streamer_cyl_2pulses_000166
Saving to output/frames/panels/streamer_cyl_2pulses_000166_ne.png
Saving to output/frames/panels/streamer_cyl_2pulses_000166_rho.png
Saving to output/frames/panels/streamer_cyl_2pulses_000166_E.png
Saving to output/frames/panels/streamer_cyl_2pulses_000166_phi.png
Frame streamer_cyl_2pulses_000167
Saving to output/frames/panels/streamer_cyl_2pulses_000167_E.png
Saving to output/frames/panels/streamer_cyl_2pulses_000167_rho.png
Saving to output/frames/panels/streamer_cyl_2pulses_000167_phi.png
Saving to output/frames/panels/streamer_cyl_2pulses_000167_ne.png
Frame streamer_cyl_2pulses_000168
Saving to output/frames/panels/streamer_cyl_2pulses_000168_rho.png
Saving to output/frames/panels/streamer_cyl_2pulses_000168_E.png
Saving to output/frames/panels/streamer_cyl_2pulses_000168_ne.png
Saving to output/frames/panels/streamer_cyl_2pulses_000168_phi.png
Frame streamer_cyl_2pulses_000169
Saving to output/frames/panels/streamer_cyl_2pulses_000169_ne.png
Saving to output/frames/panels/streamer_cyl_2pulses_000169_E.png
Saving to output/frames/panels/streamer_cyl_2pulses_000169_rho.png
Saving to output/frames/panels/streamer_cyl_2pulses_000169_phi.png
Frame streamer_cyl_2pulses_000170
Saving to output/frames/panels/streamer_cyl_2pulses_000170_rho.png
Saving to output/frames/panels/streamer_cyl_2pulses_000170_ne.png
Saving to output/frames/panels/streamer_cyl_2pulses_000170_E.png
Saving to output/frames/panels/streamer_cyl_2pulses_000170_phi.png
Frame streamer_cyl_2pulses_000171
Saving to output/frames/panels/streamer_cyl_2pulses_000171_ne.png
Saving to output/frames/panels/streamer_cyl_2pulses_000171_rho.png
Saving to output/frames/panels/streamer_cyl_2pulses_000171_phi.png
Saving to output/frames/panels/streamer_cyl_2pulses_000171_E.png
Frame streamer_cyl_2pulses_000172
Saving to output/frames/panels/streamer_cyl_2pulses_000172_rho.png
Saving to output/frames/panels/streamer_cyl_2pulses_000172_ne.png
Saving to output/frames/panels/streamer_cyl_2pulses_000172_E.png
Saving to output/frames/panels/streamer_cyl_2pulses_000172_phi.png
Frame streamer_cyl_2pulses_000173
Saving to output/frames/panels/streamer_cyl_2pulses_000173_rho.png
Saving to output/frames/panels/streamer_cyl_2pulses_000173_E.png
Saving to output/frames/panels/streamer_cyl_2pulses_000173_ne.png
Saving to output/frames/panels/streamer_cyl_2pulses_000173_phi.png
Frame streamer_cyl_2pulses_000174
Saving to output/frames/panels/streamer_cyl_2pulses_000174_ne.png
Saving to output/frames/panels/streamer_cyl_2pulses_000174_rho.png
Saving to output/frames/panels/streamer_cyl_2pulses_000174_phi.png
Saving to output/frames/panels/streamer_cyl_2pulses_000174_E.png
Frame streamer_cyl_2pulses_000175
Saving to output/frames/panels/streamer_cyl_2pulses_000175_ne.png
Saving to output/frames/panels/streamer_cyl_2pulses_000175_E.png
Saving to output/frames/panels/streamer_cyl_2pulses_000175_rho.png
Saving to output/frames/panels/streamer_cyl_2pulses_000175_phi.png
Frame streamer_cyl_2pulses_000176
Saving to output/frames/panels/streamer_cyl_2pulses_000176_ne.png
Saving to output/frames/panels/streamer_cyl_2pulses_000176_rho.png
Saving to output/frames/panels/streamer_cyl_2pulses_000176_phi.png
Saving to output/frames/panels/streamer_cyl_2pulses_000176_E.png
Frame streamer_cyl_2pulses_000177
Saving to output/frames/panels/streamer_cyl_2pulses_000177_phi.png
Saving to output/frames/panels/streamer_cyl_2pulses_000177_rho.png
Saving to output/frames/panels/streamer_cyl_2pulses_000177_ne.png
Saving to output/frames/panels/streamer_cyl_2pulses_000177_E.png
Frame streamer_cyl_2pulses_000178
Saving to output/frames/panels/streamer_cyl_2pulses_000178_rho.png
Saving to output/frames/panels/streamer_cyl_2pulses_000178_ne.png
Saving to output/frames/panels/streamer_cyl_2pulses_000178_E.png
Saving to output/frames/panels/streamer_cyl_2pulses_000178_phi.png
Frame streamer_cyl_2pulses_000179
Saving to output/frames/panels/streamer_cyl_2pulses_000179_rho.png
Saving to output/frames/panels/streamer_cyl_2pulses_000179_ne.png
Saving to output/frames/panels/streamer_cyl_2pulses_000179_phi.png
Saving to output/frames/panels/streamer_cyl_2pulses_000179_E.png
Frame streamer_cyl_2pulses_000180
Saving to output/frames/panels/streamer_cyl_2pulses_000180_E.png
Saving to output/frames/panels/streamer_cyl_2pulses_000180_phi.png
Saving to output/frames/panels/streamer_cyl_2pulses_000180_ne.png
Saving to output/frames/panels/streamer_cyl_2pulses_000180_rho.png
Frame streamer_cyl_2pulses_000181
Saving to output/frames/panels/streamer_cyl_2pulses_000181_rho.png
Saving to output/frames/panels/streamer_cyl_2pulses_000181_ne.png
Saving to output/frames/panels/streamer_cyl_2pulses_000181_E.png
Saving to output/frames/panels/streamer_cyl_2pulses_000181_phi.png
Frame streamer_cyl_2pulses_000182
Saving to output/frames/panels/streamer_cyl_2pulses_000182_rho.png
Saving to output/frames/panels/streamer_cyl_2pulses_000182_ne.png
Saving to output/frames/panels/streamer_cyl_2pulses_000182_phi.png
Saving to output/frames/panels/streamer_cyl_2pulses_000182_E.png
Frame streamer_cyl_2pulses_000183
Saving to output/frames/panels/streamer_cyl_2pulses_000183_ne.png
Saving to output/frames/panels/streamer_cyl_2pulses_000183_E.png
Saving to output/frames/panels/streamer_cyl_2pulses_000183_rho.png
Saving to output/frames/panels/streamer_cyl_2pulses_000183_phi.png
Frame streamer_cyl_2pulses_000184
Saving to output/frames/panels/streamer_cyl_2pulses_000184_rho.png
Saving to output/frames/panels/streamer_cyl_2pulses_000184_ne.png
Saving to output/frames/panels/streamer_cyl_2pulses_000184_phi.png
Saving to output/frames/panels/streamer_cyl_2pulses_000184_E.png
Frame streamer_cyl_2pulses_000185
Saving to output/frames/panels/streamer_cyl_2pulses_000185_ne.png
Saving to output/frames/panels/streamer_cyl_2pulses_000185_rho.png
Saving to output/frames/panels/streamer_cyl_2pulses_000185_phi.png
Saving to output/frames/panels/streamer_cyl_2pulses_000185_E.png
Frame streamer_cyl_2pulses_000186
Saving to output/frames/panels/streamer_cyl_2pulses_000186_ne.png
Saving to output/frames/panels/streamer_cyl_2pulses_000186_rho.png
Saving to output/frames/panels/streamer_cyl_2pulses_000186_E.png
Saving to output/frames/panels/streamer_cyl_2pulses_000186_phi.png
Frame streamer_cyl_2pulses_000187
Saving to output/frames/panels/streamer_cyl_2pulses_000187_rho.png
Saving to output/frames/panels/streamer_cyl_2pulses_000187_ne.png
Saving to output/frames/panels/streamer_cyl_2pulses_000187_phi.png
Saving to output/frames/panels/streamer_cyl_2pulses_000187_E.png
Frame streamer_cyl_2pulses_000188
Saving to output/frames/panels/streamer_cyl_2pulses_000188_ne.png
Saving to output/frames/panels/streamer_cyl_2pulses_000188_rho.png
Saving to output/frames/panels/streamer_cyl_2pulses_000188_phi.png
Saving to output/frames/panels/streamer_cyl_2pulses_000188_E.png
Frame streamer_cyl_2pulses_000189
Saving to output/frames/panels/streamer_cyl_2pulses_000189_E.png
Saving to output/frames/panels/streamer_cyl_2pulses_000189_phi.png
Saving to output/frames/panels/streamer_cyl_2pulses_000189_ne.png
Saving to output/frames/panels/streamer_cyl_2pulses_000189_rho.png
Frame streamer_cyl_2pulses_000190
Saving to output/frames/panels/streamer_cyl_2pulses_000190_E.png
Saving to output/frames/panels/streamer_cyl_2pulses_000190_ne.png
Saving to output/frames/panels/streamer_cyl_2pulses_000190_phi.png
Saving to output/frames/panels/streamer_cyl_2pulses_000190_rho.png
Frame streamer_cyl_2pulses_000191
Saving to output/frames/panels/streamer_cyl_2pulses_000191_rho.png
Saving to output/frames/panels/streamer_cyl_2pulses_000191_E.png
Saving to output/frames/panels/streamer_cyl_2pulses_000191_phi.png
Saving to output/frames/panels/streamer_cyl_2pulses_000191_ne.png
Frame streamer_cyl_2pulses_000192
Saving to output/frames/panels/streamer_cyl_2pulses_000192_rho.png
Saving to output/frames/panels/streamer_cyl_2pulses_000192_phi.png
Saving to output/frames/panels/streamer_cyl_2pulses_000192_ne.png
Saving to output/frames/panels/streamer_cyl_2pulses_000192_E.png
Frame streamer_cyl_2pulses_000193
Saving to output/frames/panels/streamer_cyl_2pulses_000193_E.png
Saving to output/frames/panels/streamer_cyl_2pulses_000193_phi.png
Saving to output/frames/panels/streamer_cyl_2pulses_000193_ne.png
Saving to output/frames/panels/streamer_cyl_2pulses_000193_rho.png
Frame streamer_cyl_2pulses_000194
Saving to output/frames/panels/streamer_cyl_2pulses_000194_E.png
Saving to output/frames/panels/streamer_cyl_2pulses_000194_phi.png
Saving to output/frames/panels/streamer_cyl_2pulses_000194_rho.png
Saving to output/frames/panels/streamer_cyl_2pulses_000194_ne.png
Frame streamer_cyl_2pulses_000195
Saving to output/frames/panels/streamer_cyl_2pulses_000195_ne.png
Saving to output/frames/panels/streamer_cyl_2pulses_000195_E.png
Saving to output/frames/panels/streamer_cyl_2pulses_000195_phi.png
Saving to output/frames/panels/streamer_cyl_2pulses_000195_rho.png
Frame streamer_cyl_2pulses_000196
Saving to output/frames/panels/streamer_cyl_2pulses_000196_phi.png
Saving to output/frames/panels/streamer_cyl_2pulses_000196_ne.png
Saving to output/frames/panels/streamer_cyl_2pulses_000196_E.png
Saving to output/frames/panels/streamer_cyl_2pulses_000196_rho.png
Frame streamer_cyl_2pulses_000197
Saving to output/frames/panels/streamer_cyl_2pulses_000197_E.png
Saving to output/frames/panels/streamer_cyl_2pulses_000197_ne.png
Saving to output/frames/panels/streamer_cyl_2pulses_000197_rho.png
Saving to output/frames/panels/streamer_cyl_2pulses_000197_phi.png
Frame streamer_cyl_2pulses_000198
Saving to output/frames/panels/streamer_cyl_2pulses_000198_phi.png
Saving to output/frames/panels/streamer_cyl_2pulses_000198_ne.png
Saving to output/frames/panels/streamer_cyl_2pulses_000198_rho.png
Saving to output/frames/panels/streamer_cyl_2pulses_000198_E.png
Frame streamer_cyl_2pulses_000199
Saving to output/frames/panels/streamer_cyl_2pulses_000199_ne.png
Saving to output/frames/panels/streamer_cyl_2pulses_000199_E.png
Saving to output/frames/panels/streamer_cyl_2pulses_000199_rho.png
Saving to output/frames/panels/streamer_cyl_2pulses_000199_phi.png
Frame streamer_cyl_2pulses_000200
Saving to output/frames/panels/streamer_cyl_2pulses_000200_rho.png
Saving to output/frames/panels/streamer_cyl_2pulses_000200_phi.png
Saving to output/frames/panels/streamer_cyl_2pulses_000200_ne.png
Saving to output/frames/panels/streamer_cyl_2pulses_000200_E.png

Done.
Frames: output/frames/*.png
ffmpeg version 6.1.1-3ubuntu5 Copyright (c) 2000-2023 the FFmpeg developers
  built with gcc 13 (Ubuntu 13.2.0-23ubuntu3)
  configuration: --prefix=/usr --extra-version=3ubuntu5 --toolchain=hardened --libdir=/usr/lib/x86_64-linux-gnu --incdir=/usr/include/x86_64-linux-gnu --arch=amd64 --enable-gpl --disable-stripping --disable-omx --enable-gnutls --enable-libaom --enable-libass --enable-libbs2b --enable-libcaca --enable-libcdio --enable-libcodec2 --enable-libdav1d --enable-libflite --enable-libfontconfig --enable-libfreetype --enable-libfribidi --enable-libglslang --enable-libgme --enable-libgsm --enable-libharfbuzz --enable-libmp3lame --enable-libmysofa --enable-libopenjpeg --enable-libopenmpt --enable-libopus --enable-librubberband --enable-libshine --enable-libsnappy --enable-libsoxr --enable-libspeex --enable-libtheora --enable-libtwolame --enable-libvidstab --enable-libvorbis --enable-libvpx --enable-libwebp --enable-libx265 --enable-libxml2 --enable-libxvid --enable-libzimg --enable-openal --enable-opencl --enable-opengl --disable-sndio --enable-libvpl --disable-libmfx --enable-libdc1394 --enable-libdrm --enable-libiec61883 --enable-chromaprint --enable-frei0r --enable-ladspa --enable-libbluray --enable-libjack --enable-libpulse --enable-librabbitmq --enable-librist --enable-libsrt --enable-libssh --enable-libsvtav1 --enable-libx264 --enable-libzmq --enable-libzvbi --enable-lv2 --enable-sdl2 --enable-libplacebo --enable-librav1e --enable-pocketsphinx --enable-librsvg --enable-libjxl --enable-shared
  libavutil      58. 29.100 / 58. 29.100
  libavcodec     60. 31.102 / 60. 31.102
  libavformat    60. 16.100 / 60. 16.100
  libavdevice    60.  3.100 / 60.  3.100
  libavfilter     9. 12.100 /  9. 12.100
  libswscale      7.  5.100 /  7.  5.100
  libswresample   4. 12.100 /  4. 12.100
  libpostproc    57.  3.100 / 57.  3.100
Input #0, image2, from 'output/frames/*.png':
  Duration: 00:00:06.70, start: 0.000000, bitrate: N/A
  Stream #0:0: Video: png, rgb24(pc, gbr/bt709/unknown), 2180x1746, 30 fps, 30 tbr, 30 tbn
Stream mapping:
  Stream #0:0 -> #0:0 (png (native) -> h264 (libx264))
Press [q] to stop, [?] for help
[libx264 @ 0x592870259900] using cpu capabilities: MMX2 SSE2Fast SSSE3 SSE4.2 AVX FMA3 BMI2 AVX2 AVX512
[libx264 @ 0x592870259900] profile High, level 5.0, 4:2:0, 8-bit
[libx264 @ 0x592870259900] 264 - core 164 r3108 31e19f9 - H.264/MPEG-4 AVC codec - Copyleft 2003-2023 - http://www.videolan.org/x264.html - options: cabac=1 ref=3 deblock=1:0:0 analyse=0x3:0x113 me=hex subme=7 psy=1 psy_rd=1.00:0.00 mixed_ref=1 me_range=16 chroma_me=1 trellis=1 8x8dct=1 cqm=0 deadzone=21,11 fast_pskip=1 chroma_qp_offset=-2 threads=55 lookahead_threads=9 sliced_threads=0 nr=0 decimate=1 interlaced=0 bluray_compat=0 constrained_intra=0 bframes=3 b_pyramid=2 b_adapt=1 b_bias=0 direct=1 weightb=1 open_gop=0 weightp=2 keyint=250 keyint_min=25 scenecut=40 intra_refresh=0 rc_lookahead=40 rc=crf mbtree=1 crf=18.0 qcomp=0.60 qpmin=0 qpmax=69 qpstep=4 ip_ratio=1.40 aq=1:1.00
Output #0, mp4, to 'output/frames/movie.mp4':
  Metadata:
    encoder         : Lavf60.16.100
  Stream #0:0: Video: h264 (avc1 / 0x31637661), yuv420p(tv, unknown/bt709/unknown, progressive), 2180x1746, q=2-31, 30 fps, 15360 tbn
    Metadata:
      encoder         : Lavc60.31.102 libx264
    Side data:
      cpb: bitrate max/min/avg: 0/0/0 buffer size: 0 vbv_delay: N/A
frame=    0 fps=0.0 q=0.0 size=       0kB time=N/A bitrate=N/A speed=N/A    frame=    0 fps=0.0 q=0.0 size=       0kB time=N/A bitrate=N/A speed=N/A    frame=    0 fps=0.0 q=0.0 size=       0kB time=N/A bitrate=N/A speed=N/A    frame=    0 fps=0.0 q=0.0 size=       0kB time=N/A bitrate=N/A speed=N/A    frame=    0 fps=0.0 q=0.0 size=       0kB time=N/A bitrate=N/A speed=N/A    frame=    0 fps=0.0 q=0.0 size=       0kB time=N/A bitrate=N/A speed=N/A    frame=    0 fps=0.0 q=0.0 size=       0kB time=N/A bitrate=N/A speed=N/A    frame=    0 fps=0.0 q=0.0 size=       0kB time=N/A bitrate=N/A speed=N/A    frame=    0 fps=0.0 q=0.0 size=       0kB time=N/A bitrate=N/A speed=N/A    frame=    0 fps=0.0 q=0.0 size=       0kB time=N/A bitrate=N/A speed=N/A    frame=    0 fps=0.0 q=0.0 size=       0kB time=N/A bitrate=N/A speed=N/A    frame=    0 fps=0.0 q=0.0 size=       0kB time=N/A bitrate=N/A speed=N/A    frame=    0 fps=0.0 q=0.0 size=       0kB time=N/A bitrate=N/A speed=N/A    frame=    3 fps=0.4 q=24.0 size=       0kB time=00:00:00.00 bitrate=N/A speed=   0x    frame=   10 fps=1.3 q=24.0 size=     256kB time=00:00:00.26 bitrate=7865.8kbits/s speed=0.0341x    frame=   37 fps=4.4 q=24.0 size=     512kB time=00:00:01.16 bitrate=3595.4kbits/s speed=0.14x    frame=   49 fps=5.5 q=24.0 size=     512kB time=00:00:01.56 bitrate=2677.5kbits/s speed=0.175x    frame=   66 fps=6.9 q=24.0 size=    1024kB time=00:00:02.13 bitrate=3932.3kbits/s speed=0.224x    frame=   85 fps=8.5 q=24.0 size=    1024kB time=00:00:02.76 bitrate=3032.2kbits/s speed=0.276x    frame=  101 fps=9.6 q=24.0 size=    1280kB time=00:00:03.30 bitrate=3177.6kbits/s speed=0.313x    [out#0/mp4 @ 0x592870255700] video:2796kB audio:0kB subtitle:0kB other streams:0kB global headers:0kB muxing overhead: 0.096587%
frame=  201 fps= 18 q=-1.0 Lsize=    2798kB time=00:00:06.60 bitrate=3473.3kbits/s speed=0.585x    
[libx264 @ 0x592870259900] frame I:1     Avg QP:18.64  size: 75090
[libx264 @ 0x592870259900] frame P:117   Avg QP:18.18  size: 17009
[libx264 @ 0x592870259900] frame B:83    Avg QP:18.08  size:  9601
[libx264 @ 0x592870259900] consecutive B-frames: 36.8% 18.9% 16.4% 27.9%
[libx264 @ 0x592870259900] mb I  I16..4: 31.6% 58.0% 10.4%
[libx264 @ 0x592870259900] mb P  I16..4:  4.9% 17.6%  0.9%  P16..4:  8.5%  1.7%  0.7%  0.0%  0.0%    skip:65.7%
[libx264 @ 0x592870259900] mb B  I16..4:  2.4%  3.9%  0.5%  B16..8: 12.0%  1.3%  0.1%  direct: 6.3%  skip:73.4%  L0:52.8% L1:45.1% BI: 2.1%
[libx264 @ 0x592870259900] 8x8 transform intra:71.8% inter:59.9%
[libx264 @ 0x592870259900] coded y,uvDC,uvAC intra: 4.1% 10.7% 4.9% inter: 1.5% 5.2% 0.3%
[libx264 @ 0x592870259900] i16 v,h,dc,p: 65% 27%  1%  7%
[libx264 @ 0x592870259900] i8 v,h,dc,ddl,ddr,vr,hd,vl,hu: 68%  5% 25%  0%  1%  1%  0%  0%  0%
[libx264 @ 0x592870259900] i4 v,h,dc,ddl,ddr,vr,hd,vl,hu: 40% 21% 22%  2%  3%  3%  3%  4%  2%
[libx264 @ 0x592870259900] i8c dc,h,v,p: 75% 10% 13%  2%
[libx264 @ 0x592870259900] Weighted P-Frames: Y:0.0% UV:0.0%
[libx264 @ 0x592870259900] ref P L0: 72.6%  3.0% 17.6%  6.9%
[libx264 @ 0x592870259900] ref B L0: 78.3% 18.9%  2.9%
[libx264 @ 0x592870259900] ref B L1: 97.8%  2.2%
[libx264 @ 0x592870259900] kb/s:3417.34
Saved output/frames/movie.mp4
Found 101 silo files.
Using variables: phi=phi  E=electric_fld  ne=e  rho=rhs
Writing frames to output/frames/

Frame 1bar_20O2_20ns_interpulse_000000
Saving to output/frames/panels/1bar_20O2_20ns_interpulse_000000_ne.png
Saving to output/frames/panels/1bar_20O2_20ns_interpulse_000000_E.png
Saving to output/frames/panels/1bar_20O2_20ns_interpulse_000000_phi.png
Saving to output/frames/panels/1bar_20O2_20ns_interpulse_000000_rho.png
Frame 1bar_20O2_20ns_interpulse_000001
Saving to output/frames/panels/1bar_20O2_20ns_interpulse_000001_E.png
Saving to output/frames/panels/1bar_20O2_20ns_interpulse_000001_rho.png
Saving to output/frames/panels/1bar_20O2_20ns_interpulse_000001_ne.png
Saving to output/frames/panels/1bar_20O2_20ns_interpulse_000001_phi.png
Frame 1bar_20O2_20ns_interpulse_000002
Saving to output/frames/panels/1bar_20O2_20ns_interpulse_000002_phi.png
Saving to output/frames/panels/1bar_20O2_20ns_interpulse_000002_ne.png
Saving to output/frames/panels/1bar_20O2_20ns_interpulse_000002_rho.png
Saving to output/frames/panels/1bar_20O2_20ns_interpulse_000002_E.png
Frame 1bar_20O2_20ns_interpulse_000003
Saving to output/frames/panels/1bar_20O2_20ns_interpulse_000003_E.png
Saving to output/frames/panels/1bar_20O2_20ns_interpulse_000003_rho.png
Saving to output/frames/panels/1bar_20O2_20ns_interpulse_000003_ne.png
Saving to output/frames/panels/1bar_20O2_20ns_interpulse_000003_phi.png
Frame 1bar_20O2_20ns_interpulse_000004
Saving to output/frames/panels/1bar_20O2_20ns_interpulse_000004_ne.png
Saving to output/frames/panels/1bar_20O2_20ns_interpulse_000004_rho.png
Saving to output/frames/panels/1bar_20O2_20ns_interpulse_000004_phi.png
Saving to output/frames/panels/1bar_20O2_20ns_interpulse_000004_E.png
Frame 1bar_20O2_20ns_interpulse_000005
Saving to output/frames/panels/1bar_20O2_20ns_interpulse_000005_ne.png
Saving to output/frames/panels/1bar_20O2_20ns_interpulse_000005_rho.png
Saving to output/frames/panels/1bar_20O2_20ns_interpulse_000005_phi.png
Saving to output/frames/panels/1bar_20O2_20ns_interpulse_000005_E.png
Frame 1bar_20O2_20ns_interpulse_000006
Saving to output/frames/panels/1bar_20O2_20ns_interpulse_000006_ne.png
Saving to output/frames/panels/1bar_20O2_20ns_interpulse_000006_phi.png
Saving to output/frames/panels/1bar_20O2_20ns_interpulse_000006_rho.png
Saving to output/frames/panels/1bar_20O2_20ns_interpulse_000006_E.png
Frame 1bar_20O2_20ns_interpulse_000007
Saving to output/frames/panels/1bar_20O2_20ns_interpulse_000007_ne.png
Saving to output/frames/panels/1bar_20O2_20ns_interpulse_000007_E.png
Saving to output/frames/panels/1bar_20O2_20ns_interpulse_000007_rho.png
Saving to output/frames/panels/1bar_20O2_20ns_interpulse_000007_phi.png
Frame 1bar_20O2_20ns_interpulse_000008
Saving to output/frames/panels/1bar_20O2_20ns_interpulse_000008_E.png
Saving to output/frames/panels/1bar_20O2_20ns_interpulse_000008_phi.png
Saving to output/frames/panels/1bar_20O2_20ns_interpulse_000008_rho.png
Saving to output/frames/panels/1bar_20O2_20ns_interpulse_000008_ne.png
Frame 1bar_20O2_20ns_interpulse_000009
Saving to output/frames/panels/1bar_20O2_20ns_interpulse_000009_ne.png
Saving to output/frames/panels/1bar_20O2_20ns_interpulse_000009_rho.png
Saving to output/frames/panels/1bar_20O2_20ns_interpulse_000009_E.png
Saving to output/frames/panels/1bar_20O2_20ns_interpulse_000009_phi.png
Frame 1bar_20O2_20ns_interpulse_000010
Saving to output/frames/panels/1bar_20O2_20ns_interpulse_000010_E.png
Saving to output/frames/panels/1bar_20O2_20ns_interpulse_000010_phi.png
Saving to output/frames/panels/1bar_20O2_20ns_interpulse_000010_rho.png
Saving to output/frames/panels/1bar_20O2_20ns_interpulse_000010_ne.png
Frame 1bar_20O2_20ns_interpulse_000011
Saving to output/frames/panels/1bar_20O2_20ns_interpulse_000011_ne.png
Saving to output/frames/panels/1bar_20O2_20ns_interpulse_000011_E.png
Saving to output/frames/panels/1bar_20O2_20ns_interpulse_000011_rho.png
Saving to output/frames/panels/1bar_20O2_20ns_interpulse_000011_phi.png
Frame 1bar_20O2_20ns_interpulse_000012
Saving to output/frames/panels/1bar_20O2_20ns_interpulse_000012_ne.png
Saving to output/frames/panels/1bar_20O2_20ns_interpulse_000012_rho.png
Saving to output/frames/panels/1bar_20O2_20ns_interpulse_000012_phi.png
Saving to output/frames/panels/1bar_20O2_20ns_interpulse_000012_E.png
Frame 1bar_20O2_20ns_interpulse_000013
Saving to output/frames/panels/1bar_20O2_20ns_interpulse_000013_ne.png
Saving to output/frames/panels/1bar_20O2_20ns_interpulse_000013_E.png
Saving to output/frames/panels/1bar_20O2_20ns_interpulse_000013_phi.png
Saving to output/frames/panels/1bar_20O2_20ns_interpulse_000013_rho.png
Frame 1bar_20O2_20ns_interpulse_000014
Saving to output/frames/panels/1bar_20O2_20ns_interpulse_000014_rho.png
Saving to output/frames/panels/1bar_20O2_20ns_interpulse_000014_E.png
Saving to output/frames/panels/1bar_20O2_20ns_interpulse_000014_ne.png
Saving to output/frames/panels/1bar_20O2_20ns_interpulse_000014_phi.png
Frame 1bar_20O2_20ns_interpulse_000015
Saving to output/frames/panels/1bar_20O2_20ns_interpulse_000015_E.png
Saving to output/frames/panels/1bar_20O2_20ns_interpulse_000015_phi.png
Saving to output/frames/panels/1bar_20O2_20ns_interpulse_000015_ne.png
Saving to output/frames/panels/1bar_20O2_20ns_interpulse_000015_rho.png
Frame 1bar_20O2_20ns_interpulse_000016
Saving to output/frames/panels/1bar_20O2_20ns_interpulse_000016_E.png
Saving to output/frames/panels/1bar_20O2_20ns_interpulse_000016_ne.png
Saving to output/frames/panels/1bar_20O2_20ns_interpulse_000016_rho.png
Saving to output/frames/panels/1bar_20O2_20ns_interpulse_000016_phi.png
Frame 1bar_20O2_20ns_interpulse_000017
Saving to output/frames/panels/1bar_20O2_20ns_interpulse_000017_ne.png
Saving to output/frames/panels/1bar_20O2_20ns_interpulse_000017_E.png
Saving to output/frames/panels/1bar_20O2_20ns_interpulse_000017_rho.png
Saving to output/frames/panels/1bar_20O2_20ns_interpulse_000017_phi.png
Frame 1bar_20O2_20ns_interpulse_000018
Saving to output/frames/panels/1bar_20O2_20ns_interpulse_000018_rho.png
Saving to output/frames/panels/1bar_20O2_20ns_interpulse_000018_E.png
Saving to output/frames/panels/1bar_20O2_20ns_interpulse_000018_ne.png
Saving to output/frames/panels/1bar_20O2_20ns_interpulse_000018_phi.png
Frame 1bar_20O2_20ns_interpulse_000019
Saving to output/frames/panels/1bar_20O2_20ns_interpulse_000019_ne.png
Saving to output/frames/panels/1bar_20O2_20ns_interpulse_000019_E.png
Saving to output/frames/panels/1bar_20O2_20ns_interpulse_000019_phi.png
Saving to output/frames/panels/1bar_20O2_20ns_interpulse_000019_rho.png
Frame 1bar_20O2_20ns_interpulse_000020
Saving to output/frames/panels/1bar_20O2_20ns_interpulse_000020_ne.png
Saving to output/frames/panels/1bar_20O2_20ns_interpulse_000020_E.png
Saving to output/frames/panels/1bar_20O2_20ns_interpulse_000020_rho.png
Saving to output/frames/panels/1bar_20O2_20ns_interpulse_000020_phi.png
Frame 1bar_20O2_20ns_interpulse_000021
Saving to output/frames/panels/1bar_20O2_20ns_interpulse_000021_rho.png
Saving to output/frames/panels/1bar_20O2_20ns_interpulse_000021_E.png
Saving to output/frames/panels/1bar_20O2_20ns_interpulse_000021_ne.png
Saving to output/frames/panels/1bar_20O2_20ns_interpulse_000021_phi.png
Frame 1bar_20O2_20ns_interpulse_000022
Saving to output/frames/panels/1bar_20O2_20ns_interpulse_000022_phi.png
Saving to output/frames/panels/1bar_20O2_20ns_interpulse_000022_E.png
Saving to output/frames/panels/1bar_20O2_20ns_interpulse_000022_rho.png
Saving to output/frames/panels/1bar_20O2_20ns_interpulse_000022_ne.png
Frame 1bar_20O2_20ns_interpulse_000023
Saving to output/frames/panels/1bar_20O2_20ns_interpulse_000023_E.png
Saving to output/frames/panels/1bar_20O2_20ns_interpulse_000023_rho.png
Saving to output/frames/panels/1bar_20O2_20ns_interpulse_000023_ne.png
Saving to output/frames/panels/1bar_20O2_20ns_interpulse_000023_phi.png
Frame 1bar_20O2_20ns_interpulse_000024
Saving to output/frames/panels/1bar_20O2_20ns_interpulse_000024_ne.png
Saving to output/frames/panels/1bar_20O2_20ns_interpulse_000024_phi.png
Saving to output/frames/panels/1bar_20O2_20ns_interpulse_000024_rho.png
Saving to output/frames/panels/1bar_20O2_20ns_interpulse_000024_E.png
Frame 1bar_20O2_20ns_interpulse_000025
Saving to output/frames/panels/1bar_20O2_20ns_interpulse_000025_ne.png
Saving to output/frames/panels/1bar_20O2_20ns_interpulse_000025_rho.png
Saving to output/frames/panels/1bar_20O2_20ns_interpulse_000025_phi.png
Saving to output/frames/panels/1bar_20O2_20ns_interpulse_000025_E.png
Frame 1bar_20O2_20ns_interpulse_000026
Saving to output/frames/panels/1bar_20O2_20ns_interpulse_000026_rho.png
Saving to output/frames/panels/1bar_20O2_20ns_interpulse_000026_ne.png
Saving to output/frames/panels/1bar_20O2_20ns_interpulse_000026_E.png
Saving to output/frames/panels/1bar_20O2_20ns_interpulse_000026_phi.png
Frame 1bar_20O2_20ns_interpulse_000027
Saving to output/frames/panels/1bar_20O2_20ns_interpulse_000027_phi.png
Saving to output/frames/panels/1bar_20O2_20ns_interpulse_000027_ne.png
Saving to output/frames/panels/1bar_20O2_20ns_interpulse_000027_E.png
Saving to output/frames/panels/1bar_20O2_20ns_interpulse_000027_rho.png
Frame 1bar_20O2_20ns_interpulse_000028
Saving to output/frames/panels/1bar_20O2_20ns_interpulse_000028_ne.png
Saving to output/frames/panels/1bar_20O2_20ns_interpulse_000028_rho.png
Saving to output/frames/panels/1bar_20O2_20ns_interpulse_000028_E.png
Saving to output/frames/panels/1bar_20O2_20ns_interpulse_000028_phi.png
Frame 1bar_20O2_20ns_interpulse_000029
Saving to output/frames/panels/1bar_20O2_20ns_interpulse_000029_ne.png
Saving to output/frames/panels/1bar_20O2_20ns_interpulse_000029_E.png
Saving to output/frames/panels/1bar_20O2_20ns_interpulse_000029_phi.png
Saving to output/frames/panels/1bar_20O2_20ns_interpulse_000029_rho.png
Frame 1bar_20O2_20ns_interpulse_000030
Saving to output/frames/panels/1bar_20O2_20ns_interpulse_000030_E.png
Saving to output/frames/panels/1bar_20O2_20ns_interpulse_000030_ne.png
Saving to output/frames/panels/1bar_20O2_20ns_interpulse_000030_rho.png
Saving to output/frames/panels/1bar_20O2_20ns_interpulse_000030_phi.png
Frame 1bar_20O2_20ns_interpulse_000031
Saving to output/frames/panels/1bar_20O2_20ns_interpulse_000031_ne.png
Saving to output/frames/panels/1bar_20O2_20ns_interpulse_000031_E.png
Saving to output/frames/panels/1bar_20O2_20ns_interpulse_000031_rho.png
Saving to output/frames/panels/1bar_20O2_20ns_interpulse_000031_phi.png
Frame 1bar_20O2_20ns_interpulse_000032
Saving to output/frames/panels/1bar_20O2_20ns_interpulse_000032_ne.png
Saving to output/frames/panels/1bar_20O2_20ns_interpulse_000032_E.png
Saving to output/frames/panels/1bar_20O2_20ns_interpulse_000032_phi.png
Saving to output/frames/panels/1bar_20O2_20ns_interpulse_000032_rho.png
Frame 1bar_20O2_20ns_interpulse_000033
Saving to output/frames/panels/1bar_20O2_20ns_interpulse_000033_E.png
Saving to output/frames/panels/1bar_20O2_20ns_interpulse_000033_ne.png
Saving to output/frames/panels/1bar_20O2_20ns_interpulse_000033_phi.png
Saving to output/frames/panels/1bar_20O2_20ns_interpulse_000033_rho.png
Frame 1bar_20O2_20ns_interpulse_000034
Saving to output/frames/panels/1bar_20O2_20ns_interpulse_000034_ne.png
Saving to output/frames/panels/1bar_20O2_20ns_interpulse_000034_E.png
Saving to output/frames/panels/1bar_20O2_20ns_interpulse_000034_phi.png
Saving to output/frames/panels/1bar_20O2_20ns_interpulse_000034_rho.png
Frame 1bar_20O2_20ns_interpulse_000035
Saving to output/frames/panels/1bar_20O2_20ns_interpulse_000035_ne.png
Saving to output/frames/panels/1bar_20O2_20ns_interpulse_000035_rho.png
Saving to output/frames/panels/1bar_20O2_20ns_interpulse_000035_phi.png
Saving to output/frames/panels/1bar_20O2_20ns_interpulse_000035_E.png
Frame 1bar_20O2_20ns_interpulse_000036
Saving to output/frames/panels/1bar_20O2_20ns_interpulse_000036_ne.png
Saving to output/frames/panels/1bar_20O2_20ns_interpulse_000036_phi.png
Saving to output/frames/panels/1bar_20O2_20ns_interpulse_000036_rho.png
Saving to output/frames/panels/1bar_20O2_20ns_interpulse_000036_E.png
Frame 1bar_20O2_20ns_interpulse_000037
Saving to output/frames/panels/1bar_20O2_20ns_interpulse_000037_E.png
Saving to output/frames/panels/1bar_20O2_20ns_interpulse_000037_ne.png
Saving to output/frames/panels/1bar_20O2_20ns_interpulse_000037_rho.png
Saving to output/frames/panels/1bar_20O2_20ns_interpulse_000037_phi.png
Frame 1bar_20O2_20ns_interpulse_000038
Saving to output/frames/panels/1bar_20O2_20ns_interpulse_000038_ne.png
Saving to output/frames/panels/1bar_20O2_20ns_interpulse_000038_E.png
Saving to output/frames/panels/1bar_20O2_20ns_interpulse_000038_rho.png
Saving to output/frames/panels/1bar_20O2_20ns_interpulse_000038_phi.png
Frame 1bar_20O2_20ns_interpulse_000039
Saving to output/frames/panels/1bar_20O2_20ns_interpulse_000039_ne.png
Saving to output/frames/panels/1bar_20O2_20ns_interpulse_000039_rho.png
Saving to output/frames/panels/1bar_20O2_20ns_interpulse_000039_E.png
Saving to output/frames/panels/1bar_20O2_20ns_interpulse_000039_phi.png
Frame 1bar_20O2_20ns_interpulse_000040
Saving to output/frames/panels/1bar_20O2_20ns_interpulse_000040_phi.png
Saving to output/frames/panels/1bar_20O2_20ns_interpulse_000040_ne.png
Saving to output/frames/panels/1bar_20O2_20ns_interpulse_000040_rho.png
Saving to output/frames/panels/1bar_20O2_20ns_interpulse_000040_E.png
Frame 1bar_20O2_20ns_interpulse_000041
Saving to output/frames/panels/1bar_20O2_20ns_interpulse_000041_E.png
Saving to output/frames/panels/1bar_20O2_20ns_interpulse_000041_phi.png
Saving to output/frames/panels/1bar_20O2_20ns_interpulse_000041_rho.png
Saving to output/frames/panels/1bar_20O2_20ns_interpulse_000041_ne.png
Frame 1bar_20O2_20ns_interpulse_000042
Saving to output/frames/panels/1bar_20O2_20ns_interpulse_000042_E.png
Saving to output/frames/panels/1bar_20O2_20ns_interpulse_000042_phi.png
Saving to output/frames/panels/1bar_20O2_20ns_interpulse_000042_rho.png
Saving to output/frames/panels/1bar_20O2_20ns_interpulse_000042_ne.png
Frame 1bar_20O2_20ns_interpulse_000043
Saving to output/frames/panels/1bar_20O2_20ns_interpulse_000043_rho.png
Saving to output/frames/panels/1bar_20O2_20ns_interpulse_000043_E.png
Saving to output/frames/panels/1bar_20O2_20ns_interpulse_000043_phi.png
Saving to output/frames/panels/1bar_20O2_20ns_interpulse_000043_ne.png
Frame 1bar_20O2_20ns_interpulse_000044
Saving to output/frames/panels/1bar_20O2_20ns_interpulse_000044_E.png
Saving to output/frames/panels/1bar_20O2_20ns_interpulse_000044_rho.png
Saving to output/frames/panels/1bar_20O2_20ns_interpulse_000044_phi.png
Saving to output/frames/panels/1bar_20O2_20ns_interpulse_000044_ne.png
Frame 1bar_20O2_20ns_interpulse_000045
Saving to output/frames/panels/1bar_20O2_20ns_interpulse_000045_rho.png
Saving to output/frames/panels/1bar_20O2_20ns_interpulse_000045_E.png
Saving to output/frames/panels/1bar_20O2_20ns_interpulse_000045_phi.png
Saving to output/frames/panels/1bar_20O2_20ns_interpulse_000045_ne.png
Frame 1bar_20O2_20ns_interpulse_000046
Saving to output/frames/panels/1bar_20O2_20ns_interpulse_000046_ne.png
Saving to output/frames/panels/1bar_20O2_20ns_interpulse_000046_rho.png
Saving to output/frames/panels/1bar_20O2_20ns_interpulse_000046_E.png
Saving to output/frames/panels/1bar_20O2_20ns_interpulse_000046_phi.png
Frame 1bar_20O2_20ns_interpulse_000047
Saving to output/frames/panels/1bar_20O2_20ns_interpulse_000047_E.png
Saving to output/frames/panels/1bar_20O2_20ns_interpulse_000047_rho.png
Saving to output/frames/panels/1bar_20O2_20ns_interpulse_000047_phi.png
Saving to output/frames/panels/1bar_20O2_20ns_interpulse_000047_ne.png
Frame 1bar_20O2_20ns_interpulse_000048
Saving to output/frames/panels/1bar_20O2_20ns_interpulse_000048_E.png
Saving to output/frames/panels/1bar_20O2_20ns_interpulse_000048_rho.png
Saving to output/frames/panels/1bar_20O2_20ns_interpulse_000048_ne.png
Saving to output/frames/panels/1bar_20O2_20ns_interpulse_000048_phi.png
Frame 1bar_20O2_20ns_interpulse_000049
Saving to output/frames/panels/1bar_20O2_20ns_interpulse_000049_rho.png
Saving to output/frames/panels/1bar_20O2_20ns_interpulse_000049_ne.png
Saving to output/frames/panels/1bar_20O2_20ns_interpulse_000049_E.png
Saving to output/frames/panels/1bar_20O2_20ns_interpulse_000049_phi.png
Frame 1bar_20O2_20ns_interpulse_000050
Saving to output/frames/panels/1bar_20O2_20ns_interpulse_000050_E.png
Saving to output/frames/panels/1bar_20O2_20ns_interpulse_000050_rho.png
Saving to output/frames/panels/1bar_20O2_20ns_interpulse_000050_phi.png
Saving to output/frames/panels/1bar_20O2_20ns_interpulse_000050_ne.png
Frame 1bar_20O2_20ns_interpulse_000051
Saving to output/frames/panels/1bar_20O2_20ns_interpulse_000051_phi.png
Saving to output/frames/panels/1bar_20O2_20ns_interpulse_000051_ne.png
Saving to output/frames/panels/1bar_20O2_20ns_interpulse_000051_E.png
Saving to output/frames/panels/1bar_20O2_20ns_interpulse_000051_rho.png
Frame 1bar_20O2_20ns_interpulse_000052
Saving to output/frames/panels/1bar_20O2_20ns_interpulse_000052_E.png
Saving to output/frames/panels/1bar_20O2_20ns_interpulse_000052_rho.png
Saving to output/frames/panels/1bar_20O2_20ns_interpulse_000052_ne.png
Saving to output/frames/panels/1bar_20O2_20ns_interpulse_000052_phi.png
Frame 1bar_20O2_20ns_interpulse_000053
Saving to output/frames/panels/1bar_20O2_20ns_interpulse_000053_rho.png
Saving to output/frames/panels/1bar_20O2_20ns_interpulse_000053_ne.png
Saving to output/frames/panels/1bar_20O2_20ns_interpulse_000053_E.png
Saving to output/frames/panels/1bar_20O2_20ns_interpulse_000053_phi.png
Frame 1bar_20O2_20ns_interpulse_000054
Saving to output/frames/panels/1bar_20O2_20ns_interpulse_000054_E.png
Saving to output/frames/panels/1bar_20O2_20ns_interpulse_000054_ne.png
Saving to output/frames/panels/1bar_20O2_20ns_interpulse_000054_rho.png
Saving to output/frames/panels/1bar_20O2_20ns_interpulse_000054_phi.png
Frame 1bar_20O2_20ns_interpulse_000055
Saving to output/frames/panels/1bar_20O2_20ns_interpulse_000055_phi.png
Saving to output/frames/panels/1bar_20O2_20ns_interpulse_000055_ne.png
Saving to output/frames/panels/1bar_20O2_20ns_interpulse_000055_E.png
Saving to output/frames/panels/1bar_20O2_20ns_interpulse_000055_rho.png
Frame 1bar_20O2_20ns_interpulse_000056
Saving to output/frames/panels/1bar_20O2_20ns_interpulse_000056_rho.png
Saving to output/frames/panels/1bar_20O2_20ns_interpulse_000056_E.png
Saving to output/frames/panels/1bar_20O2_20ns_interpulse_000056_ne.png
Saving to output/frames/panels/1bar_20O2_20ns_interpulse_000056_phi.png
Frame 1bar_20O2_20ns_interpulse_000057
Saving to output/frames/panels/1bar_20O2_20ns_interpulse_000057_phi.png
Saving to output/frames/panels/1bar_20O2_20ns_interpulse_000057_rho.png
Saving to output/frames/panels/1bar_20O2_20ns_interpulse_000057_ne.png
Saving to output/frames/panels/1bar_20O2_20ns_interpulse_000057_E.png
Frame 1bar_20O2_20ns_interpulse_000058
Saving to output/frames/panels/1bar_20O2_20ns_interpulse_000058_E.png
Saving to output/frames/panels/1bar_20O2_20ns_interpulse_000058_ne.png
Saving to output/frames/panels/1bar_20O2_20ns_interpulse_000058_rho.png
Saving to output/frames/panels/1bar_20O2_20ns_interpulse_000058_phi.png
Frame 1bar_20O2_20ns_interpulse_000059
Saving to output/frames/panels/1bar_20O2_20ns_interpulse_000059_ne.png
Saving to output/frames/panels/1bar_20O2_20ns_interpulse_000059_rho.png
Saving to output/frames/panels/1bar_20O2_20ns_interpulse_000059_E.png
Saving to output/frames/panels/1bar_20O2_20ns_interpulse_000059_phi.png
Frame 1bar_20O2_20ns_interpulse_000060
Saving to output/frames/panels/1bar_20O2_20ns_interpulse_000060_ne.png
Saving to output/frames/panels/1bar_20O2_20ns_interpulse_000060_phi.png
Saving to output/frames/panels/1bar_20O2_20ns_interpulse_000060_E.png
Saving to output/frames/panels/1bar_20O2_20ns_interpulse_000060_rho.png
Frame 1bar_20O2_20ns_interpulse_000061
Saving to output/frames/panels/1bar_20O2_20ns_interpulse_000061_ne.png
Saving to output/frames/panels/1bar_20O2_20ns_interpulse_000061_E.png
Saving to output/frames/panels/1bar_20O2_20ns_interpulse_000061_rho.png
Saving to output/frames/panels/1bar_20O2_20ns_interpulse_000061_phi.png
Frame 1bar_20O2_20ns_interpulse_000062
Saving to output/frames/panels/1bar_20O2_20ns_interpulse_000062_phi.png
Saving to output/frames/panels/1bar_20O2_20ns_interpulse_000062_rho.png
Saving to output/frames/panels/1bar_20O2_20ns_interpulse_000062_E.png
Saving to output/frames/panels/1bar_20O2_20ns_interpulse_000062_ne.png
Frame 1bar_20O2_20ns_interpulse_000063
Saving to output/frames/panels/1bar_20O2_20ns_interpulse_000063_ne.png
Saving to output/frames/panels/1bar_20O2_20ns_interpulse_000063_rho.png
Saving to output/frames/panels/1bar_20O2_20ns_interpulse_000063_E.png
Saving to output/frames/panels/1bar_20O2_20ns_interpulse_000063_phi.png
Frame 1bar_20O2_20ns_interpulse_000064
Saving to output/frames/panels/1bar_20O2_20ns_interpulse_000064_E.png
Saving to output/frames/panels/1bar_20O2_20ns_interpulse_000064_rho.png
Saving to output/frames/panels/1bar_20O2_20ns_interpulse_000064_ne.png
Saving to output/frames/panels/1bar_20O2_20ns_interpulse_000064_phi.png
Frame 1bar_20O2_20ns_interpulse_000065
Saving to output/frames/panels/1bar_20O2_20ns_interpulse_000065_ne.png
Saving to output/frames/panels/1bar_20O2_20ns_interpulse_000065_rho.png
Saving to output/frames/panels/1bar_20O2_20ns_interpulse_000065_phi.png
Saving to output/frames/panels/1bar_20O2_20ns_interpulse_000065_E.png
Frame 1bar_20O2_20ns_interpulse_000066
Saving to output/frames/panels/1bar_20O2_20ns_interpulse_000066_phi.png
Saving to output/frames/panels/1bar_20O2_20ns_interpulse_000066_ne.png
Saving to output/frames/panels/1bar_20O2_20ns_interpulse_000066_E.png
Saving to output/frames/panels/1bar_20O2_20ns_interpulse_000066_rho.png
Frame 1bar_20O2_20ns_interpulse_000067
Saving to output/frames/panels/1bar_20O2_20ns_interpulse_000067_ne.png
Saving to output/frames/panels/1bar_20O2_20ns_interpulse_000067_E.png
Saving to output/frames/panels/1bar_20O2_20ns_interpulse_000067_phi.png
Saving to output/frames/panels/1bar_20O2_20ns_interpulse_000067_rho.png
Frame 1bar_20O2_20ns_interpulse_000068
Saving to output/frames/panels/1bar_20O2_20ns_interpulse_000068_ne.png
Saving to output/frames/panels/1bar_20O2_20ns_interpulse_000068_E.png
Saving to output/frames/panels/1bar_20O2_20ns_interpulse_000068_rho.png
Saving to output/frames/panels/1bar_20O2_20ns_interpulse_000068_phi.png
Frame 1bar_20O2_20ns_interpulse_000069
Saving to output/frames/panels/1bar_20O2_20ns_interpulse_000069_ne.png
Saving to output/frames/panels/1bar_20O2_20ns_interpulse_000069_E.png
Saving to output/frames/panels/1bar_20O2_20ns_interpulse_000069_rho.png
Saving to output/frames/panels/1bar_20O2_20ns_interpulse_000069_phi.png
Frame 1bar_20O2_20ns_interpulse_000070
Saving to output/frames/panels/1bar_20O2_20ns_interpulse_000070_ne.png
Saving to output/frames/panels/1bar_20O2_20ns_interpulse_000070_phi.png
Saving to output/frames/panels/1bar_20O2_20ns_interpulse_000070_rho.png
Saving to output/frames/panels/1bar_20O2_20ns_interpulse_000070_E.png
Frame 1bar_20O2_20ns_interpulse_000071
Saving to output/frames/panels/1bar_20O2_20ns_interpulse_000071_ne.png
Saving to output/frames/panels/1bar_20O2_20ns_interpulse_000071_phi.png
Saving to output/frames/panels/1bar_20O2_20ns_interpulse_000071_E.png
Saving to output/frames/panels/1bar_20O2_20ns_interpulse_000071_rho.png
Frame 1bar_20O2_20ns_interpulse_000072
Saving to output/frames/panels/1bar_20O2_20ns_interpulse_000072_rho.png
Saving to output/frames/panels/1bar_20O2_20ns_interpulse_000072_E.png
Saving to output/frames/panels/1bar_20O2_20ns_interpulse_000072_ne.png
Saving to output/frames/panels/1bar_20O2_20ns_interpulse_000072_phi.png
Frame 1bar_20O2_20ns_interpulse_000073
Saving to output/frames/panels/1bar_20O2_20ns_interpulse_000073_E.png
Saving to output/frames/panels/1bar_20O2_20ns_interpulse_000073_rho.png
Saving to output/frames/panels/1bar_20O2_20ns_interpulse_000073_phi.png
Saving to output/frames/panels/1bar_20O2_20ns_interpulse_000073_ne.png
Frame 1bar_20O2_20ns_interpulse_000074
Saving to output/frames/panels/1bar_20O2_20ns_interpulse_000074_E.png
Saving to output/frames/panels/1bar_20O2_20ns_interpulse_000074_phi.png
Saving to output/frames/panels/1bar_20O2_20ns_interpulse_000074_ne.png
Saving to output/frames/panels/1bar_20O2_20ns_interpulse_000074_rho.png
Frame 1bar_20O2_20ns_interpulse_000075
Saving to output/frames/panels/1bar_20O2_20ns_interpulse_000075_rho.png
Saving to output/frames/panels/1bar_20O2_20ns_interpulse_000075_E.png
Saving to output/frames/panels/1bar_20O2_20ns_interpulse_000075_ne.png
Saving to output/frames/panels/1bar_20O2_20ns_interpulse_000075_phi.png
Frame 1bar_20O2_20ns_interpulse_000076
Saving to output/frames/panels/1bar_20O2_20ns_interpulse_000076_E.png
Saving to output/frames/panels/1bar_20O2_20ns_interpulse_000076_ne.png
Saving to output/frames/panels/1bar_20O2_20ns_interpulse_000076_rho.png
Saving to output/frames/panels/1bar_20O2_20ns_interpulse_000076_phi.png
Frame 1bar_20O2_20ns_interpulse_000077
Saving to output/frames/panels/1bar_20O2_20ns_interpulse_000077_ne.png
Saving to output/frames/panels/1bar_20O2_20ns_interpulse_000077_E.png
Saving to output/frames/panels/1bar_20O2_20ns_interpulse_000077_rho.png
Saving to output/frames/panels/1bar_20O2_20ns_interpulse_000077_phi.png
Frame 1bar_20O2_20ns_interpulse_000078
Saving to output/frames/panels/1bar_20O2_20ns_interpulse_000078_ne.png
Saving to output/frames/panels/1bar_20O2_20ns_interpulse_000078_E.png
Saving to output/frames/panels/1bar_20O2_20ns_interpulse_000078_rho.png
Saving to output/frames/panels/1bar_20O2_20ns_interpulse_000078_phi.png
Frame 1bar_20O2_20ns_interpulse_000079
Saving to output/frames/panels/1bar_20O2_20ns_interpulse_000079_rho.png
Saving to output/frames/panels/1bar_20O2_20ns_interpulse_000079_phi.png
Saving to output/frames/panels/1bar_20O2_20ns_interpulse_000079_ne.png
Saving to output/frames/panels/1bar_20O2_20ns_interpulse_000079_E.png
Frame 1bar_20O2_20ns_interpulse_000080
Saving to output/frames/panels/1bar_20O2_20ns_interpulse_000080_ne.png
Saving to output/frames/panels/1bar_20O2_20ns_interpulse_000080_rho.png
Saving to output/frames/panels/1bar_20O2_20ns_interpulse_000080_phi.png
Saving to output/frames/panels/1bar_20O2_20ns_interpulse_000080_E.png
Frame 1bar_20O2_20ns_interpulse_000081
Saving to output/frames/panels/1bar_20O2_20ns_interpulse_000081_E.png
Saving to output/frames/panels/1bar_20O2_20ns_interpulse_000081_rho.png
Saving to output/frames/panels/1bar_20O2_20ns_interpulse_000081_phi.png
Saving to output/frames/panels/1bar_20O2_20ns_interpulse_000081_ne.png
Frame 1bar_20O2_20ns_interpulse_000082
Saving to output/frames/panels/1bar_20O2_20ns_interpulse_000082_rho.png
Saving to output/frames/panels/1bar_20O2_20ns_interpulse_000082_ne.png
Saving to output/frames/panels/1bar_20O2_20ns_interpulse_000082_phi.png
Saving to output/frames/panels/1bar_20O2_20ns_interpulse_000082_E.png
Frame 1bar_20O2_20ns_interpulse_000083
Saving to output/frames/panels/1bar_20O2_20ns_interpulse_000083_ne.png
Saving to output/frames/panels/1bar_20O2_20ns_interpulse_000083_E.png
Saving to output/frames/panels/1bar_20O2_20ns_interpulse_000083_phi.png
Saving to output/frames/panels/1bar_20O2_20ns_interpulse_000083_rho.png
Frame 1bar_20O2_20ns_interpulse_000084
Saving to output/frames/panels/1bar_20O2_20ns_interpulse_000084_rho.png
Saving to output/frames/panels/1bar_20O2_20ns_interpulse_000084_ne.png
Saving to output/frames/panels/1bar_20O2_20ns_interpulse_000084_phi.png
Saving to output/frames/panels/1bar_20O2_20ns_interpulse_000084_E.png
Frame 1bar_20O2_20ns_interpulse_000085
Saving to output/frames/panels/1bar_20O2_20ns_interpulse_000085_rho.png
Saving to output/frames/panels/1bar_20O2_20ns_interpulse_000085_ne.png
Saving to output/frames/panels/1bar_20O2_20ns_interpulse_000085_E.png
Saving to output/frames/panels/1bar_20O2_20ns_interpulse_000085_phi.png
Frame 1bar_20O2_20ns_interpulse_000086
Saving to output/frames/panels/1bar_20O2_20ns_interpulse_000086_rho.png
Saving to output/frames/panels/1bar_20O2_20ns_interpulse_000086_ne.png
Saving to output/frames/panels/1bar_20O2_20ns_interpulse_000086_phi.png
Saving to output/frames/panels/1bar_20O2_20ns_interpulse_000086_E.png
Frame 1bar_20O2_20ns_interpulse_000087
Saving to output/frames/panels/1bar_20O2_20ns_interpulse_000087_ne.png
Saving to output/frames/panels/1bar_20O2_20ns_interpulse_000087_phi.png
Saving to output/frames/panels/1bar_20O2_20ns_interpulse_000087_rho.png
Saving to output/frames/panels/1bar_20O2_20ns_interpulse_000087_E.png
Frame 1bar_20O2_20ns_interpulse_000088
Saving to output/frames/panels/1bar_20O2_20ns_interpulse_000088_ne.png
Saving to output/frames/panels/1bar_20O2_20ns_interpulse_000088_E.png
Saving to output/frames/panels/1bar_20O2_20ns_interpulse_000088_rho.png
Saving to output/frames/panels/1bar_20O2_20ns_interpulse_000088_phi.png
Frame 1bar_20O2_20ns_interpulse_000089
Saving to output/frames/panels/1bar_20O2_20ns_interpulse_000089_ne.png
Saving to output/frames/panels/1bar_20O2_20ns_interpulse_000089_E.png
Saving to output/frames/panels/1bar_20O2_20ns_interpulse_000089_rho.png
Saving to output/frames/panels/1bar_20O2_20ns_interpulse_000089_phi.png
Frame 1bar_20O2_20ns_interpulse_000090
Saving to output/frames/panels/1bar_20O2_20ns_interpulse_000090_ne.png
Saving to output/frames/panels/1bar_20O2_20ns_interpulse_000090_E.png
Saving to output/frames/panels/1bar_20O2_20ns_interpulse_000090_rho.png
Saving to output/frames/panels/1bar_20O2_20ns_interpulse_000090_phi.png
Frame 1bar_20O2_20ns_interpulse_000091
Saving to output/frames/panels/1bar_20O2_20ns_interpulse_000091_ne.png
Saving to output/frames/panels/1bar_20O2_20ns_interpulse_000091_rho.png
Saving to output/frames/panels/1bar_20O2_20ns_interpulse_000091_phi.png
Saving to output/frames/panels/1bar_20O2_20ns_interpulse_000091_E.png
Frame 1bar_20O2_20ns_interpulse_000092
Saving to output/frames/panels/1bar_20O2_20ns_interpulse_000092_rho.png
Saving to output/frames/panels/1bar_20O2_20ns_interpulse_000092_ne.png
Saving to output/frames/panels/1bar_20O2_20ns_interpulse_000092_E.png
Saving to output/frames/panels/1bar_20O2_20ns_interpulse_000092_phi.png
Frame 1bar_20O2_20ns_interpulse_000093
Saving to output/frames/panels/1bar_20O2_20ns_interpulse_000093_ne.png
Saving to output/frames/panels/1bar_20O2_20ns_interpulse_000093_rho.png
Saving to output/frames/panels/1bar_20O2_20ns_interpulse_000093_E.png
Saving to output/frames/panels/1bar_20O2_20ns_interpulse_000093_phi.png
Frame 1bar_20O2_20ns_interpulse_000094
Saving to output/frames/panels/1bar_20O2_20ns_interpulse_000094_E.png
Saving to output/frames/panels/1bar_20O2_20ns_interpulse_000094_phi.png
Saving to output/frames/panels/1bar_20O2_20ns_interpulse_000094_ne.png
Saving to output/frames/panels/1bar_20O2_20ns_interpulse_000094_rho.png
Frame 1bar_20O2_20ns_interpulse_000095
Saving to output/frames/panels/1bar_20O2_20ns_interpulse_000095_ne.png
Saving to output/frames/panels/1bar_20O2_20ns_interpulse_000095_E.png
Saving to output/frames/panels/1bar_20O2_20ns_interpulse_000095_phi.png
Saving to output/frames/panels/1bar_20O2_20ns_interpulse_000095_rho.png
Frame 1bar_20O2_20ns_interpulse_000096
Saving to output/frames/panels/1bar_20O2_20ns_interpulse_000096_E.png
Saving to output/frames/panels/1bar_20O2_20ns_interpulse_000096_rho.png
Saving to output/frames/panels/1bar_20O2_20ns_interpulse_000096_ne.png
Saving to output/frames/panels/1bar_20O2_20ns_interpulse_000096_phi.png
Frame 1bar_20O2_20ns_interpulse_000097
Saving to output/frames/panels/1bar_20O2_20ns_interpulse_000097_rho.png
Saving to output/frames/panels/1bar_20O2_20ns_interpulse_000097_ne.png
Saving to output/frames/panels/1bar_20O2_20ns_interpulse_000097_phi.png
Saving to output/frames/panels/1bar_20O2_20ns_interpulse_000097_E.png
Frame 1bar_20O2_20ns_interpulse_000098
Saving to output/frames/panels/1bar_20O2_20ns_interpulse_000098_ne.png
Saving to output/frames/panels/1bar_20O2_20ns_interpulse_000098_E.png
Saving to output/frames/panels/1bar_20O2_20ns_interpulse_000098_phi.png
Saving to output/frames/panels/1bar_20O2_20ns_interpulse_000098_rho.png
Frame 1bar_20O2_20ns_interpulse_000099
Saving to output/frames/panels/1bar_20O2_20ns_interpulse_000099_E.png
Saving to output/frames/panels/1bar_20O2_20ns_interpulse_000099_ne.png
Saving to output/frames/panels/1bar_20O2_20ns_interpulse_000099_phi.png
Saving to output/frames/panels/1bar_20O2_20ns_interpulse_000099_rho.png
Frame 1bar_20O2_20ns_interpulse_000100
Saving to output/frames/panels/1bar_20O2_20ns_interpulse_000100_ne.png
Saving to output/frames/panels/1bar_20O2_20ns_interpulse_000100_rho.png
Saving to output/frames/panels/1bar_20O2_20ns_interpulse_000100_E.png
Saving to output/frames/panels/1bar_20O2_20ns_interpulse_000100_phi.png

Done.
Frames: output/frames/*.png
ffmpeg version 6.1.1-3ubuntu5 Copyright (c) 2000-2023 the FFmpeg developers
  built with gcc 13 (Ubuntu 13.2.0-23ubuntu3)
  configuration: --prefix=/usr --extra-version=3ubuntu5 --toolchain=hardened --libdir=/usr/lib/x86_64-linux-gnu --incdir=/usr/include/x86_64-linux-gnu --arch=amd64 --enable-gpl --disable-stripping --disable-omx --enable-gnutls --enable-libaom --enable-libass --enable-libbs2b --enable-libcaca --enable-libcdio --enable-libcodec2 --enable-libdav1d --enable-libflite --enable-libfontconfig --enable-libfreetype --enable-libfribidi --enable-libglslang --enable-libgme --enable-libgsm --enable-libharfbuzz --enable-libmp3lame --enable-libmysofa --enable-libopenjpeg --enable-libopenmpt --enable-libopus --enable-librubberband --enable-libshine --enable-libsnappy --enable-libsoxr --enable-libspeex --enable-libtheora --enable-libtwolame --enable-libvidstab --enable-libvorbis --enable-libvpx --enable-libwebp --enable-libx265 --enable-libxml2 --enable-libxvid --enable-libzimg --enable-openal --enable-opencl --enable-opengl --disable-sndio --enable-libvpl --disable-libmfx --enable-libdc1394 --enable-libdrm --enable-libiec61883 --enable-chromaprint --enable-frei0r --enable-ladspa --enable-libbluray --enable-libjack --enable-libpulse --enable-librabbitmq --enable-librist --enable-libsrt --enable-libssh --enable-libsvtav1 --enable-libx264 --enable-libzmq --enable-libzvbi --enable-lv2 --enable-sdl2 --enable-libplacebo --enable-librav1e --enable-pocketsphinx --enable-librsvg --enable-libjxl --enable-shared
  libavutil      58. 29.100 / 58. 29.100
  libavcodec     60. 31.102 / 60. 31.102
  libavformat    60. 16.100 / 60. 16.100
  libavdevice    60.  3.100 / 60.  3.100
  libavfilter     9. 12.100 /  9. 12.100
  libswscale      7.  5.100 /  7.  5.100
  libswresample   4. 12.100 /  4. 12.100
  libpostproc    57.  3.100 / 57.  3.100
Input #0, image2, from 'output/frames/*.png':
  Duration: 00:00:03.37, start: 0.000000, bitrate: N/A
  Stream #0:0: Video: png, rgb24(pc, gbr/bt709/unknown), 2180x1746, 30 fps, 30 tbr, 30 tbn
Stream mapping:
  Stream #0:0 -> #0:0 (png (native) -> h264 (libx264))
Press [q] to stop, [?] for help
[libx264 @ 0x593a63921540] using cpu capabilities: MMX2 SSE2Fast SSSE3 SSE4.2 AVX FMA3 BMI2 AVX2 AVX512
[libx264 @ 0x593a63921540] profile High, level 5.0, 4:2:0, 8-bit
[libx264 @ 0x593a63921540] 264 - core 164 r3108 31e19f9 - H.264/MPEG-4 AVC codec - Copyleft 2003-2023 - http://www.videolan.org/x264.html - options: cabac=1 ref=3 deblock=1:0:0 analyse=0x3:0x113 me=hex subme=7 psy=1 psy_rd=1.00:0.00 mixed_ref=1 me_range=16 chroma_me=1 trellis=1 8x8dct=1 cqm=0 deadzone=21,11 fast_pskip=1 chroma_qp_offset=-2 threads=55 lookahead_threads=9 sliced_threads=0 nr=0 decimate=1 interlaced=0 bluray_compat=0 constrained_intra=0 bframes=3 b_pyramid=2 b_adapt=1 b_bias=0 direct=1 weightb=1 open_gop=0 weightp=2 keyint=250 keyint_min=25 scenecut=40 intra_refresh=0 rc_lookahead=40 rc=crf mbtree=1 crf=18.0 qcomp=0.60 qpmin=0 qpmax=69 qpstep=4 ip_ratio=1.40 aq=1:1.00
Output #0, mp4, to 'output/frames/movie.mp4':
  Metadata:
    encoder         : Lavf60.16.100
  Stream #0:0: Video: h264 (avc1 / 0x31637661), yuv420p(tv, unknown/bt709/unknown, progressive), 2180x1746, q=2-31, 30 fps, 15360 tbn
    Metadata:
      encoder         : Lavc60.31.102 libx264
    Side data:
      cpb: bitrate max/min/avg: 0/0/0 buffer size: 0 vbv_delay: N/A
frame=    0 fps=0.0 q=0.0 size=       0kB time=N/A bitrate=N/A speed=N/A    frame=    0 fps=0.0 q=0.0 size=       0kB time=N/A bitrate=N/A speed=N/A    frame=    0 fps=0.0 q=0.0 size=       0kB time=N/A bitrate=N/A speed=N/A    frame=    0 fps=0.0 q=0.0 size=       0kB time=N/A bitrate=N/A speed=N/A    frame=    0 fps=0.0 q=0.0 size=       0kB time=N/A bitrate=N/A speed=N/A    frame=    0 fps=0.0 q=0.0 size=       0kB time=N/A bitrate=N/A speed=N/A    frame=    0 fps=0.0 q=0.0 size=       0kB time=N/A bitrate=N/A speed=N/A    frame=    0 fps=0.0 q=0.0 size=       0kB time=N/A bitrate=N/A speed=N/A    frame=    0 fps=0.0 q=0.0 size=       0kB time=N/A bitrate=N/A speed=N/A    frame=    2 fps=0.3 q=24.0 size=       0kB time=-00:00:00.03 bitrate=N/A speed=N/A    [out#0/mp4 @ 0x593a63926600] video:1311kB audio:0kB subtitle:0kB other streams:0kB global headers:0kB muxing overhead: 0.141021%
frame=  101 fps= 15 q=-1.0 Lsize=    1313kB time=00:00:03.26 bitrate=3292.0kbits/s speed=0.474x    
[libx264 @ 0x593a63921540] frame I:1     Avg QP:19.45  size: 65107
[libx264 @ 0x593a63921540] frame P:52    Avg QP:18.53  size: 17416
[libx264 @ 0x593a63921540] frame B:48    Avg QP:18.38  size:  7728
[libx264 @ 0x593a63921540] consecutive B-frames: 29.7% 13.9% 20.8% 35.6%
[libx264 @ 0x593a63921540] mb I  I16..4: 31.7% 58.7%  9.6%
[libx264 @ 0x593a63921540] mb P  I16..4:  5.2% 20.1%  1.2%  P16..4:  7.1%  1.5%  0.6%  0.0%  0.0%    skip:64.4%
[libx264 @ 0x593a63921540] mb B  I16..4:  2.0%  3.8%  0.4%  B16..8: 10.2%  1.0%  0.1%  direct: 6.5%  skip:75.9%  L0:51.7% L1:46.2% BI: 2.1%
[libx264 @ 0x593a63921540] 8x8 transform intra:72.5% inter:53.6%
[libx264 @ 0x593a63921540] coded y,uvDC,uvAC intra: 4.0% 9.2% 4.1% inter: 1.2% 5.1% 0.3%
[libx264 @ 0x593a63921540] i16 v,h,dc,p: 68% 26%  1%  5%
[libx264 @ 0x593a63921540] i8 v,h,dc,ddl,ddr,vr,hd,vl,hu: 68%  7% 23%  0%  0%  0%  0%  0%  0%
[libx264 @ 0x593a63921540] i4 v,h,dc,ddl,ddr,vr,hd,vl,hu: 42% 20% 21%  2%  3%  3%  3%  4%  2%
[libx264 @ 0x593a63921540] i8c dc,h,v,p: 77%  9% 12%  2%
[libx264 @ 0x593a63921540] Weighted P-Frames: Y:0.0% UV:0.0%
[libx264 @ 0x593a63921540] ref P L0: 71.3%  2.1% 18.9%  7.7%
[libx264 @ 0x593a63921540] ref B L0: 79.7% 16.8%  3.6%
[libx264 @ 0x593a63921540] ref B L1: 97.9%  2.1%
[libx264 @ 0x593a63921540] kb/s:3188.11
Saved output/frames/movie.mp4
Found 101 silo files.
Using variables: phi=phi  E=electric_fld  ne=e  rho=rhs
Writing frames to output/frames/

Frame 1bar_20O2_20ns_interpulse_000000
Saving to output/frames/panels/1bar_20O2_20ns_interpulse_000000_phi.png
Saving to output/frames/panels/1bar_20O2_20ns_interpulse_000000_rho.png
Saving to output/frames/panels/1bar_20O2_20ns_interpulse_000000_E.png
Saving to output/frames/panels/1bar_20O2_20ns_interpulse_000000_ne.png
Frame 1bar_20O2_20ns_interpulse_000001
Saving to output/frames/panels/1bar_20O2_20ns_interpulse_000001_rho.png
Saving to output/frames/panels/1bar_20O2_20ns_interpulse_000001_E.png
Saving to output/frames/panels/1bar_20O2_20ns_interpulse_000001_phi.png
Saving to output/frames/panels/1bar_20O2_20ns_interpulse_000001_ne.png
Frame 1bar_20O2_20ns_interpulse_000002
Saving to output/frames/panels/1bar_20O2_20ns_interpulse_000002_E.png
Saving to output/frames/panels/1bar_20O2_20ns_interpulse_000002_ne.png
Saving to output/frames/panels/1bar_20O2_20ns_interpulse_000002_phi.png
Saving to output/frames/panels/1bar_20O2_20ns_interpulse_000002_rho.png
Frame 1bar_20O2_20ns_interpulse_000003
Saving to output/frames/panels/1bar_20O2_20ns_interpulse_000003_rho.png
Saving to output/frames/panels/1bar_20O2_20ns_interpulse_000003_ne.png
Saving to output/frames/panels/1bar_20O2_20ns_interpulse_000003_E.png
Saving to output/frames/panels/1bar_20O2_20ns_interpulse_000003_phi.png
Frame 1bar_20O2_20ns_interpulse_000004
Saving to output/frames/panels/1bar_20O2_20ns_interpulse_000004_rho.png
Saving to output/frames/panels/1bar_20O2_20ns_interpulse_000004_ne.png
Saving to output/frames/panels/1bar_20O2_20ns_interpulse_000004_phi.png
Saving to output/frames/panels/1bar_20O2_20ns_interpulse_000004_E.png
Frame 1bar_20O2_20ns_interpulse_000005
Saving to output/frames/panels/1bar_20O2_20ns_interpulse_000005_ne.png
Saving to output/frames/panels/1bar_20O2_20ns_interpulse_000005_E.png
Saving to output/frames/panels/1bar_20O2_20ns_interpulse_000005_rho.png
Saving to output/frames/panels/1bar_20O2_20ns_interpulse_000005_phi.png
Frame 1bar_20O2_20ns_interpulse_000006
Saving to output/frames/panels/1bar_20O2_20ns_interpulse_000006_ne.png
Saving to output/frames/panels/1bar_20O2_20ns_interpulse_000006_phi.png
Saving to output/frames/panels/1bar_20O2_20ns_interpulse_000006_rho.png
Saving to output/frames/panels/1bar_20O2_20ns_interpulse_000006_E.png
Frame 1bar_20O2_20ns_interpulse_000007
Saving to output/frames/panels/1bar_20O2_20ns_interpulse_000007_rho.png
Saving to output/frames/panels/1bar_20O2_20ns_interpulse_000007_ne.png
Saving to output/frames/panels/1bar_20O2_20ns_interpulse_000007_phi.png
Saving to output/frames/panels/1bar_20O2_20ns_interpulse_000007_E.png
Frame 1bar_20O2_20ns_interpulse_000008
Saving to output/frames/panels/1bar_20O2_20ns_interpulse_000008_rho.png
Saving to output/frames/panels/1bar_20O2_20ns_interpulse_000008_E.png
Saving to output/frames/panels/1bar_20O2_20ns_interpulse_000008_ne.png
Saving to output/frames/panels/1bar_20O2_20ns_interpulse_000008_phi.png
Frame 1bar_20O2_20ns_interpulse_000009
Saving to output/frames/panels/1bar_20O2_20ns_interpulse_000009_ne.png
Saving to output/frames/panels/1bar_20O2_20ns_interpulse_000009_E.png
Saving to output/frames/panels/1bar_20O2_20ns_interpulse_000009_phi.png
Saving to output/frames/panels/1bar_20O2_20ns_interpulse_000009_rho.png
Frame 1bar_20O2_20ns_interpulse_000010
Saving to output/frames/panels/1bar_20O2_20ns_interpulse_000010_ne.png
Saving to output/frames/panels/1bar_20O2_20ns_interpulse_000010_rho.png
Saving to output/frames/panels/1bar_20O2_20ns_interpulse_000010_E.png
Saving to output/frames/panels/1bar_20O2_20ns_interpulse_000010_phi.png
Frame 1bar_20O2_20ns_interpulse_000011
Saving to output/frames/panels/1bar_20O2_20ns_interpulse_000011_ne.png
Saving to output/frames/panels/1bar_20O2_20ns_interpulse_000011_rho.png
Saving to output/frames/panels/1bar_20O2_20ns_interpulse_000011_E.png
Saving to output/frames/panels/1bar_20O2_20ns_interpulse_000011_phi.png
Frame 1bar_20O2_20ns_interpulse_000012
Saving to output/frames/panels/1bar_20O2_20ns_interpulse_000012_rho.png
Saving to output/frames/panels/1bar_20O2_20ns_interpulse_000012_ne.png
Saving to output/frames/panels/1bar_20O2_20ns_interpulse_000012_phi.png
Saving to output/frames/panels/1bar_20O2_20ns_interpulse_000012_E.png
Frame 1bar_20O2_20ns_interpulse_000013
Saving to output/frames/panels/1bar_20O2_20ns_interpulse_000013_ne.png
Saving to output/frames/panels/1bar_20O2_20ns_interpulse_000013_E.png
Saving to output/frames/panels/1bar_20O2_20ns_interpulse_000013_rho.png
Saving to output/frames/panels/1bar_20O2_20ns_interpulse_000013_phi.png
Frame 1bar_20O2_20ns_interpulse_000014
Saving to output/frames/panels/1bar_20O2_20ns_interpulse_000014_rho.png
Saving to output/frames/panels/1bar_20O2_20ns_interpulse_000014_ne.png
Saving to output/frames/panels/1bar_20O2_20ns_interpulse_000014_E.png
Saving to output/frames/panels/1bar_20O2_20ns_interpulse_000014_phi.png
Frame 1bar_20O2_20ns_interpulse_000015
Saving to output/frames/panels/1bar_20O2_20ns_interpulse_000015_ne.png
Saving to output/frames/panels/1bar_20O2_20ns_interpulse_000015_rho.png
Saving to output/frames/panels/1bar_20O2_20ns_interpulse_000015_E.png
Saving to output/frames/panels/1bar_20O2_20ns_interpulse_000015_phi.png
Frame 1bar_20O2_20ns_interpulse_000016
Saving to output/frames/panels/1bar_20O2_20ns_interpulse_000016_rho.png
Saving to output/frames/panels/1bar_20O2_20ns_interpulse_000016_ne.png
Saving to output/frames/panels/1bar_20O2_20ns_interpulse_000016_phi.png
Saving to output/frames/panels/1bar_20O2_20ns_interpulse_000016_E.png
Frame 1bar_20O2_20ns_interpulse_000017
Saving to output/frames/panels/1bar_20O2_20ns_interpulse_000017_rho.png
Saving to output/frames/panels/1bar_20O2_20ns_interpulse_000017_phi.png
Saving to output/frames/panels/1bar_20O2_20ns_interpulse_000017_ne.png
Saving to output/frames/panels/1bar_20O2_20ns_interpulse_000017_E.png
Frame 1bar_20O2_20ns_interpulse_000018
Saving to output/frames/panels/1bar_20O2_20ns_interpulse_000018_ne.png
Saving to output/frames/panels/1bar_20O2_20ns_interpulse_000018_rho.png
Saving to output/frames/panels/1bar_20O2_20ns_interpulse_000018_E.png
Saving to output/frames/panels/1bar_20O2_20ns_interpulse_000018_phi.png
Frame 1bar_20O2_20ns_interpulse_000019
Saving to output/frames/panels/1bar_20O2_20ns_interpulse_000019_ne.png
Saving to output/frames/panels/1bar_20O2_20ns_interpulse_000019_rho.png
Saving to output/frames/panels/1bar_20O2_20ns_interpulse_000019_phi.png
Saving to output/frames/panels/1bar_20O2_20ns_interpulse_000019_E.png
Frame 1bar_20O2_20ns_interpulse_000020
Saving to output/frames/panels/1bar_20O2_20ns_interpulse_000020_phi.png
Saving to output/frames/panels/1bar_20O2_20ns_interpulse_000020_E.png
Saving to output/frames/panels/1bar_20O2_20ns_interpulse_000020_ne.png
Saving to output/frames/panels/1bar_20O2_20ns_interpulse_000020_rho.png
Frame 1bar_20O2_20ns_interpulse_000021
Saving to output/frames/panels/1bar_20O2_20ns_interpulse_000021_ne.png
Saving to output/frames/panels/1bar_20O2_20ns_interpulse_000021_rho.png
Saving to output/frames/panels/1bar_20O2_20ns_interpulse_000021_E.png
Saving to output/frames/panels/1bar_20O2_20ns_interpulse_000021_phi.png
Frame 1bar_20O2_20ns_interpulse_000022
Saving to output/frames/panels/1bar_20O2_20ns_interpulse_000022_rho.png
Saving to output/frames/panels/1bar_20O2_20ns_interpulse_000022_E.png
Saving to output/frames/panels/1bar_20O2_20ns_interpulse_000022_ne.png
Saving to output/frames/panels/1bar_20O2_20ns_interpulse_000022_phi.png
Frame 1bar_20O2_20ns_interpulse_000023
Saving to output/frames/panels/1bar_20O2_20ns_interpulse_000023_ne.png
Saving to output/frames/panels/1bar_20O2_20ns_interpulse_000023_rho.png
Saving to output/frames/panels/1bar_20O2_20ns_interpulse_000023_phi.png
Saving to output/frames/panels/1bar_20O2_20ns_interpulse_000023_E.png
Frame 1bar_20O2_20ns_interpulse_000024
Saving to output/frames/panels/1bar_20O2_20ns_interpulse_000024_ne.png
Saving to output/frames/panels/1bar_20O2_20ns_interpulse_000024_rho.png
Saving to output/frames/panels/1bar_20O2_20ns_interpulse_000024_phi.png
Saving to output/frames/panels/1bar_20O2_20ns_interpulse_000024_E.png
Frame 1bar_20O2_20ns_interpulse_000025
Saving to output/frames/panels/1bar_20O2_20ns_interpulse_000025_ne.png
Saving to output/frames/panels/1bar_20O2_20ns_interpulse_000025_E.png
Saving to output/frames/panels/1bar_20O2_20ns_interpulse_000025_rho.png
Saving to output/frames/panels/1bar_20O2_20ns_interpulse_000025_phi.png
Frame 1bar_20O2_20ns_interpulse_000026
Saving to output/frames/panels/1bar_20O2_20ns_interpulse_000026_ne.png
Saving to output/frames/panels/1bar_20O2_20ns_interpulse_000026_rho.png
Saving to output/frames/panels/1bar_20O2_20ns_interpulse_000026_phi.png
Saving to output/frames/panels/1bar_20O2_20ns_interpulse_000026_E.png
Frame 1bar_20O2_20ns_interpulse_000027
Saving to output/frames/panels/1bar_20O2_20ns_interpulse_000027_ne.png
Saving to output/frames/panels/1bar_20O2_20ns_interpulse_000027_rho.png
Saving to output/frames/panels/1bar_20O2_20ns_interpulse_000027_phi.png
Saving to output/frames/panels/1bar_20O2_20ns_interpulse_000027_E.png
Frame 1bar_20O2_20ns_interpulse_000028
Saving to output/frames/panels/1bar_20O2_20ns_interpulse_000028_rho.png
Saving to output/frames/panels/1bar_20O2_20ns_interpulse_000028_ne.png
Saving to output/frames/panels/1bar_20O2_20ns_interpulse_000028_E.png
Saving to output/frames/panels/1bar_20O2_20ns_interpulse_000028_phi.png
Frame 1bar_20O2_20ns_interpulse_000029
Saving to output/frames/panels/1bar_20O2_20ns_interpulse_000029_rho.png
Saving to output/frames/panels/1bar_20O2_20ns_interpulse_000029_ne.png
Saving to output/frames/panels/1bar_20O2_20ns_interpulse_000029_E.png
Saving to output/frames/panels/1bar_20O2_20ns_interpulse_000029_phi.png
Frame 1bar_20O2_20ns_interpulse_000030
Saving to output/frames/panels/1bar_20O2_20ns_interpulse_000030_ne.png
Saving to output/frames/panels/1bar_20O2_20ns_interpulse_000030_E.png
Saving to output/frames/panels/1bar_20O2_20ns_interpulse_000030_rho.png
Saving to output/frames/panels/1bar_20O2_20ns_interpulse_000030_phi.png
Frame 1bar_20O2_20ns_interpulse_000031
Saving to output/frames/panels/1bar_20O2_20ns_interpulse_000031_phi.png
Saving to output/frames/panels/1bar_20O2_20ns_interpulse_000031_ne.png
Saving to output/frames/panels/1bar_20O2_20ns_interpulse_000031_rho.png
Saving to output/frames/panels/1bar_20O2_20ns_interpulse_000031_E.png
Frame 1bar_20O2_20ns_interpulse_000032
Saving to output/frames/panels/1bar_20O2_20ns_interpulse_000032_ne.png
Saving to output/frames/panels/1bar_20O2_20ns_interpulse_000032_rho.png
Saving to output/frames/panels/1bar_20O2_20ns_interpulse_000032_phi.png
Saving to output/frames/panels/1bar_20O2_20ns_interpulse_000032_E.png
Frame 1bar_20O2_20ns_interpulse_000033
Saving to output/frames/panels/1bar_20O2_20ns_interpulse_000033_ne.png
Saving to output/frames/panels/1bar_20O2_20ns_interpulse_000033_rho.png
Saving to output/frames/panels/1bar_20O2_20ns_interpulse_000033_E.png
Saving to output/frames/panels/1bar_20O2_20ns_interpulse_000033_phi.png
Frame 1bar_20O2_20ns_interpulse_000034
Saving to output/frames/panels/1bar_20O2_20ns_interpulse_000034_phi.png
Saving to output/frames/panels/1bar_20O2_20ns_interpulse_000034_ne.png
Saving to output/frames/panels/1bar_20O2_20ns_interpulse_000034_rho.png
Saving to output/frames/panels/1bar_20O2_20ns_interpulse_000034_E.png
Frame 1bar_20O2_20ns_interpulse_000035
Saving to output/frames/panels/1bar_20O2_20ns_interpulse_000035_phi.png
Saving to output/frames/panels/1bar_20O2_20ns_interpulse_000035_E.png
Saving to output/frames/panels/1bar_20O2_20ns_interpulse_000035_rho.png
Saving to output/frames/panels/1bar_20O2_20ns_interpulse_000035_ne.png
Frame 1bar_20O2_20ns_interpulse_000036
Saving to output/frames/panels/1bar_20O2_20ns_interpulse_000036_ne.png
Saving to output/frames/panels/1bar_20O2_20ns_interpulse_000036_E.png
Saving to output/frames/panels/1bar_20O2_20ns_interpulse_000036_rho.png
Saving to output/frames/panels/1bar_20O2_20ns_interpulse_000036_phi.png
Frame 1bar_20O2_20ns_interpulse_000037
Saving to output/frames/panels/1bar_20O2_20ns_interpulse_000037_ne.png
Saving to output/frames/panels/1bar_20O2_20ns_interpulse_000037_E.png
Saving to output/frames/panels/1bar_20O2_20ns_interpulse_000037_rho.png
Saving to output/frames/panels/1bar_20O2_20ns_interpulse_000037_phi.png
Frame 1bar_20O2_20ns_interpulse_000038
Saving to output/frames/panels/1bar_20O2_20ns_interpulse_000038_ne.png
Saving to output/frames/panels/1bar_20O2_20ns_interpulse_000038_phi.png
Saving to output/frames/panels/1bar_20O2_20ns_interpulse_000038_E.png
Saving to output/frames/panels/1bar_20O2_20ns_interpulse_000038_rho.png
Frame 1bar_20O2_20ns_interpulse_000039
Saving to output/frames/panels/1bar_20O2_20ns_interpulse_000039_E.png
Saving to output/frames/panels/1bar_20O2_20ns_interpulse_000039_ne.png
Saving to output/frames/panels/1bar_20O2_20ns_interpulse_000039_rho.png
Saving to output/frames/panels/1bar_20O2_20ns_interpulse_000039_phi.png
Frame 1bar_20O2_20ns_interpulse_000040
Saving to output/frames/panels/1bar_20O2_20ns_interpulse_000040_ne.png
Saving to output/frames/panels/1bar_20O2_20ns_interpulse_000040_E.png
Saving to output/frames/panels/1bar_20O2_20ns_interpulse_000040_phi.png
Saving to output/frames/panels/1bar_20O2_20ns_interpulse_000040_rho.png
Frame 1bar_20O2_20ns_interpulse_000041
Saving to output/frames/panels/1bar_20O2_20ns_interpulse_000041_E.png
Saving to output/frames/panels/1bar_20O2_20ns_interpulse_000041_phi.png
Saving to output/frames/panels/1bar_20O2_20ns_interpulse_000041_ne.png
Saving to output/frames/panels/1bar_20O2_20ns_interpulse_000041_rho.png
Frame 1bar_20O2_20ns_interpulse_000042
Saving to output/frames/panels/1bar_20O2_20ns_interpulse_000042_E.png
Saving to output/frames/panels/1bar_20O2_20ns_interpulse_000042_ne.png
Saving to output/frames/panels/1bar_20O2_20ns_interpulse_000042_rho.png
Saving to output/frames/panels/1bar_20O2_20ns_interpulse_000042_phi.png
Frame 1bar_20O2_20ns_interpulse_000043
Saving to output/frames/panels/1bar_20O2_20ns_interpulse_000043_rho.png
Saving to output/frames/panels/1bar_20O2_20ns_interpulse_000043_E.png
Saving to output/frames/panels/1bar_20O2_20ns_interpulse_000043_ne.png
Saving to output/frames/panels/1bar_20O2_20ns_interpulse_000043_phi.png
Frame 1bar_20O2_20ns_interpulse_000044
Saving to output/frames/panels/1bar_20O2_20ns_interpulse_000044_E.png
Saving to output/frames/panels/1bar_20O2_20ns_interpulse_000044_phi.png
Saving to output/frames/panels/1bar_20O2_20ns_interpulse_000044_ne.png
Saving to output/frames/panels/1bar_20O2_20ns_interpulse_000044_rho.png
Frame 1bar_20O2_20ns_interpulse_000045
Saving to output/frames/panels/1bar_20O2_20ns_interpulse_000045_E.png
Saving to output/frames/panels/1bar_20O2_20ns_interpulse_000045_ne.png
Saving to output/frames/panels/1bar_20O2_20ns_interpulse_000045_rho.png
Saving to output/frames/panels/1bar_20O2_20ns_interpulse_000045_phi.png
Frame 1bar_20O2_20ns_interpulse_000046
Saving to output/frames/panels/1bar_20O2_20ns_interpulse_000046_rho.png
Saving to output/frames/panels/1bar_20O2_20ns_interpulse_000046_phi.png
Saving to output/frames/panels/1bar_20O2_20ns_interpulse_000046_E.png
Saving to output/frames/panels/1bar_20O2_20ns_interpulse_000046_ne.png
Frame 1bar_20O2_20ns_interpulse_000047
Saving to output/frames/panels/1bar_20O2_20ns_interpulse_000047_ne.png
Saving to output/frames/panels/1bar_20O2_20ns_interpulse_000047_E.png
Saving to output/frames/panels/1bar_20O2_20ns_interpulse_000047_rho.png
Saving to output/frames/panels/1bar_20O2_20ns_interpulse_000047_phi.png
Frame 1bar_20O2_20ns_interpulse_000048
Saving to output/frames/panels/1bar_20O2_20ns_interpulse_000048_ne.png
Saving to output/frames/panels/1bar_20O2_20ns_interpulse_000048_rho.png
Saving to output/frames/panels/1bar_20O2_20ns_interpulse_000048_E.png
Saving to output/frames/panels/1bar_20O2_20ns_interpulse_000048_phi.png
Frame 1bar_20O2_20ns_interpulse_000049
Saving to output/frames/panels/1bar_20O2_20ns_interpulse_000049_rho.png
Saving to output/frames/panels/1bar_20O2_20ns_interpulse_000049_E.png
Saving to output/frames/panels/1bar_20O2_20ns_interpulse_000049_ne.png
Saving to output/frames/panels/1bar_20O2_20ns_interpulse_000049_phi.png
Frame 1bar_20O2_20ns_interpulse_000050
Saving to output/frames/panels/1bar_20O2_20ns_interpulse_000050_rho.png
Saving to output/frames/panels/1bar_20O2_20ns_interpulse_000050_E.png
Saving to output/frames/panels/1bar_20O2_20ns_interpulse_000050_ne.png
Saving to output/frames/panels/1bar_20O2_20ns_interpulse_000050_phi.png
Frame 1bar_20O2_20ns_interpulse_000051
Saving to output/frames/panels/1bar_20O2_20ns_interpulse_000051_rho.png
Saving to output/frames/panels/1bar_20O2_20ns_interpulse_000051_ne.png
Saving to output/frames/panels/1bar_20O2_20ns_interpulse_000051_E.png
Saving to output/frames/panels/1bar_20O2_20ns_interpulse_000051_phi.png
Frame 1bar_20O2_20ns_interpulse_000052
Saving to output/frames/panels/1bar_20O2_20ns_interpulse_000052_rho.png
Saving to output/frames/panels/1bar_20O2_20ns_interpulse_000052_ne.png
Saving to output/frames/panels/1bar_20O2_20ns_interpulse_000052_E.png
Saving to output/frames/panels/1bar_20O2_20ns_interpulse_000052_phi.png
Frame 1bar_20O2_20ns_interpulse_000053
Saving to output/frames/panels/1bar_20O2_20ns_interpulse_000053_rho.png
Saving to output/frames/panels/1bar_20O2_20ns_interpulse_000053_ne.png
Saving to output/frames/panels/1bar_20O2_20ns_interpulse_000053_E.png
Saving to output/frames/panels/1bar_20O2_20ns_interpulse_000053_phi.png
Frame 1bar_20O2_20ns_interpulse_000054
Saving to output/frames/panels/1bar_20O2_20ns_interpulse_000054_rho.png
Saving to output/frames/panels/1bar_20O2_20ns_interpulse_000054_ne.png
Saving to output/frames/panels/1bar_20O2_20ns_interpulse_000054_E.png
Saving to output/frames/panels/1bar_20O2_20ns_interpulse_000054_phi.png
Frame 1bar_20O2_20ns_interpulse_000055
Saving to output/frames/panels/1bar_20O2_20ns_interpulse_000055_rho.png
Saving to output/frames/panels/1bar_20O2_20ns_interpulse_000055_ne.png
Saving to output/frames/panels/1bar_20O2_20ns_interpulse_000055_E.png
Saving to output/frames/panels/1bar_20O2_20ns_interpulse_000055_phi.png
Frame 1bar_20O2_20ns_interpulse_000056
Saving to output/frames/panels/1bar_20O2_20ns_interpulse_000056_E.png
Saving to output/frames/panels/1bar_20O2_20ns_interpulse_000056_phi.png
Saving to output/frames/panels/1bar_20O2_20ns_interpulse_000056_ne.png
Saving to output/frames/panels/1bar_20O2_20ns_interpulse_000056_rho.png
Frame 1bar_20O2_20ns_interpulse_000057
Saving to output/frames/panels/1bar_20O2_20ns_interpulse_000057_rho.png
Saving to output/frames/panels/1bar_20O2_20ns_interpulse_000057_ne.png
Saving to output/frames/panels/1bar_20O2_20ns_interpulse_000057_E.png
Saving to output/frames/panels/1bar_20O2_20ns_interpulse_000057_phi.png
Frame 1bar_20O2_20ns_interpulse_000058
Saving to output/frames/panels/1bar_20O2_20ns_interpulse_000058_rho.png
Saving to output/frames/panels/1bar_20O2_20ns_interpulse_000058_ne.png
Saving to output/frames/panels/1bar_20O2_20ns_interpulse_000058_E.png
Saving to output/frames/panels/1bar_20O2_20ns_interpulse_000058_phi.png
Frame 1bar_20O2_20ns_interpulse_000059
Saving to output/frames/panels/1bar_20O2_20ns_interpulse_000059_ne.png
Saving to output/frames/panels/1bar_20O2_20ns_interpulse_000059_rho.png
Saving to output/frames/panels/1bar_20O2_20ns_interpulse_000059_E.png
Saving to output/frames/panels/1bar_20O2_20ns_interpulse_000059_phi.png
Frame 1bar_20O2_20ns_interpulse_000060
Saving to output/frames/panels/1bar_20O2_20ns_interpulse_000060_ne.png
Saving to output/frames/panels/1bar_20O2_20ns_interpulse_000060_rho.png
Saving to output/frames/panels/1bar_20O2_20ns_interpulse_000060_E.png
Saving to output/frames/panels/1bar_20O2_20ns_interpulse_000060_phi.png
Frame 1bar_20O2_20ns_interpulse_000061
Saving to output/frames/panels/1bar_20O2_20ns_interpulse_000061_ne.png
Saving to output/frames/panels/1bar_20O2_20ns_interpulse_000061_rho.png
Saving to output/frames/panels/1bar_20O2_20ns_interpulse_000061_E.png
Saving to output/frames/panels/1bar_20O2_20ns_interpulse_000061_phi.png
Frame 1bar_20O2_20ns_interpulse_000062
Saving to output/frames/panels/1bar_20O2_20ns_interpulse_000062_ne.png
Saving to output/frames/panels/1bar_20O2_20ns_interpulse_000062_phi.png
Saving to output/frames/panels/1bar_20O2_20ns_interpulse_000062_rho.png
Saving to output/frames/panels/1bar_20O2_20ns_interpulse_000062_E.png
Frame 1bar_20O2_20ns_interpulse_000063
Saving to output/frames/panels/1bar_20O2_20ns_interpulse_000063_ne.png
Saving to output/frames/panels/1bar_20O2_20ns_interpulse_000063_rho.png
Saving to output/frames/panels/1bar_20O2_20ns_interpulse_000063_E.png
Saving to output/frames/panels/1bar_20O2_20ns_interpulse_000063_phi.png
Frame 1bar_20O2_20ns_interpulse_000064
Saving to output/frames/panels/1bar_20O2_20ns_interpulse_000064_rho.png
Saving to output/frames/panels/1bar_20O2_20ns_interpulse_000064_phi.png
Saving to output/frames/panels/1bar_20O2_20ns_interpulse_000064_E.png
Saving to output/frames/panels/1bar_20O2_20ns_interpulse_000064_ne.png
Frame 1bar_20O2_20ns_interpulse_000065
Saving to output/frames/panels/1bar_20O2_20ns_interpulse_000065_ne.png
Saving to output/frames/panels/1bar_20O2_20ns_interpulse_000065_rho.png
Saving to output/frames/panels/1bar_20O2_20ns_interpulse_000065_E.png
Saving to output/frames/panels/1bar_20O2_20ns_interpulse_000065_phi.png
Frame 1bar_20O2_20ns_interpulse_000066
Saving to output/frames/panels/1bar_20O2_20ns_interpulse_000066_ne.png
Saving to output/frames/panels/1bar_20O2_20ns_interpulse_000066_rho.png
Saving to output/frames/panels/1bar_20O2_20ns_interpulse_000066_phi.png
Saving to output/frames/panels/1bar_20O2_20ns_interpulse_000066_E.png
Frame 1bar_20O2_20ns_interpulse_000067
Saving to output/frames/panels/1bar_20O2_20ns_interpulse_000067_ne.png
Saving to output/frames/panels/1bar_20O2_20ns_interpulse_000067_rho.png
Saving to output/frames/panels/1bar_20O2_20ns_interpulse_000067_phi.png
Saving to output/frames/panels/1bar_20O2_20ns_interpulse_000067_E.png
Frame 1bar_20O2_20ns_interpulse_000068
Saving to output/frames/panels/1bar_20O2_20ns_interpulse_000068_ne.png
Saving to output/frames/panels/1bar_20O2_20ns_interpulse_000068_rho.png
Saving to output/frames/panels/1bar_20O2_20ns_interpulse_000068_E.png
Saving to output/frames/panels/1bar_20O2_20ns_interpulse_000068_phi.png
Frame 1bar_20O2_20ns_interpulse_000069
Saving to output/frames/panels/1bar_20O2_20ns_interpulse_000069_ne.png
Saving to output/frames/panels/1bar_20O2_20ns_interpulse_000069_rho.png
Saving to output/frames/panels/1bar_20O2_20ns_interpulse_000069_E.png
Saving to output/frames/panels/1bar_20O2_20ns_interpulse_000069_phi.png
Frame 1bar_20O2_20ns_interpulse_000070
Saving to output/frames/panels/1bar_20O2_20ns_interpulse_000070_ne.png
Saving to output/frames/panels/1bar_20O2_20ns_interpulse_000070_rho.png
Saving to output/frames/panels/1bar_20O2_20ns_interpulse_000070_E.png
Saving to output/frames/panels/1bar_20O2_20ns_interpulse_000070_phi.png
Frame 1bar_20O2_20ns_interpulse_000071
Saving to output/frames/panels/1bar_20O2_20ns_interpulse_000071_ne.png
Saving to output/frames/panels/1bar_20O2_20ns_interpulse_000071_E.png
Saving to output/frames/panels/1bar_20O2_20ns_interpulse_000071_rho.png
Saving to output/frames/panels/1bar_20O2_20ns_interpulse_000071_phi.png
Frame 1bar_20O2_20ns_interpulse_000072
Saving to output/frames/panels/1bar_20O2_20ns_interpulse_000072_ne.png
Saving to output/frames/panels/1bar_20O2_20ns_interpulse_000072_rho.png
Saving to output/frames/panels/1bar_20O2_20ns_interpulse_000072_phi.png
Saving to output/frames/panels/1bar_20O2_20ns_interpulse_000072_E.png
Frame 1bar_20O2_20ns_interpulse_000073
Saving to output/frames/panels/1bar_20O2_20ns_interpulse_000073_ne.png
Saving to output/frames/panels/1bar_20O2_20ns_interpulse_000073_rho.png
Saving to output/frames/panels/1bar_20O2_20ns_interpulse_000073_phi.png
Saving to output/frames/panels/1bar_20O2_20ns_interpulse_000073_E.png
Frame 1bar_20O2_20ns_interpulse_000074
Saving to output/frames/panels/1bar_20O2_20ns_interpulse_000074_ne.png
Saving to output/frames/panels/1bar_20O2_20ns_interpulse_000074_rho.png
Saving to output/frames/panels/1bar_20O2_20ns_interpulse_000074_phi.png
Saving to output/frames/panels/1bar_20O2_20ns_interpulse_000074_E.png
Frame 1bar_20O2_20ns_interpulse_000075
Saving to output/frames/panels/1bar_20O2_20ns_interpulse_000075_ne.png
Saving to output/frames/panels/1bar_20O2_20ns_interpulse_000075_rho.png
Saving to output/frames/panels/1bar_20O2_20ns_interpulse_000075_phi.png
Saving to output/frames/panels/1bar_20O2_20ns_interpulse_000075_E.png
Frame 1bar_20O2_20ns_interpulse_000076
Saving to output/frames/panels/1bar_20O2_20ns_interpulse_000076_rho.png
Saving to output/frames/panels/1bar_20O2_20ns_interpulse_000076_E.png
Saving to output/frames/panels/1bar_20O2_20ns_interpulse_000076_ne.png
Saving to output/frames/panels/1bar_20O2_20ns_interpulse_000076_phi.png
Frame 1bar_20O2_20ns_interpulse_000077
Saving to output/frames/panels/1bar_20O2_20ns_interpulse_000077_ne.png
Saving to output/frames/panels/1bar_20O2_20ns_interpulse_000077_phi.png
Saving to output/frames/panels/1bar_20O2_20ns_interpulse_000077_rho.png
Saving to output/frames/panels/1bar_20O2_20ns_interpulse_000077_E.png
Frame 1bar_20O2_20ns_interpulse_000078
Saving to output/frames/panels/1bar_20O2_20ns_interpulse_000078_ne.png
Saving to output/frames/panels/1bar_20O2_20ns_interpulse_000078_rho.png
Saving to output/frames/panels/1bar_20O2_20ns_interpulse_000078_phi.png
Saving to output/frames/panels/1bar_20O2_20ns_interpulse_000078_E.png
Frame 1bar_20O2_20ns_interpulse_000079
Saving to output/frames/panels/1bar_20O2_20ns_interpulse_000079_ne.png
Saving to output/frames/panels/1bar_20O2_20ns_interpulse_000079_rho.png
Saving to output/frames/panels/1bar_20O2_20ns_interpulse_000079_phi.png
Saving to output/frames/panels/1bar_20O2_20ns_interpulse_000079_E.png
Frame 1bar_20O2_20ns_interpulse_000080
Saving to output/frames/panels/1bar_20O2_20ns_interpulse_000080_rho.png
Saving to output/frames/panels/1bar_20O2_20ns_interpulse_000080_E.png
Saving to output/frames/panels/1bar_20O2_20ns_interpulse_000080_phi.png
Saving to output/frames/panels/1bar_20O2_20ns_interpulse_000080_ne.png
Frame 1bar_20O2_20ns_interpulse_000081
Saving to output/frames/panels/1bar_20O2_20ns_interpulse_000081_ne.png
Saving to output/frames/panels/1bar_20O2_20ns_interpulse_000081_rho.png
Saving to output/frames/panels/1bar_20O2_20ns_interpulse_000081_phi.png
Saving to output/frames/panels/1bar_20O2_20ns_interpulse_000081_E.png
Frame 1bar_20O2_20ns_interpulse_000082
Saving to output/frames/panels/1bar_20O2_20ns_interpulse_000082_phi.png
Saving to output/frames/panels/1bar_20O2_20ns_interpulse_000082_E.png
Saving to output/frames/panels/1bar_20O2_20ns_interpulse_000082_rho.png
Saving to output/frames/panels/1bar_20O2_20ns_interpulse_000082_ne.png
Frame 1bar_20O2_20ns_interpulse_000083
Saving to output/frames/panels/1bar_20O2_20ns_interpulse_000083_phi.png
Saving to output/frames/panels/1bar_20O2_20ns_interpulse_000083_E.png
Saving to output/frames/panels/1bar_20O2_20ns_interpulse_000083_rho.png
Saving to output/frames/panels/1bar_20O2_20ns_interpulse_000083_ne.png
Frame 1bar_20O2_20ns_interpulse_000084
Saving to output/frames/panels/1bar_20O2_20ns_interpulse_000084_ne.png
Saving to output/frames/panels/1bar_20O2_20ns_interpulse_000084_rho.png
Saving to output/frames/panels/1bar_20O2_20ns_interpulse_000084_phi.png
Saving to output/frames/panels/1bar_20O2_20ns_interpulse_000084_E.png
Frame 1bar_20O2_20ns_interpulse_000085
Saving to output/frames/panels/1bar_20O2_20ns_interpulse_000085_rho.png
Saving to output/frames/panels/1bar_20O2_20ns_interpulse_000085_phi.png
Saving to output/frames/panels/1bar_20O2_20ns_interpulse_000085_ne.png
Saving to output/frames/panels/1bar_20O2_20ns_interpulse_000085_E.png
Frame 1bar_20O2_20ns_interpulse_000086
Saving to output/frames/panels/1bar_20O2_20ns_interpulse_000086_rho.png
Saving to output/frames/panels/1bar_20O2_20ns_interpulse_000086_ne.png
Saving to output/frames/panels/1bar_20O2_20ns_interpulse_000086_phi.png
Saving to output/frames/panels/1bar_20O2_20ns_interpulse_000086_E.png
Frame 1bar_20O2_20ns_interpulse_000087
Saving to output/frames/panels/1bar_20O2_20ns_interpulse_000087_phi.png
Saving to output/frames/panels/1bar_20O2_20ns_interpulse_000087_ne.png
Saving to output/frames/panels/1bar_20O2_20ns_interpulse_000087_rho.png
Saving to output/frames/panels/1bar_20O2_20ns_interpulse_000087_E.png
Frame 1bar_20O2_20ns_interpulse_000088
Saving to output/frames/panels/1bar_20O2_20ns_interpulse_000088_rho.png
Saving to output/frames/panels/1bar_20O2_20ns_interpulse_000088_ne.png
Saving to output/frames/panels/1bar_20O2_20ns_interpulse_000088_phi.png
Saving to output/frames/panels/1bar_20O2_20ns_interpulse_000088_E.png
Frame 1bar_20O2_20ns_interpulse_000089
Saving to output/frames/panels/1bar_20O2_20ns_interpulse_000089_ne.png
Saving to output/frames/panels/1bar_20O2_20ns_interpulse_000089_rho.png
Saving to output/frames/panels/1bar_20O2_20ns_interpulse_000089_phi.png
Saving to output/frames/panels/1bar_20O2_20ns_interpulse_000089_E.png
Frame 1bar_20O2_20ns_interpulse_000090
Saving to output/frames/panels/1bar_20O2_20ns_interpulse_000090_ne.png
Saving to output/frames/panels/1bar_20O2_20ns_interpulse_000090_rho.png
Saving to output/frames/panels/1bar_20O2_20ns_interpulse_000090_phi.png
Saving to output/frames/panels/1bar_20O2_20ns_interpulse_000090_E.png
Frame 1bar_20O2_20ns_interpulse_000091
Saving to output/frames/panels/1bar_20O2_20ns_interpulse_000091_rho.png
Saving to output/frames/panels/1bar_20O2_20ns_interpulse_000091_ne.png
Saving to output/frames/panels/1bar_20O2_20ns_interpulse_000091_E.png
Saving to output/frames/panels/1bar_20O2_20ns_interpulse_000091_phi.png
Frame 1bar_20O2_20ns_interpulse_000092
Saving to output/frames/panels/1bar_20O2_20ns_interpulse_000092_ne.png
Saving to output/frames/panels/1bar_20O2_20ns_interpulse_000092_rho.png
Saving to output/frames/panels/1bar_20O2_20ns_interpulse_000092_phi.png
Saving to output/frames/panels/1bar_20O2_20ns_interpulse_000092_E.png
Frame 1bar_20O2_20ns_interpulse_000093
Saving to output/frames/panels/1bar_20O2_20ns_interpulse_000093_ne.png
Saving to output/frames/panels/1bar_20O2_20ns_interpulse_000093_rho.png
Saving to output/frames/panels/1bar_20O2_20ns_interpulse_000093_phi.png
Saving to output/frames/panels/1bar_20O2_20ns_interpulse_000093_E.png
Frame 1bar_20O2_20ns_interpulse_000094
Saving to output/frames/panels/1bar_20O2_20ns_interpulse_000094_ne.png
Saving to output/frames/panels/1bar_20O2_20ns_interpulse_000094_rho.png
Saving to output/frames/panels/1bar_20O2_20ns_interpulse_000094_phi.png
Saving to output/frames/panels/1bar_20O2_20ns_interpulse_000094_E.png
Frame 1bar_20O2_20ns_interpulse_000095
Saving to output/frames/panels/1bar_20O2_20ns_interpulse_000095_ne.png
Saving to output/frames/panels/1bar_20O2_20ns_interpulse_000095_rho.png
Saving to output/frames/panels/1bar_20O2_20ns_interpulse_000095_phi.png
Saving to output/frames/panels/1bar_20O2_20ns_interpulse_000095_E.png
Frame 1bar_20O2_20ns_interpulse_000096
Saving to output/frames/panels/1bar_20O2_20ns_interpulse_000096_rho.png
Saving to output/frames/panels/1bar_20O2_20ns_interpulse_000096_phi.png
Saving to output/frames/panels/1bar_20O2_20ns_interpulse_000096_ne.png
Saving to output/frames/panels/1bar_20O2_20ns_interpulse_000096_E.png
Frame 1bar_20O2_20ns_interpulse_000097
Saving to output/frames/panels/1bar_20O2_20ns_interpulse_000097_phi.png
Saving to output/frames/panels/1bar_20O2_20ns_interpulse_000097_E.png
Saving to output/frames/panels/1bar_20O2_20ns_interpulse_000097_ne.png
Saving to output/frames/panels/1bar_20O2_20ns_interpulse_000097_rho.png
Frame 1bar_20O2_20ns_interpulse_000098
Saving to output/frames/panels/1bar_20O2_20ns_interpulse_000098_E.png
Saving to output/frames/panels/1bar_20O2_20ns_interpulse_000098_ne.png
Saving to output/frames/panels/1bar_20O2_20ns_interpulse_000098_phi.png
Saving to output/frames/panels/1bar_20O2_20ns_interpulse_000098_rho.png
Frame 1bar_20O2_20ns_interpulse_000099
Saving to output/frames/panels/1bar_20O2_20ns_interpulse_000099_ne.png
Saving to output/frames/panels/1bar_20O2_20ns_interpulse_000099_rho.png
Saving to output/frames/panels/1bar_20O2_20ns_interpulse_000099_phi.png
Saving to output/frames/panels/1bar_20O2_20ns_interpulse_000099_E.png
Frame 1bar_20O2_20ns_interpulse_000100
Saving to output/frames/panels/1bar_20O2_20ns_interpulse_000100_ne.png
Saving to output/frames/panels/1bar_20O2_20ns_interpulse_000100_rho.png
Saving to output/frames/panels/1bar_20O2_20ns_interpulse_000100_E.png
Saving to output/frames/panels/1bar_20O2_20ns_interpulse_000100_phi.png

Done.
Frames: output/frames/*.png
ffmpeg version 6.1.1-3ubuntu5 Copyright (c) 2000-2023 the FFmpeg developers
  built with gcc 13 (Ubuntu 13.2.0-23ubuntu3)
  configuration: --prefix=/usr --extra-version=3ubuntu5 --toolchain=hardened --libdir=/usr/lib/x86_64-linux-gnu --incdir=/usr/include/x86_64-linux-gnu --arch=amd64 --enable-gpl --disable-stripping --disable-omx --enable-gnutls --enable-libaom --enable-libass --enable-libbs2b --enable-libcaca --enable-libcdio --enable-libcodec2 --enable-libdav1d --enable-libflite --enable-libfontconfig --enable-libfreetype --enable-libfribidi --enable-libglslang --enable-libgme --enable-libgsm --enable-libharfbuzz --enable-libmp3lame --enable-libmysofa --enable-libopenjpeg --enable-libopenmpt --enable-libopus --enable-librubberband --enable-libshine --enable-libsnappy --enable-libsoxr --enable-libspeex --enable-libtheora --enable-libtwolame --enable-libvidstab --enable-libvorbis --enable-libvpx --enable-libwebp --enable-libx265 --enable-libxml2 --enable-libxvid --enable-libzimg --enable-openal --enable-opencl --enable-opengl --disable-sndio --enable-libvpl --disable-libmfx --enable-libdc1394 --enable-libdrm --enable-libiec61883 --enable-chromaprint --enable-frei0r --enable-ladspa --enable-libbluray --enable-libjack --enable-libpulse --enable-librabbitmq --enable-librist --enable-libsrt --enable-libssh --enable-libsvtav1 --enable-libx264 --enable-libzmq --enable-libzvbi --enable-lv2 --enable-sdl2 --enable-libplacebo --enable-librav1e --enable-pocketsphinx --enable-librsvg --enable-libjxl --enable-shared
  libavutil      58. 29.100 / 58. 29.100
  libavcodec     60. 31.102 / 60. 31.102
  libavformat    60. 16.100 / 60. 16.100
  libavdevice    60.  3.100 / 60.  3.100
  libavfilter     9. 12.100 /  9. 12.100
  libswscale      7.  5.100 /  7.  5.100
  libswresample   4. 12.100 /  4. 12.100
  libpostproc    57.  3.100 / 57.  3.100
Input #0, image2, from 'output/frames/*.png':
  Duration: 00:00:03.37, start: 0.000000, bitrate: N/A
  Stream #0:0: Video: png, rgb24(pc, gbr/bt709/unknown), 2180x1746, 30 fps, 30 tbr, 30 tbn
Stream mapping:
  Stream #0:0 -> #0:0 (png (native) -> h264 (libx264))
Press [q] to stop, [?] for help
[libx264 @ 0x560fe5fa7740] using cpu capabilities: MMX2 SSE2Fast SSSE3 SSE4.2 AVX FMA3 BMI2 AVX2 AVX512
[libx264 @ 0x560fe5fa7740] profile High, level 5.0, 4:2:0, 8-bit
[libx264 @ 0x560fe5fa7740] 264 - core 164 r3108 31e19f9 - H.264/MPEG-4 AVC codec - Copyleft 2003-2023 - http://www.videolan.org/x264.html - options: cabac=1 ref=3 deblock=1:0:0 analyse=0x3:0x113 me=hex subme=7 psy=1 psy_rd=1.00:0.00 mixed_ref=1 me_range=16 chroma_me=1 trellis=1 8x8dct=1 cqm=0 deadzone=21,11 fast_pskip=1 chroma_qp_offset=-2 threads=55 lookahead_threads=9 sliced_threads=0 nr=0 decimate=1 interlaced=0 bluray_compat=0 constrained_intra=0 bframes=3 b_pyramid=2 b_adapt=1 b_bias=0 direct=1 weightb=1 open_gop=0 weightp=2 keyint=250 keyint_min=25 scenecut=40 intra_refresh=0 rc_lookahead=40 rc=crf mbtree=1 crf=18.0 qcomp=0.60 qpmin=0 qpmax=69 qpstep=4 ip_ratio=1.40 aq=1:1.00
Output #0, mp4, to 'output/frames/movie.mp4':
  Metadata:
    encoder         : Lavf60.16.100
  Stream #0:0: Video: h264 (avc1 / 0x31637661), yuv420p(tv, unknown/bt709/unknown, progressive), 2180x1746, q=2-31, 30 fps, 15360 tbn
    Metadata:
      encoder         : Lavc60.31.102 libx264
    Side data:
      cpb: bitrate max/min/avg: 0/0/0 buffer size: 0 vbv_delay: N/A
frame=    0 fps=0.0 q=0.0 size=       0kB time=N/A bitrate=N/A speed=N/A    frame=    0 fps=0.0 q=0.0 size=       0kB time=N/A bitrate=N/A speed=N/A    frame=    0 fps=0.0 q=0.0 size=       0kB time=N/A bitrate=N/A speed=N/A    frame=    0 fps=0.0 q=0.0 size=       0kB time=N/A bitrate=N/A speed=N/A    frame=    0 fps=0.0 q=0.0 size=       0kB time=N/A bitrate=N/A speed=N/A    frame=    1 fps=0.3 q=24.0 size=       0kB time=-00:00:00.03 bitrate=N/A speed=N/A    [out#0/mp4 @ 0x560fe5fac780] video:676kB audio:0kB subtitle:0kB other streams:0kB global headers:0kB muxing overhead: 0.284931%
frame=  101 fps= 26 q=-1.0 Lsize=     678kB time=00:00:03.26 bitrate=1700.6kbits/s speed=0.833x    
[libx264 @ 0x560fe5fa7740] frame I:1     Avg QP:17.38  size: 72272
[libx264 @ 0x560fe5fa7740] frame P:39    Avg QP:16.45  size:  9329
[libx264 @ 0x560fe5fa7740] frame B:61    Avg QP:17.44  size:  4191
[libx264 @ 0x560fe5fa7740] consecutive B-frames:  6.9% 27.7% 29.7% 35.6%
[libx264 @ 0x560fe5fa7740] mb I  I16..4: 39.3% 50.9%  9.8%
[libx264 @ 0x560fe5fa7740] mb P  I16..4:  1.9% 15.1%  0.6%  P16..4:  3.6%  0.6%  0.4%  0.0%  0.0%    skip:77.8%
[libx264 @ 0x560fe5fa7740] mb B  I16..4:  1.3%  2.2%  0.1%  B16..8:  5.2%  0.5%  0.1%  direct: 5.7%  skip:84.9%  L0:51.1% L1:47.1% BI: 1.8%
[libx264 @ 0x560fe5fa7740] 8x8 transform intra:76.7% inter:49.7%
[libx264 @ 0x560fe5fa7740] coded y,uvDC,uvAC intra: 3.0% 4.1% 2.1% inter: 0.5% 4.2% 0.1%
[libx264 @ 0x560fe5fa7740] i16 v,h,dc,p: 85% 13%  1%  1%
[libx264 @ 0x560fe5fa7740] i8 v,h,dc,ddl,ddr,vr,hd,vl,hu: 59%  7% 33%  0%  0%  0%  0%  0%  0%
[libx264 @ 0x560fe5fa7740] i4 v,h,dc,ddl,ddr,vr,hd,vl,hu: 43% 19% 20%  2%  3%  4%  3%  4%  2%
[libx264 @ 0x560fe5fa7740] i8c dc,h,v,p: 88%  4%  8%  0%
[libx264 @ 0x560fe5fa7740] Weighted P-Frames: Y:0.0% UV:0.0%
[libx264 @ 0x560fe5fa7740] ref P L0: 73.0%  2.4% 19.5%  5.1%
[libx264 @ 0x560fe5fa7740] ref B L0: 71.2% 24.0%  4.8%
[libx264 @ 0x560fe5fa7740] ref B L1: 97.2%  2.8%
[libx264 @ 0x560fe5fa7740] kb/s:1643.78
Saved output/frames/movie.mp4
