BOLSIG+ version: 07/2024
Collision input data:
--------------------------------------------------
N2                                                              
C:\Users\Walzwerker\Documents\GIT\PICit\cross_sections\PhelpsN2O2.txt
--------------------------------------------------
O2                                                              
C:\Users\Walzwerker\Documents\GIT\PICit\cross_sections\PhelpsN2O2.txt
 
 
 
 Conditions
A1     Electric field / N (Td)                                         
A2     Angular frequency / N (m3.rad/s)           0.00000    
A3     Cosine of E-B field angle                  0.00000    
A4     Gas temperature (K)                        300.000    
A5     Excitation temperature (K)                 300.000    
A6     Transition energy (eV)                     0.00000    
A7     Ionization degree                          0.00000    
A8     Gas particle density (1/m3)               0.329500E+23
A9     Ion charge parameter                       0.00000    
A10    Ion/neutral mass ratio                     1.00000    
A11    Coulomb collision model                    1.00000    
A12    Energy sharing                             1.00000    
A13    Growth model                               1.00000    
A14    Maxwellian mean energy (eV)                0.00000    
A15    # of grid points                           100.000    
A16    Grid type                                                       
A17    Maximum energy                                                  
A18    Precision                                 0.100000E-09
A19    Convergence                               0.100000E-04
A20    Maximum # of iterations                    2000.00    
A21    Mole fraction N2                          0.800000    
A22    Mole fraction O2                          0.200000    
            R#      A1           A16           A17      
           1  0.100000E-01   0.00000      -1.00000    
           2  0.107189E-01   3.00000      0.621116    
           3  0.114895E-01   3.00000      0.621116    
           4  0.123155E-01   3.00000      0.621116    
           5  0.132009E-01   3.00000      0.621116    
           6  0.141499E-01   3.00000      0.621116    
           7  0.151672E-01   3.00000      0.621116    
           8  0.162576E-01   3.00000      0.621116    
           9  0.174263E-01   3.00000      0.621116    
          10  0.186791E-01   3.00000      0.621116    
          11  0.200220E-01   3.00000      0.621116    
          12  0.214614E-01   3.00000      0.621116    
          13  0.230043E-01   3.00000      0.621116    
          14  0.246581E-01   3.00000      0.621116    
          15  0.264308E-01   3.00000      0.621116    
          16  0.283310E-01   3.00000      0.723519    
          17  0.303677E-01   3.00000      0.723519    
          18  0.325509E-01   3.00000      0.723519    
          19  0.348910E-01   3.00000      0.723519    
          20  0.373994E-01   3.00000      0.723519    
          21  0.400881E-01   3.00000      0.723519    
          22  0.429700E-01   3.00000      0.723519    
          23  0.460592E-01   3.00000      0.723519    
          24  0.493705E-01   3.00000      0.723519    
          25  0.529198E-01   3.00000      0.723519    
          26  0.567243E-01   3.00000      0.723519    
          27  0.608022E-01   3.00000      0.723519    
          28  0.651734E-01   3.00000      0.723519    
          29  0.698588E-01   3.00000      0.723519    
          30  0.748810E-01   3.00000      0.723519    
          31  0.802643E-01   3.00000      0.723519    
          32  0.860347E-01   3.00000      0.723519    
          33  0.922198E-01   3.00000      0.842748    
          34  0.988496E-01   3.00000      0.842748    
          35  0.105956       3.00000      0.842748    
          36  0.113573       3.00000      0.842748    
          37  0.121738       3.00000      0.842748    
          38  0.130490       3.00000      0.842748    
          39  0.139871       3.00000      0.842748    
          40  0.149927       3.00000      0.842748    
          41  0.160705       3.00000      0.842748    
          42  0.172259       3.00000      0.842748    
          43  0.184643       3.00000      0.981565    
          44  0.197917       3.00000      0.981565    
          45  0.212145       3.00000      0.981565    
          46  0.227397       3.00000      0.981565    
          47  0.243744       3.00000      0.981565    
          48  0.261268       3.00000      0.981565    
          49  0.280050       3.00000      0.981565    
          50  0.300184       3.00000       1.14319    
          51  0.321764       3.00000       1.14319    
          52  0.344896       3.00000       1.14319    
          53  0.369691       3.00000       1.14319    
          54  0.396269       3.00000       1.33137    
          55  0.424757       3.00000       1.33137    
          56  0.455294       3.00000       1.33137    
          57  0.488025       3.00000       1.33137    
          58  0.523110       3.00000       1.55047    
          59  0.560717       3.00000       1.55047    
          60  0.601028       3.00000       1.55047    
          61  0.644236       3.00000       1.55047    
          62  0.690551       3.00000       1.80556    
          63  0.740196       3.00000       1.80556    
          64  0.793410       3.00000       1.80556    
          65  0.850449       3.00000       1.80556    
          66  0.911589       3.00000       1.80556    
          67  0.977124       3.00000       1.80556    
          68   1.04737       3.00000       2.10257    
          69   1.12267       3.00000       2.10257    
          70   1.20338       3.00000       2.10257    
          71   1.28989       3.00000       2.10257    
          72   1.38262       3.00000       2.10257    
          73   1.48202       3.00000       2.10257    
          74   1.58856       3.00000       2.10257    
          75   1.70277       3.00000       2.10257    
          76   1.82518       3.00000       2.10257    
          77   1.95640       3.00000       2.10257    
          78   2.09705       3.00000       2.10257    
          79   2.24781       3.00000       2.44838    
          80   2.40940       3.00000       2.44838    
          81   2.58262       3.00000       2.44838    
          82   2.76829       3.00000       2.44838    
          83   2.96730       3.00000       2.44838    
          84   3.18063       3.00000       2.44838    
          85   3.40929       3.00000       2.44838    
          86   3.65438       3.00000       2.44838    
          87   3.91710       3.00000       2.44838    
          88   4.19871       3.00000       2.44838    
          89   4.50056       3.00000       2.44838    
          90   4.82411       3.00000       2.44838    
          91   5.17092       3.00000       2.44838    
          92   5.54266       3.00000       2.44838    
          93   5.94113       3.00000       2.44838    
          94   6.36825       3.00000       2.85100    
          95   6.82607       3.00000       2.85100    
          96   7.31681       3.00000       2.85100    
          97   7.84282       3.00000       2.85100    
          98   8.40665       3.00000       2.85100    
          99   9.01102       3.00000       2.85100    
         100   9.65883       3.00000       2.85100    
         101   10.3532       3.00000       3.31978    
         102   11.0975       3.00000       3.31978    
         103   11.8953       3.00000       3.31978    
         104   12.7505       3.00000       3.86557    
         105   13.6672       3.00000       5.24091    
         106   14.6497       3.00000       7.10532    
         107   15.7029       3.00000       8.27307    
         108   16.8318       3.00000       9.63269    
         109   18.0419       3.00000       9.63269    
         110   19.3389       3.00000       11.2157    
         111   20.7292       3.00000       11.2157    
         112   22.2195       3.00000       13.0588    
         113   23.8169       3.00000       13.0588    
         114   25.5291       3.00000       13.0588    
         115   27.3644       3.00000       15.2047    
         116   29.3317       3.00000       15.2047    
         117   31.4404       3.00000       15.2047    
         118   33.7006       3.00000       15.2047    
         119   36.1234       3.00000       17.7032    
         120   38.7204       3.00000       17.7032    
         121   41.5040       3.00000       17.7032    
         122   44.4878       3.00000       20.6122    
         123   47.6861       3.00000       20.6122    
         124   51.1143       3.00000       20.6122    
         125   54.7890       3.00000       23.9991    
         126   58.7279       3.00000       23.9991    
         127   62.9499       3.00000       23.9991    
         128   67.4754       3.00000       27.9425    
         129   72.3263       3.00000       27.9425    
         130   77.5260       3.00000       27.9425    
         131   83.0994       3.00000       32.5338    
         132   89.0735       3.00000       32.5338    
         133   95.4772       3.00000       32.5338    
         134   102.341       3.00000       37.8795    
         135   109.699       3.00000       37.8795    
         136   117.585       3.00000       37.8795    
         137   126.038       3.00000       44.1035    
         138   135.099       3.00000       44.1035    
         139   144.812       3.00000       44.1035    
         140   155.223       3.00000       51.3500    
         141   166.382       3.00000       51.3500    
         142   178.343       3.00000       51.3500    
         143   191.164       3.00000       59.7872    
         144   204.907       3.00000       59.7872    
         145   219.639       3.00000       59.7872    
         146   235.429       3.00000       69.6106    
         147   252.354       3.00000       69.6106    
         148   270.496       3.00000       81.0479    
         149   289.942       3.00000       81.0479    
         150   310.787       3.00000       81.0479    
         151   333.130       3.00000       94.3645    
         152   357.078       3.00000       94.3645    
         153   382.749       3.00000       109.869    
         154   410.266       3.00000       109.869    
         155   439.760       3.00000       127.921    
         156   471.375       3.00000       127.921    
         157   505.263       3.00000       148.938    
         158   541.587       3.00000       148.938    
         159   580.523       3.00000       173.409    
         160   622.257       3.00000       173.409    
         161   666.992       3.00000       201.901    
         162   714.943       3.00000       201.901    
         163   766.341       3.00000       235.074    
         164   821.435       3.00000       235.074    
         165   880.488       3.00000       273.696    
         166   943.788       3.00000       273.696    
         167   1011.64       3.00000       318.665    
         168   1084.37       3.00000       371.022    
         169   1162.32       3.00000       371.022    
         170   1245.88       3.00000       431.982    
         171   1335.45       3.00000       431.982    
         172   1431.46       3.00000       502.956    
         173   1534.37       3.00000       585.593    
         174   1644.68       3.00000       585.593    
         175   1762.91       3.00000       681.806    
         176   1889.65       3.00000       793.827    
         177   2025.50       3.00000       924.253    
         178   2171.12       3.00000       924.253    
         179   2327.20       3.00000       1076.11    
         180   2494.51       3.00000       1252.91    
         181   2673.84       3.00000       1252.91    
         182   2866.07       3.00000       1458.77    
         183   3072.11       3.00000       1698.44    
         184   3292.97       3.00000       1977.50    
         185   3529.71       3.00000       1977.50    
         186   3783.46       3.00000       2302.40    
         187   4055.46       3.00000       2680.69    
         188   4347.01       3.00000       3121.12    
         189   4659.52       3.00000       3633.92    
         190   4994.51       3.00000       3633.92    
         191   5353.56       3.00000       4230.98    
         192   5738.44       3.00000       4926.13    
         193   6150.99       3.00000       5735.49    
         194   6593.19       3.00000       6677.83    
         195   7067.18       3.00000       7775.00    
         196   7575.25       3.00000       9052.43    
 
 
 Transport coefficients
A1     Mean energy (eV)                                                
A2     Mobility *N (1/m/V/s)                                           
A6     Diffusion coefficient *N (1/m/s)                                
A11    Energy mobility *N (1/m/V/s)                                    
A12    Energy diffusion coef. *N (1/m/s)                               
A13    Total collision freq. /N (m3/s)                                 
A14    Momentum frequency /N (m3/s)                                    
A16    Total ionization freq. /N (m3/s)                                
A17    Total attachment freq. /N (m3/s)                                
A18    Townsend ioniz. coef. alpha/N (m2)                              
A19    Townsend attach. coef. eta/N (m2)                               
A20    Power /N (eV m3/s)                                              
A21    Elastic power loss /N (eV m3/s)                                 
A22    Inelastic power loss /N (eV m3/s)                               
A23    Growth power /N (eV m3/s)                                       
A27    Maximum energy                                                  
A28    # of iterations                                                 
A29    # of grid trials                                                
A30    Error code                                                      
            R#      E/N (Td)      A1            A2            A6           A11           A12           A13           A14           A16           A17           A18           A19           A20           A21           A22           A23           A27           A28           A29           A30      
           1  0.100000E-01  0.397261E-01  0.404646E+26  0.111710E+25  0.441132E+26  0.116637E+25  0.399964E-14  0.434657E-14   0.00000      0.429384E-36   0.00000      0.106114E-38  0.404646E-20  0.152365E-21  0.389085E-20 -0.170664E-37  0.621116       6.00000       1.00000       0.00000    
           2  0.107189E-01  0.398500E-01  0.402448E+26  0.111750E+25  0.439855E+26  0.116651E+25  0.401161E-14  0.437031E-14   0.00000      0.431660E-36   0.00000      0.100065E-38  0.462393E-20  0.175171E-21  0.444519E-20 -0.172103E-37  0.621116       6.00000       1.00000       0.00000    
           3  0.114895E-01  0.399899E-01  0.400081E+26  0.111794E+25  0.438418E+26  0.116666E+25  0.402511E-14  0.439616E-14   0.00000      0.434242E-36   0.00000      0.944676E-39  0.528143E-20  0.201420E-21  0.507609E-20 -0.173740E-37  0.621116       6.00000       1.00000       0.00000    
           4  0.123155E-01  0.401478E-01  0.397532E+26  0.111841E+25  0.436802E+26  0.116683E+25  0.404036E-14  0.442435E-14   0.00000      0.437174E-36   0.00000      0.892956E-39  0.602944E-20  0.231644E-21  0.579350E-20 -0.175604E-37  0.621116       6.00000       1.00000       0.00000    
           5  0.132009E-01  0.403262E-01  0.394787E+26  0.111893E+25  0.434988E+26  0.116702E+25  0.405757E-14  0.445511E-14   0.00000      0.440501E-36   0.00000      0.845242E-39  0.687969E-20  0.266456E-21  0.660852E-20 -0.177726E-37  0.621116       6.00000       1.00000       0.00000    
           6  0.141499E-01  0.405276E-01  0.391828E+26  0.111948E+25  0.432952E+26  0.116724E+25  0.407701E-14  0.448875E-14   0.00000      0.444276E-36   0.00000      0.801316E-39  0.784519E-20  0.306580E-21  0.753346E-20 -0.180143E-37  0.621116       6.00000       1.00000       0.00000    
           7  0.151672E-01  0.407550E-01  0.388639E+26  0.112009E+25  0.430671E+26  0.116749E+25  0.409896E-14  0.452558E-14   0.00000      0.448557E-36   0.00000      0.760968E-39  0.894038E-20  0.352845E-21  0.858193E-20 -0.182900E-37  0.621116       6.00000       1.00000       0.00000    
           8  0.162576E-01  0.410119E-01  0.385202E+26  0.112075E+25  0.428120E+26  0.116776E+25  0.412375E-14  0.456597E-14   0.00000      0.453410E-36   0.00000      0.724015E-39  0.101812E-19  0.406221E-21  0.976890E-20 -0.186043E-37  0.621116       6.00000       1.00000       0.00000    
           9  0.174263E-01  0.413020E-01  0.381497E+26  0.112147E+25  0.425271E+26  0.116807E+25  0.415173E-14  0.461032E-14   0.00000      0.458907E-36   0.00000      0.690284E-39  0.115852E-19  0.467841E-21  0.111107E-19 -0.189630E-37  0.621116       6.00000       1.00000       0.00000    
          10  0.186791E-01  0.416296E-01  0.377503E+26  0.112225E+25  0.422094E+26  0.116842E+25  0.418332E-14  0.465909E-14   0.00000      0.465128E-36   0.00000      0.659622E-39  0.131715E-19  0.539025E-21  0.126253E-19 -0.193724E-37  0.621116       6.00000       1.00000       0.00000    
          11  0.200220E-01  0.419995E-01  0.373200E+26  0.112309E+25  0.418560E+26  0.116882E+25  0.421898E-14  0.471281E-14   0.00000      0.472161E-36   0.00000      0.631890E-39  0.149608E-19  0.621316E-21  0.143318E-19 -0.198400E-37  0.621116       6.00000       1.00000       0.00000    
          12  0.214614E-01  0.424170E-01  0.368565E+26  0.112401E+25  0.414638E+26  0.116926E+25  0.425922E-14  0.477207E-14   0.00000      0.480102E-36   0.00000      0.606961E-39  0.169758E-19  0.716517E-21  0.162510E-19 -0.203741E-37  0.621116       6.00000       1.00000       0.00000    
          13  0.230043E-01  0.428880E-01  0.363579E+26  0.112500E+25  0.410297E+26  0.116975E+25  0.430461E-14  0.483752E-14   0.00000      0.489052E-36   0.00000      0.584720E-39  0.192405E-19  0.826739E-21  0.184048E-19 -0.209843E-37  0.621116       6.00000       1.00000       0.00000    
          14  0.246581E-01  0.434193E-01  0.358219E+26  0.112608E+25  0.405506E+26  0.117030E+25  0.435578E-14  0.490991E-14   0.00000      0.499120E-36   0.00000      0.565064E-39  0.217805E-19  0.954454E-21  0.208165E-19 -0.216815E-37  0.621116       6.00000       1.00000       0.00000    
          15  0.264308E-01  0.440171E-01  0.352440E+26  0.112714E+25  0.400227E+26  0.117085E+25  0.441332E-14  0.499040E-14   0.00000      0.510399E-36   0.00000      0.547916E-39  0.246211E-19  0.110229E-20  0.235056E-19 -0.224783E-37  0.723519       12.0000       2.00000       0.00000    
          16  0.283310E-01  0.446915E-01  0.346279E+26  0.112840E+25  0.394456E+26  0.117154E+25  0.447820E-14  0.507920E-14   0.00000      0.523036E-36   0.00000      0.533144E-39  0.277939E-19  0.127413E-20  0.265056E-19 -0.233875E-37  0.723519       6.00000       1.00000       0.00000    
          17  0.303677E-01  0.454503E-01  0.339693E+26  0.112976E+25  0.388159E+26  0.117230E+25  0.455116E-14  0.517768E-14   0.00000      0.537123E-36   0.00000      0.520685E-39  0.313264E-19  0.147372E-20  0.298376E-19 -0.244250E-37  0.723519       6.00000       1.00000       0.00000    
          18  0.325509E-01  0.463033E-01  0.332671E+26  0.113122E+25  0.381319E+26  0.117315E+25  0.463311E-14  0.528696E-14   0.00000      0.552758E-36   0.00000      0.510454E-39  0.352485E-19  0.170570E-20  0.335267E-19 -0.256075E-37  0.723519       6.00000       1.00000       0.00000    
          19  0.348910E-01  0.472609E-01  0.325210E+26  0.113279E+25  0.373928E+26  0.117409E+25  0.472503E-14  0.540827E-14   0.00000      0.570021E-36   0.00000      0.502359E-39  0.395905E-19  0.197546E-20  0.375977E-19 -0.269531E-37  0.723519       6.00000       1.00000       0.00000    
          20  0.373994E-01  0.483346E-01  0.317306E+26  0.113446E+25  0.365983E+26  0.117513E+25  0.482798E-14  0.554297E-14   0.00000      0.588970E-36   0.00000      0.496306E-39  0.443821E-19  0.228933E-20  0.420743E-19 -0.284814E-37  0.723519       6.00000       1.00000       0.00000    
          21  0.400881E-01  0.495364E-01  0.308969E+26  0.113626E+25  0.357493E+26  0.117628E+25  0.494308E-14  0.569254E-14   0.00000      0.609616E-36   0.00000      0.492182E-39  0.496530E-19  0.265461E-20  0.469788E-19 -0.302125E-37  0.723519       6.00000       1.00000       0.00000    
          22  0.429700E-01  0.508789E-01  0.300215E+26  0.113817E+25  0.348478E+26  0.117755E+25  0.507149E-14  0.585853E-14   0.00000      0.631919E-36   0.00000      0.489850E-39  0.554325E-19  0.307970E-20  0.523320E-19 -0.321662E-37  0.723519       6.00000       1.00000       0.00000    
          23  0.460592E-01  0.523757E-01  0.291066E+26  0.114021E+25  0.338968E+26  0.117894E+25  0.521442E-14  0.604268E-14   0.00000      0.655776E-36   0.00000      0.489156E-39  0.617483E-19  0.357430E-20  0.581518E-19 -0.343621E-37  0.723519       6.00000       1.00000       0.00000    
          24  0.493705E-01  0.540407E-01  0.281555E+26  0.114236E+25  0.329006E+26  0.118047E+25  0.537314E-14  0.624680E-14   0.00000      0.681007E-36   0.00000      0.489915E-39  0.686275E-19  0.414946E-20  0.644543E-19 -0.368181E-37  0.723519       6.00000       1.00000       0.00000    
          25  0.529198E-01  0.558877E-01  0.271725E+26  0.114464E+25  0.318648E+26  0.118215E+25  0.554886E-14  0.647280E-14   0.00000      0.707322E-36   0.00000      0.491892E-39  0.760967E-19  0.481748E-20  0.712539E-19 -0.395472E-37  0.723519       6.00000       1.00000       0.00000    
          26  0.567243E-01  0.579305E-01  0.261627E+26  0.114704E+25  0.307963E+26  0.118398E+25  0.574275E-14  0.672262E-14   0.00000      0.734337E-36   0.00000      0.494816E-39  0.841823E-19  0.559203E-20  0.785632E-19 -0.425577E-37  0.723519       6.00000       1.00000       0.00000    
          27  0.608022E-01  0.601819E-01  0.251322E+26  0.114957E+25  0.297030E+26  0.118598E+25  0.595590E-14  0.699826E-14   0.00000      0.761560E-36   0.00000      0.498372E-39  0.929117E-19  0.648800E-20  0.863946E-19 -0.458500E-37  0.723519       6.00000       1.00000       0.00000    
          28  0.651734E-01  0.626536E-01  0.240878E+26  0.115221E+25  0.285935E+26  0.118815E+25  0.618924E-14  0.730171E-14   0.00000      0.788404E-36   0.00000      0.502206E-39  0.102315E-18  0.752117E-20  0.947621E-19 -0.494149E-37  0.723519       6.00000       1.00000       0.00000    
          29  0.698588E-01  0.653551E-01  0.230367E+26  0.115498E+25  0.274775E+26  0.119049E+25  0.644348E-14  0.763485E-14   0.00000      0.814207E-36   0.00000      0.505933E-39  0.112425E-18  0.870776E-20  0.103683E-18 -0.532317E-37  0.723519       6.00000       1.00000       0.00000    
          30  0.748810E-01  0.682927E-01  0.219870E+26  0.115787E+25  0.263650E+26  0.119301E+25  0.671900E-14  0.799937E-14   0.00000      0.838261E-36   0.00000      0.509145E-39  0.123285E-18  0.100637E-19  0.113184E-18 -0.572667E-37  0.723519       6.00000       1.00000       0.00000    
          31  0.802643E-01  0.714683E-01  0.209466E+26  0.116088E+25  0.252660E+26  0.119571E+25  0.701574E-14  0.839667E-14   0.00000      0.859859E-36   0.00000      0.511435E-39  0.134946E-18  0.116037E-19  0.123302E-18 -0.614728E-37  0.723519       6.00000       1.00000       0.00000    
          32  0.860347E-01  0.748745E-01  0.199230E+26  0.116388E+25  0.241907E+26  0.119851E+25  0.733279E-14  0.882807E-14   0.00000      0.878339E-36   0.00000      0.512428E-39  0.147470E-18  0.133357E-19  0.134087E-18 -0.657893E-37  0.842748       12.0000       2.00000       0.00000    
          33  0.922198E-01  0.785093E-01  0.189259E+26  0.116709E+25  0.231485E+26  0.120153E+25  0.766970E-14  0.929319E-14   0.00000      0.893178E-36   0.00000      0.511749E-39  0.160955E-18  0.152761E-19  0.145627E-18 -0.701473E-37  0.842748       6.00000       1.00000       0.00000    
          34  0.988496E-01  0.823513E-01  0.179618E+26  0.117039E+25  0.221478E+26  0.120469E+25  0.802427E-14  0.979198E-14   0.00000      0.903972E-36   0.00000      0.509131E-39  0.175510E-18  0.174247E-19  0.158028E-18 -0.744681E-37  0.842748       6.00000       1.00000       0.00000    
          35  0.105956      0.863753E-01  0.170377E+26  0.117377E+25  0.211963E+26  0.120795E+25  0.839394E-14  0.103231E-13   0.00000      0.910522E-36   0.00000      0.504374E-39  0.191277E-18  0.197785E-19  0.171436E-18 -0.786716E-37  0.842748       6.00000       1.00000       0.00000    
          36  0.113573      0.905484E-01  0.161596E+26  0.117719E+25  0.202999E+26  0.121131E+25  0.877553E-14  0.108841E-13   0.00000      0.912837E-36   0.00000      0.497378E-39  0.208441E-18  0.223280E-19  0.186045E-18 -0.826809E-37  0.842748       6.00000       1.00000       0.00000    
          37  0.121738      0.948326E-01  0.153321E+26  0.118065E+25  0.194627E+26  0.121471E+25  0.916539E-14  0.114715E-13   0.00000      0.911125E-36   0.00000      0.488145E-39  0.227225E-18  0.250569E-19  0.202095E-18 -0.864293E-37  0.842748       6.00000       1.00000       0.00000    
          38  0.130490      0.991851E-01  0.145589E+26  0.118411E+25  0.186871E+26  0.121814E+25  0.955954E-14  0.120807E-13   0.00000      0.905769E-36   0.00000      0.476773E-39  0.247904E-18  0.279432E-19  0.219882E-18 -0.898636E-37  0.842748       6.00000       1.00000       0.00000    
          39  0.139871      0.103563      0.138420E+26  0.118754E+25  0.179737E+26  0.122156E+25  0.995397E-14  0.127064E-13   0.00000      0.897273E-36   0.00000      0.463445E-39  0.270804E-18  0.309613E-19  0.239759E-18 -0.929487E-37  0.842748       6.00000       1.00000       0.00000    
          40  0.149927      0.107925      0.131820E+26  0.119093E+25  0.173211E+26  0.122496E+25  0.103449E-13  0.133426E-13   0.00000      0.886217E-36   0.00000      0.448415E-39  0.296305E-18  0.340841E-19  0.262134E-18 -0.956689E-37  0.842748       6.00000       1.00000       0.00000    
          41  0.160705      0.112235      0.125782E+26  0.119426E+25  0.167268E+26  0.122832E+25  0.107293E-13  0.139831E-13   0.00000      0.873190E-36   0.00000      0.431977E-39  0.324846E-18  0.372865E-19  0.287470E-18 -0.980268E-37  0.842748       6.00000       1.00000       0.00000    
          42  0.172259      0.116509      0.120262E+26  0.119752E+25  0.161817E+26  0.123166E+25  0.111080E-13  0.146249E-13   0.00000      0.858516E-36   0.00000      0.414420E-39  0.356853E-18  0.405790E-19  0.316180E-18 -0.100052E-36  0.981565       12.0000       2.00000       0.00000    
          43  0.184643      0.120648      0.115277E+26  0.120069E+25  0.156911E+26  0.123494E+25  0.114729E-13  0.152574E-13   0.00000      0.843144E-36   0.00000      0.396121E-39  0.393011E-18  0.438874E-19  0.349032E-18 -0.101751E-36  0.981565       6.00000       1.00000       0.00000    
          44  0.197917      0.124684      0.110767E+26  0.120377E+25  0.152449E+26  0.123818E+25  0.118264E-13  0.158786E-13   0.00000      0.827267E-36   0.00000      0.377358E-39  0.433885E-18  0.472316E-19  0.386565E-18 -0.103174E-36  0.981565       6.00000       1.00000       0.00000    
          45  0.212145      0.128617      0.106690E+26  0.120678E+25  0.148375E+26  0.124141E+25  0.121687E-13  0.164853E-13   0.00000      0.811200E-36   0.00000      0.358402E-39  0.480165E-18  0.506118E-19  0.429468E-18 -0.104360E-36  0.981565       6.00000       1.00000       0.00000    
          46  0.227397      0.132457      0.103001E+26  0.120971E+25  0.144637E+26  0.124464E+25  0.125006E-13  0.170757E-13   0.00000      0.795168E-36   0.00000      0.339494E-39  0.532611E-18  0.540356E-19  0.478496E-18 -0.105351E-36  0.981565       6.00000       1.00000       0.00000    
          47  0.243744      0.136222      0.996555E+25  0.121259E+25  0.141183E+26  0.124790E+25  0.128236E-13  0.176490E-13   0.00000      0.779314E-36   0.00000      0.320831E-39  0.592067E-18  0.575173E-19  0.534475E-18 -0.106184E-36  0.981565       6.00000       1.00000       0.00000    
          48  0.261268      0.139933      0.966089E+25  0.121544E+25  0.137966E+26  0.125121E+25  0.131395E-13  0.182056E-13   0.00000      0.763719E-36   0.00000      0.302573E-39  0.659459E-18  0.610765E-19  0.598315E-18 -0.106894E-36  0.981565       6.00000       1.00000       0.00000    
          49  0.280050      0.143602      0.938270E+25  0.121819E+25  0.134950E+26  0.125452E+25  0.134494E-13  0.187453E-13   0.00000      0.748507E-36   0.00000      0.284860E-39  0.735869E-18  0.647155E-19  0.670720E-18 -0.107515E-36   1.14319       12.0000       2.00000       0.00000    
          50  0.300184      0.147284      0.912577E+25  0.122103E+25  0.132086E+26  0.125801E+25  0.137578E-13  0.192731E-13   0.00000      0.733478E-36   0.00000      0.267751E-39  0.822325E-18  0.685053E-19  0.753318E-18 -0.108057E-36   1.14319       6.00000       1.00000       0.00000    
          51  0.321764      0.150992      0.888742E+25  0.122391E+25  0.129349E+26  0.126163E+25  0.140658E-13  0.197900E-13   0.00000      0.718704E-36   0.00000      0.251325E-39  0.920134E-18  0.724511E-19  0.847099E-18 -0.108546E-36   1.14319       6.00000       1.00000       0.00000    
          52  0.344896      0.154752      0.866463E+25  0.122684E+25  0.126714E+26  0.126540E+25  0.143754E-13  0.202988E-13   0.00000      0.704145E-36   0.00000      0.235626E-39  0.103069E-17  0.765821E-19  0.953424E-18 -0.108994E-36   1.14319       6.00000       1.00000       0.00000    
          53  0.369691      0.158580      0.845327E+25  0.122976E+25  0.124156E+26  0.126919E+25  0.146884E-13  0.208064E-13   0.00000      0.689636E-36   0.00000      0.220677E-39  0.115532E-17  0.808911E-19  0.107400E-17 -0.109393E-36   1.33137       11.0000       2.00000       0.00000    
          54  0.396269      0.162509      0.825447E+25  0.123286E+25  0.121674E+26  0.127333E+25  0.150065E-13  0.213075E-13   0.00000      0.675406E-36   0.00000      0.206484E-39  0.129619E-17  0.854697E-19  0.121032E-17 -0.109789E-36   1.33137       6.00000       1.00000       0.00000    
          55  0.424757      0.166560      0.806460E+25  0.123608E+25  0.119245E+26  0.127768E+25  0.153315E-13  0.218091E-13   0.00000      0.661270E-36   0.00000      0.193044E-39  0.145501E-17  0.903223E-19  0.136433E-17 -0.110170E-36   1.33137       6.00000       1.00000       0.00000    
          56  0.455294      0.170752      0.788217E+25  0.123944E+25  0.116860E+26  0.128227E+25  0.156648E-13  0.223139E-13   0.00000      0.647200E-36   0.00000      0.180344E-39  0.163391E-17  0.954797E-19  0.153815E-17 -0.110539E-36   1.33137       6.00000       1.00000       0.00000    
          57  0.488025      0.175166      0.770629E+25  0.124297E+25  0.114483E+26  0.128728E+25  0.160115E-13  0.228232E-13   0.00000      0.633222E-36   0.00000      0.168372E-39  0.183540E-17  0.101079E-18  0.173545E-17 -0.110951E-36   1.55047       12.0000       2.00000       0.00000    
          58  0.523110      0.179714      0.753491E+25  0.124667E+25  0.112163E+26  0.129247E+25  0.163662E-13  0.233423E-13   0.00000      0.619175E-36   0.00000      0.157088E-39  0.206188E-17  0.106968E-18  0.195612E-17 -0.111306E-36   1.55047       6.00000       1.00000       0.00000    
          59  0.560717      0.184461      0.736807E+25  0.125057E+25  0.109873E+26  0.129800E+25  0.167325E-13  0.238708E-13   0.00000      0.605152E-36   0.00000      0.146476E-39  0.231655E-17  0.113267E-18  0.220455E-17 -0.111658E-36   1.55047       6.00000       1.00000       0.00000    
          60  0.601028      0.189424      0.720519E+25  0.125469E+25  0.107612E+26  0.130390E+25  0.171114E-13  0.244104E-13   0.00000      0.591155E-36   0.00000      0.136509E-39  0.260276E-17  0.120018E-18  0.248405E-17 -0.112009E-36   1.55047       6.00000       1.00000       0.00000    
          61  0.644236      0.194509      0.704568E+25  0.125884E+25  0.105414E+26  0.130982E+25  0.174967E-13  0.249631E-13   0.00000      0.577156E-36   0.00000      0.127153E-39  0.292424E-17  0.127039E-18  0.279729E-17 -0.112297E-36   1.80556       12.0000       2.00000       0.00000    
          62  0.690551      0.199952      0.688998E+25  0.126346E+25  0.103208E+26  0.131661E+25  0.179022E-13  0.255272E-13   0.00000      0.563279E-36   0.00000      0.118389E-39  0.328556E-17  0.134814E-18  0.315132E-17 -0.112662E-36   1.80556       6.00000       1.00000       0.00000    
          63  0.740196      0.205687      0.673711E+25  0.126839E+25  0.101022E+26  0.132396E+25  0.183236E-13  0.261064E-13   0.00000      0.549430E-36   0.00000      0.110177E-39  0.369120E-17  0.143218E-18  0.354915E-17 -0.113044E-36   1.80556       6.00000       1.00000       0.00000    
          64  0.793410      0.211750      0.658683E+25  0.127368E+25  0.988508E+25  0.133196E+25  0.187623E-13  0.267021E-13   0.00000      0.535611E-36   0.00000      0.102489E-39  0.414640E-17  0.152334E-18  0.399597E-17 -0.113447E-36   1.80556       6.00000       1.00000       0.00000    
          65  0.850449      0.218181      0.643888E+25  0.127936E+25  0.966913E+25  0.134071E+25  0.192200E-13  0.273156E-13   0.00000      0.521819E-36   0.00000      0.952931E-40  0.465701E-17  0.162266E-18  0.449751E-17 -0.113882E-36   1.80556       7.00000       1.00000       0.00000    
          66  0.911589      0.225033      0.629302E+25  0.128551E+25  0.945373E+25  0.135035E+25  0.196990E-13  0.279488E-13   0.00000      0.508048E-36   0.00000      0.885619E-40  0.522946E-17  0.173144E-18  0.506010E-17 -0.114358E-36   1.80556       7.00000       1.00000       0.00000    
          67  0.977124      0.232220      0.615091E+25  0.129201E+25  0.924230E+25  0.136076E+25  0.201920E-13  0.285945E-13   0.00000      0.494501E-36   0.00000      0.822769E-40  0.587271E-17  0.184868E-18  0.568549E-17 -0.114867E-36   2.10257       14.0000       2.00000       0.00000    
          68   1.04737      0.240106      0.600842E+25  0.129931E+25  0.902576E+25  0.137266E+25  0.207210E-13  0.292726E-13   0.00000      0.480744E-36   0.00000      0.763929E-40  0.659115E-17  0.198140E-18  0.639108E-17 -0.115463E-36   2.10257       7.00000       1.00000       0.00000    
          69   1.12267      0.248648      0.586703E+25  0.130733E+25  0.880723E+25  0.138600E+25  0.212806E-13  0.299780E-13   0.00000      0.466956E-36   0.00000      0.708935E-40  0.739470E-17  0.212969E-18  0.718035E-17 -0.116140E-36   2.10257       7.00000       1.00000       0.00000    
          70   1.20338      0.257959      0.572633E+25  0.131619E+25  0.858564E+25  0.140103E+25  0.218754E-13  0.307146E-13   0.00000      0.453110E-36   0.00000      0.657545E-40  0.829240E-17  0.229666E-18  0.806205E-17 -0.116915E-36   2.10257       7.00000       1.00000       0.00000    
          71   1.28989      0.268174      0.558586E+25  0.132604E+25  0.835986E+25  0.141800E+25  0.225107E-13  0.314870E-13   0.00000      0.439175E-36   0.00000      0.609530E-40  0.929386E-17  0.248609E-18  0.904543E-17 -0.117806E-36   2.10257       7.00000       1.00000       0.00000    
          72   1.38262      0.279448      0.544512E+25  0.133702E+25  0.812882E+25  0.143715E+25  0.231925E-13  0.323008E-13   0.00000      0.425117E-36   0.00000      0.564673E-40  0.104091E-16  0.270248E-18  0.101402E-16 -0.118828E-36   2.10257       8.00000       1.00000       0.00000    
          73   1.48202      0.291957      0.530358E+25  0.134931E+25  0.789168E+25  0.145869E+25  0.239276E-13  0.331629E-13   0.00000      0.410899E-36   0.00000      0.522772E-40  0.116487E-16  0.295108E-18  0.113562E-16 -0.119993E-36   2.10257       8.00000       1.00000       0.00000    
          74   1.58856      0.305884      0.516070E+25  0.136307E+25  0.764793E+25  0.148276E+25  0.247229E-13  0.340811E-13   0.00000      0.396489E-36   0.00000      0.483635E-40  0.130232E-16  0.323774E-18  0.127037E-16 -0.121307E-36   2.10257       8.00000       1.00000       0.00000    
          75   1.70277      0.321419      0.501601E+25  0.137845E+25  0.739762E+25  0.150938E+25  0.255855E-13  0.350641E-13   0.00000      0.381860E-36   0.00000      0.447085E-40  0.145435E-16  0.356873E-18  0.141930E-16 -0.122763E-36   2.10257       8.00000       1.00000       0.00000    
          76   1.82518      0.338733      0.486915E+25  0.139559E+25  0.714149E+25  0.153843E+25  0.265217E-13  0.361217E-13   0.00000      0.367000E-36   0.00000      0.412958E-40  0.162206E-16  0.395037E-18  0.158344E-16 -0.124340E-36   2.10257       8.00000       1.00000       0.00000    
          77   1.95640      0.357969      0.471990E+25  0.141456E+25  0.688101E+25  0.156961E+25  0.275362E-13  0.372639E-13   0.00000      0.351914E-36   0.00000      0.381107E-40  0.180654E-16  0.438856E-18  0.176384E-16 -0.125999E-36   2.10257       8.00000       1.00000       0.00000    
          78   2.09705      0.379046      0.456743E+25  0.143516E+25  0.662058E+25  0.160189E+25  0.286267E-13  0.385079E-13   0.00000      0.336577E-36   0.00000      0.351402E-40  0.200857E-16  0.488249E-18  0.196289E-16 -0.127605E-36   2.44838       16.0000       2.00000       0.00000    
          79   2.24781      0.402307      0.441393E+25  0.145776E+25  0.635841E+25  0.163590E+25  0.298020E-13  0.398470E-13   0.00000      0.321177E-36   0.00000      0.323712E-40  0.223020E-16  0.544643E-18  0.217910E-16 -0.129238E-36   2.44838       8.00000       1.00000       0.00000    
          80   2.40940      0.427539      0.425888E+25  0.148199E+25  0.609955E+25  0.167036E+25  0.310546E-13  0.412978E-13   0.00000      0.305715E-36   0.00000      0.297928E-40  0.247237E-16  0.607657E-18  0.241519E-16 -0.130730E-36   2.44838       8.00000       1.00000       0.00000    
          81   2.58262      0.454584      0.410308E+25  0.150760E+25  0.584691E+25  0.170458E+25  0.323773E-13  0.428659E-13   0.00000      0.290299E-36   0.00000      0.273953E-40  0.273672E-16  0.677170E-18  0.267278E-16 -0.131989E-36   2.44838       8.00000       1.00000       0.00000    
          82   2.76829      0.483202      0.394757E+25  0.153426E+25  0.560311E+25  0.173791E+25  0.337595E-13  0.445545E-13   0.00000      0.275055E-36   0.00000      0.251698E-40  0.302518E-16  0.752803E-18  0.295385E-16 -0.132929E-36   2.44838       8.00000       1.00000       0.00000    
          83   2.96730      0.513073      0.379353E+25  0.156157E+25  0.537025E+25  0.176980E+25  0.351879E-13  0.463636E-13   0.00000      0.260119E-36   0.00000      0.231082E-40  0.334016E-16  0.833933E-18  0.326086E-16 -0.133481E-36   2.44838       8.00000       1.00000       0.00000    
          84   3.18063      0.543829      0.364219E+25  0.158912E+25  0.514984E+25  0.179979E+25  0.366473E-13  0.482901E-13   0.00000      0.245624E-36   0.00000      0.212029E-40  0.368458E-16  0.919733E-18  0.359680E-16 -0.133597E-36   2.44838       8.00000       1.00000       0.00000    
          85   3.40929      0.575073      0.349474E+25  0.161648E+25  0.494277E+25  0.182758E+25  0.381217E-13  0.503276E-13   0.00000      0.231696E-36   0.00000      0.194465E-40  0.406202E-16  0.100923E-17  0.396534E-16 -0.133261E-36   2.44838       9.00000       1.00000       0.00000    
          86   3.65438      0.606408      0.335224E+25  0.164325E+25  0.474939E+25  0.185299E+25  0.395955E-13  0.524670E-13   0.00000      0.218441E-36   0.00000      0.178314E-40  0.447676E-16  0.110138E-17  0.437088E-16 -0.132482E-36   2.44838       8.00000       1.00000       0.00000    
          87   3.91710      0.637460      0.321558E+25  0.166908E+25  0.456957E+25  0.187594E+25  0.410541E-13  0.546968E-13   0.00000      0.205942E-36   0.00000      0.163501E-40  0.493389E-16  0.119511E-17  0.481861E-16 -0.131297E-36   2.44838       9.00000       1.00000       0.00000    
          88   4.19871      0.667897      0.308544E+25  0.169368E+25  0.440285E+25  0.189645E+25  0.424846E-13  0.570039E-13   0.00000      0.194257E-36   0.00000      0.149949E-40  0.543937E-16  0.128942E-17  0.531459E-16 -0.129759E-36   2.44838       8.00000       1.00000       0.00000    
          89   4.50056      0.697437      0.296228E+25  0.171683E+25  0.424857E+25  0.191460E+25  0.438765E-13  0.593739E-13   0.00000      0.183417E-36   0.00000      0.137578E-40  0.600010E-16  0.138338E-17  0.586581E-16 -0.127937E-36   2.44838       8.00000       1.00000       0.00000    
          90   4.82411      0.725858      0.284635E+25  0.173838E+25  0.410590E+25  0.193052E+25  0.452214E-13  0.617922E-13   0.00000      0.173431E-36   0.00000      0.126305E-40  0.662402E-16  0.147619E-17  0.648031E-16 -0.125900E-36   2.44838       8.00000       1.00000       0.00000    
          91   5.17092      0.752995      0.273772E+25  0.175823E+25  0.397400E+25  0.194436E+25  0.465134E-13  0.642441E-13   0.00000      0.164287E-36   0.00000      0.116050E-40  0.732022E-16  0.156718E-17  0.716723E-16 -0.123720E-36   2.44838       8.00000       1.00000       0.00000    
          92   5.54266      0.778736      0.263631E+25  0.177637E+25  0.385198E+25  0.195628E+25  0.477485E-13  0.667153E-13   0.00000      0.155956E-36   0.00000      0.106731E-40  0.809903E-16  0.165583E-17  0.793699E-16 -0.121461E-36   2.44838       8.00000       1.00000       0.00000    
          93   5.94113      0.802976      0.254219E+25  0.179268E+25  0.373920E+25  0.196628E+25  0.489231E-13  0.691851E-13   0.00000      0.148407E-36   0.00000      0.982601E-41  0.897320E-16  0.174149E-17  0.880140E-16 -0.119181E-36   2.85100       16.0000       2.00000       0.00000    
          94   6.36825      0.825777      0.245453E+25  0.180745E+25  0.363443E+25  0.197488E+25  0.500403E-13  0.716561E-13   0.00000      0.141579E-36   0.00000      0.905757E-41  0.995424E-16  0.182442E-17  0.977413E-16 -0.116926E-36   2.85100       8.00000       1.00000       0.00000    
          95   6.82607      0.847107      0.237326E+25  0.182063E+25  0.353716E+25  0.198206E+25  0.510989E-13  0.741099E-13   0.00000      0.135426E-36   0.00000      0.835961E-41  0.110583E-15  0.190420E-17  0.108702E-15 -0.114733E-36   2.85100       8.00000       1.00000       0.00000    
          96   7.31681      0.866998      0.229801E+25  0.183233E+25  0.344672E+25  0.198798E+25  0.521008E-13  0.765366E-13   0.00000      0.129894E-36   0.00000      0.772529E-41  0.123026E-15  0.198076E-17  0.121069E-15 -0.112630E-36   2.85100       8.00000       1.00000       0.00000    
          97   7.84282      0.885504      0.222840E+25  0.184264E+25  0.336249E+25  0.199276E+25  0.530484E-13  0.789276E-13   0.00000      0.124929E-36   0.00000      0.714822E-41  0.137068E-15  0.205411E-17  0.135039E-15 -0.110636E-36   2.85100       8.00000       1.00000       0.00000    
          98   8.40665      0.902692      0.216402E+25  0.185166E+25  0.328391E+25  0.199652E+25  0.539448E-13  0.812758E-13   0.00000      0.120479E-36   0.00000      0.662258E-41  0.152935E-15  0.212435E-17  0.150837E-15 -0.108766E-36   2.85100       8.00000       1.00000       0.00000    
          99   9.01102      0.918638      0.210448E+25  0.185949E+25  0.321048E+25  0.199937E+25  0.547933E-13  0.835750E-13   0.00000      0.116494E-36   0.00000      0.614303E-41  0.170881E-15  0.219159E-17  0.168717E-15 -0.107026E-36   2.85100       7.00000       1.00000       0.00000    
         100   9.65883      0.933268      0.204970E+25  0.186593E+25  0.314116E+25  0.200104E+25  0.555903E-13  0.858089E-13   0.00000      0.112983E-36   0.00000      0.570689E-41  0.191222E-15  0.225534E-17  0.188846E-15 -0.105455E-36   3.31978       14.0000       2.00000       0.00000    
         101   10.3532      0.947001      0.199866E+25  0.187172E+25  0.307662E+25  0.200235E+25  0.563561E-13  0.880001E-13   0.00000      0.109783E-36   0.00000      0.530546E-41  0.214234E-15  0.231726E-17  0.211796E-15 -0.103977E-36   3.31978       7.00000       1.00000       0.00000    
         102   11.0975      0.959742      0.195141E+25  0.187662E+25  0.301597E+25  0.200298E+25  0.570859E-13  0.901306E-13   0.00000      0.106920E-36   0.00000      0.493725E-41  0.240326E-15  0.237684E-17  0.237827E-15 -0.102627E-36   3.31978       7.00000       1.00000       0.00000    
         103   11.8953      0.971422      0.190857E+25  0.188037E+25  0.295993E+25  0.200268E+25  0.577771E-13  0.921540E-13   0.00000      0.104398E-36   0.00000      0.459843E-41  0.270060E-15  0.243360E-17  0.267403E-15 -0.101428E-36   3.86557       14.0000       2.00000       0.00000    
         104   12.7505      0.982647      0.186751E+25  0.188341E+25  0.290521E+25  0.200157E+25  0.584592E-13  0.941797E-13   0.00000      0.131103E-27   0.00000      0.550580E-32  0.303612E-15  0.248974E-17  0.301074E-15 -0.128850E-27   5.24091       21.0000       3.00000       0.00000    
         105   13.6672      0.993189      0.182874E+25  0.188572E+25  0.285247E+25  0.199976E+25  0.591210E-13  0.961767E-13   0.00000      0.142280E-25   0.00000      0.569264E-30  0.341592E-15  0.254449E-17  0.339053E-15 -0.141344E-25   7.10532       21.0000       3.00000       0.00000    
         106   14.6497       1.00263      0.179375E+25  0.188702E+25  0.280327E+25  0.199725E+25  0.597419E-13  0.980526E-13   0.00000      0.656112E-25   0.00000      0.249682E-29  0.384964E-15  0.259677E-17  0.381835E-15 -0.658011E-25   8.27307       14.0000       2.00000       0.00000    
         107   15.7029       1.01237      0.176023E+25  0.188874E+25  0.275666E+25  0.199531E+25  0.603967E-13  0.999197E-13   0.00000      0.274070E-24   0.00000      0.991541E-29  0.434041E-15  0.265229E-17  0.432404E-15 -0.277547E-24   9.63269       14.0000       2.00000       0.00000    
         108   16.8318       1.02090      0.172972E+25  0.188968E+25  0.271247E+25  0.199289E+25  0.610052E-13  0.101683E-12   0.00000      0.102021E-23   0.00000      0.350418E-28  0.490045E-15  0.270490E-17  0.488389E-15 -0.104186E-23   9.63269       7.00000       1.00000       0.00000    
         109   18.0419       1.02917      0.170008E+25  0.188939E+25  0.266926E+25  0.198879E+25  0.616157E-13  0.103455E-12   0.00000      0.364375E-23   0.00000      0.118794E-27  0.553393E-15  0.275754E-17  0.551457E-15 -0.375138E-23   11.2157       14.0000       2.00000       0.00000    
         110   19.3389       1.03697      0.167311E+25  0.188939E+25  0.262817E+25  0.198551E+25  0.622247E-13  0.105122E-12   0.00000      0.114566E-22   0.00000      0.354076E-27  0.625734E-15  0.281127E-17  0.623740E-15 -0.118843E-22   11.2157       7.00000       1.00000       0.00000    
         111   20.7292       1.04461      0.164851E+25  0.188914E+25  0.258894E+25  0.198202E+25  0.628491E-13  0.106692E-12  0.237085E-27  0.350345E-22  0.693795E-32  0.102523E-26  0.708364E-15  0.286660E-17  0.706347E-15 -0.366126E-22   13.0588       14.0000       2.00000       0.00000    
         112   22.2195       1.05207      0.162398E+25  0.188836E+25  0.254972E+25  0.197791E+25  0.634838E-13  0.108303E-12  0.137591E-26  0.948989E-22  0.381306E-31  0.262994E-26  0.801768E-15  0.292385E-17  0.799715E-15 -0.998803E-22   13.0588       7.00000       1.00000       0.00000    
         113   23.8169       1.05949      0.160047E+25  0.188720E+25  0.251122E+25  0.197342E+25  0.641405E-13  0.109894E-12  0.712782E-26  0.241118E-21  0.186992E-30  0.632554E-26  0.907857E-15  0.298385E-17  0.905761E-15 -0.255561E-21   13.0588       6.00000       1.00000       0.00000    
         114   25.5291       1.06685      0.157505E+25  0.188361E+25  0.246782E+25  0.196561E+25  0.648140E-13  0.111668E-12  0.408551E-25  0.585751E-21  0.101605E-29  0.145675E-25  0.102651E-14  0.304632E-17  0.102379E-14 -0.625171E-21   15.2047       12.0000       2.00000       0.00000    
         115   27.3644       1.07464      0.155312E+25  0.188186E+25  0.243037E+25  0.196081E+25  0.655389E-13  0.113244E-12  0.177052E-24  0.131845E-20  0.416591E-29  0.310220E-25  0.116299E-14  0.311505E-17  0.116021E-14 -0.141735E-20   15.2047       6.00000       1.00000       0.00000    
         116   29.3317       1.08291      0.153175E+25  0.187992E+25  0.239302E+25  0.195632E+25  0.663120E-13  0.114825E-12  0.701313E-24  0.281445E-20  0.156095E-28  0.626427E-25  0.131783E-14  0.319039E-17  0.131497E-14 -0.304851E-20   15.2047       6.00000       1.00000       0.00000    
         117   31.4404       1.09199      0.151077E+25  0.187792E+25  0.235561E+25  0.195278E+25  0.671457E-13  0.116419E-12  0.255353E-23  0.571525E-20  0.537594E-28  0.120323E-24  0.149339E-14  0.327469E-17  0.149044E-14 -0.624119E-20   15.2047       6.00000       1.00000       0.00000    
         118   33.7006       1.10267      0.149310E+25  0.187725E+25  0.232284E+25  0.195335E+25  0.680726E-13  0.117797E-12  0.888393E-23  0.113201E-19  0.176554E-27  0.224970E-24  0.169576E-14  0.337331E-17  0.169164E-14 -0.124794E-19   17.7032       12.0000       2.00000       0.00000    
         119   36.1234       1.11503      0.147255E+25  0.187596E+25  0.228475E+25  0.195580E+25  0.690771E-13  0.119440E-12  0.278198E-22  0.209190E-19  0.522992E-27  0.393262E-24  0.192153E-14  0.348711E-17  0.191735E-14 -0.233070E-19   17.7032       6.00000       1.00000       0.00000    
         120   38.7204       1.13032      0.145206E+25  0.187566E+25  0.224617E+25  0.196445E+25  0.701983E-13  0.121126E-12  0.814985E-22  0.370951E-19  0.144953E-26  0.659771E-24  0.217703E-14  0.362408E-17  0.217277E-14 -0.418595E-19   17.7032       6.00000       1.00000       0.00000    
         121   41.5040       1.14991      0.142878E+25  0.187521E+25  0.220283E+25  0.198012E+25  0.714577E-13  0.123099E-12  0.225957E-21  0.635474E-19  0.381039E-26  0.107162E-23  0.246120E-14  0.379234E-17  0.245714E-14 -0.728584E-19   20.6122       12.0000       2.00000       0.00000    
         122   44.4878       1.17521      0.140832E+25  0.187926E+25  0.216347E+25  0.201216E+25  0.728957E-13  0.124888E-12  0.587158E-21  0.104331E-18  0.937157E-26  0.166521E-23  0.278730E-14  0.400295E-17  0.278306E-14 -0.121993E-18   20.6122       6.00000       1.00000       0.00000    
         123   47.6861       1.20838      0.138777E+25  0.188711E+25  0.212377E+25  0.206264E+25  0.745427E-13  0.126737E-12  0.144733E-20  0.165426E-18  0.218705E-25  0.249974E-23  0.315574E-14  0.426891E-17  0.315133E-14 -0.198263E-18   20.6122       5.00000       1.00000       0.00000    
         124   51.1143       1.25225      0.136833E+25  0.189949E+25  0.208548E+25  0.213622E+25  0.764528E-13  0.128538E-12  0.341264E-20  0.254578E-18  0.487928E-25  0.363988E-23  0.357500E-14  0.460968E-17  0.357386E-14 -0.314726E-18   23.9991       11.0000       2.00000       0.00000    
         125   54.7890       1.30883      0.134759E+25  0.191955E+25  0.204590E+25  0.223719E+25  0.786262E-13  0.130516E-12  0.764754E-20  0.377939E-18  0.103579E-24  0.511883E-23  0.404524E-14  0.503559E-17  0.404384E-14 -0.484946E-18   23.9991       5.00000       1.00000       0.00000    
         126   58.7279       1.38132      0.132682E+25  0.194828E+25  0.200705E+25  0.236727E+25  0.811087E-13  0.132559E-12  0.164290E-19  0.544223E-18  0.210841E-24  0.698428E-23  0.457614E-14  0.556851E-17  0.457442E-14 -0.729477E-18   23.9991       5.00000       1.00000       0.00000    
         127   62.9499       1.47437      0.130569E+25  0.198804E+25  0.196889E+25  0.252906E+25  0.839444E-13  0.134704E-12  0.341776E-19  0.766155E-18  0.415822E-24  0.932141E-23  0.517404E-14  0.623780E-17  0.517126E-14 -0.107989E-17   27.9425       10.0000       2.00000       0.00000    
         128   67.4754       1.58687      0.128512E+25  0.203934E+25  0.193293E+25  0.271239E+25  0.870914E-13  0.136861E-12  0.679181E-19  0.103994E-17  0.783245E-24  0.119928E-22  0.585105E-14  0.703820E-17  0.584804E-14 -0.154339E-17   27.9425       5.00000       1.00000       0.00000    
         129   72.3263       1.72218      0.126476E+25  0.210376E+25  0.189881E+25  0.291411E+25  0.905600E-13  0.139064E-12  0.130344E-18  0.137358E-17  0.142491E-23  0.150159E-22  0.661608E-14  0.799147E-17  0.661282E-14 -0.214224E-17   27.9425       5.00000       1.00000       0.00000    
         130   77.5260       1.88077      0.124492E+25  0.218150E+25  0.186678E+25  0.312622E+25  0.943204E-13  0.141280E-12  0.242008E-18  0.176625E-17  0.250750E-23  0.183006E-22  0.748231E-14  0.910282E-17  0.747656E-14 -0.286841E-17   32.5338       10.0000       2.00000       0.00000    
         131   83.0994       2.06272      0.122521E+25  0.227323E+25  0.183627E+25  0.334219E+25  0.983163E-13  0.143552E-12  0.435426E-18  0.221584E-17  0.427667E-23  0.217635E-22  0.846071E-14  0.103737E-16  0.845416E-14 -0.367443E-17   32.5338       5.00000       1.00000       0.00000    
         132   89.0735       2.26646      0.120592E+25  0.237776E+25  0.180727E+25  0.355517E+25  0.102488E-12  0.145849E-12  0.760452E-18  0.271421E-17  0.707952E-23  0.252683E-22  0.956790E-14  0.117972E-16  0.956034E-14 -0.443024E-17   32.5338       5.00000       1.00000       0.00000    
         133   95.4772       2.49126      0.118665E+25  0.249464E+25  0.177916E+25  0.376137E+25  0.106798E-12  0.148217E-12  0.129315E-17  0.325466E-17  0.114137E-22  0.287265E-22  0.108174E-13  0.133733E-16  0.108166E-13 -0.488913E-17   37.8795       10.0000       2.00000       0.00000    
         134   102.341       2.73046      0.116831E+25  0.261979E+25  0.175233E+25  0.395579E+25  0.111100E-12  0.150544E-12  0.213677E-17  0.381570E-17  0.178711E-22  0.319129E-22  0.122365E-13  0.150612E-16  0.122332E-13 -0.458638E-17   37.8795       5.00000       1.00000       0.00000    
         135   109.699       2.98249      0.115037E+25  0.275212E+25  0.172607E+25  0.413844E+25  0.115365E-12  0.152892E-12  0.344291E-17  0.438770E-17  0.272828E-22  0.347696E-22  0.138433E-13  0.168561E-16  0.138358E-13 -0.281901E-17   37.8795       5.00000       1.00000       0.00000    
         136   117.585       3.24378      0.113256E+25  0.288809E+25  0.170016E+25  0.430923E+25  0.119497E-12  0.155296E-12  0.541970E-17  0.495789E-17  0.406970E-22  0.372292E-22  0.156590E-13  0.187390E-16  0.156371E-13  0.149869E-17   44.1035       10.0000       2.00000       0.00000    
         137   126.038       3.51170      0.111533E+25  0.302830E+25  0.167446E+25  0.446918E+25  0.123534E-12  0.157695E-12  0.834009E-17  0.551164E-17  0.593288E-22  0.392081E-22  0.177177E-13  0.206998E-16  0.176855E-13  0.993683E-17   44.1035       5.00000       1.00000       0.00000    
         138   135.099       3.78366      0.109834E+25  0.316952E+25  0.164882E+25  0.461945E+25  0.127408E-12  0.160135E-12  0.125708E-16  0.603951E-17  0.847177E-22  0.407016E-22  0.200467E-13  0.227259E-16  0.199977E-13  0.247219E-16   44.1035       5.00000       1.00000       0.00000    
         139   144.812       4.05721      0.108129E+25  0.331046E+25  0.162301E+25  0.476100E+25  0.131117E-12  0.162660E-12  0.185821E-16  0.653107E-17  0.118673E-21  0.417100E-22  0.226751E-13  0.248081E-16  0.226039E-13  0.489142E-16   51.3500       10.0000       2.00000       0.00000    
         140   155.223       4.33269      0.106466E+25  0.344971E+25  0.159736E+25  0.489669E+25  0.134638E-12  0.165200E-12  0.269826E-16  0.698474E-17  0.163274E-21  0.422654E-22  0.256519E-13  0.269512E-16  0.255403E-13  0.866785E-16   51.3500       5.00000       1.00000       0.00000    
         141   166.382       4.60899      0.104813E+25  0.358686E+25  0.157167E+25  0.502752E+25  0.137995E-12  0.167805E-12  0.385298E-16  0.739438E-17  0.220940E-21  0.424015E-22  0.290153E-13  0.291550E-16  0.288441E-13  0.143556E-15   51.3500       5.00000       1.00000       0.00000    
         142   178.343       4.88801      0.103209E+25  0.372220E+25  0.154608E+25  0.515515E+25  0.141214E-12  0.170414E-12  0.542002E-16  0.776233E-17  0.294461E-21  0.421715E-22  0.328268E-13  0.314391E-16  0.325630E-13  0.227081E-15   59.7872       10.0000       2.00000       0.00000    
         143   191.164       5.16667      0.101560E+25  0.385428E+25  0.152032E+25  0.528072E+25  0.144295E-12  0.173180E-12  0.750857E-16  0.807875E-17  0.386747E-21  0.416115E-22  0.371140E-13  0.337859E-16  0.367289E-13  0.346336E-15   59.7872       5.00000       1.00000       0.00000    
         144   204.907       5.44798      0.999166E+24  0.398411E+25  0.149462E+25  0.540583E+25  0.147273E-12  0.176029E-12  0.102616E-15  0.834949E-17  0.501211E-21  0.407816E-22  0.419520E-13  0.362225E-16  0.413974E-13  0.513751E-15   59.7872       5.00000       1.00000       0.00000    
         145   219.639       5.73044      0.982239E+24  0.410968E+25  0.146890E+25  0.553130E+25  0.150133E-12  0.179062E-12  0.138417E-15  0.857074E-17  0.641598E-21  0.397277E-22  0.473843E-13  0.387454E-16  0.466002E-13  0.744375E-15   69.6106       10.0000       2.00000       0.00000    
         146   235.429       6.02134      0.965965E+24  0.423640E+25  0.144346E+25  0.565936E+25  0.152980E-12  0.182079E-12  0.184567E-15  0.875608E-17  0.811583E-21  0.385025E-22  0.535402E-13  0.414092E-16  0.524392E-13  0.105903E-14   69.6106       5.00000       1.00000       0.00000    
         147   252.354       6.32149      0.949869E+24  0.436345E+25  0.141821E+25  0.579050E+25  0.155800E-12  0.185164E-12  0.243435E-15  0.890701E-17  0.101557E-20  0.371585E-22  0.604900E-13  0.442286E-16  0.589673E-13  0.148320E-14   81.0479       10.0000       2.00000       0.00000    
         148   270.496       6.62778      0.933644E+24  0.448870E+25  0.139316E+25  0.592558E+25  0.158595E-12  0.188382E-12  0.317525E-15  0.901553E-17  0.125729E-20  0.356984E-22  0.683130E-13  0.471857E-16  0.662248E-13  0.204557E-14   81.0479       5.00000       1.00000       0.00000    
         149   289.942       6.94448      0.917462E+24  0.461417E+25  0.136836E+25  0.606566E+25  0.161391E-12  0.191705E-12  0.409999E-15  0.909033E-17  0.154129E-20  0.341728E-22  0.771278E-13  0.503190E-16  0.742968E-13  0.278519E-14   81.0479       5.00000       1.00000       0.00000    
         150   310.787       7.27167      0.901159E+24  0.473952E+25  0.134385E+25  0.621161E+25  0.164188E-12  0.195173E-12  0.524237E-15  0.913163E-17  0.187182E-20  0.326050E-22  0.870414E-13  0.536388E-16  0.832398E-13  0.374730E-14   94.3645       11.0000       2.00000       0.00000    
         151   333.130       7.61473      0.885111E+24  0.486732E+25  0.131963E+25  0.636427E+25  0.167034E-12  0.198712E-12  0.664358E-15  0.914806E-17  0.225316E-20  0.310255E-22  0.982255E-13  0.571879E-16  0.931767E-13  0.499131E-14   94.3645       6.00000       1.00000       0.00000    
         152   357.078       7.97179      0.868776E+24  0.499459E+25  0.129553E+25  0.652300E+25  0.169908E-12  0.202448E-12  0.834308E-15  0.913734E-17  0.268940E-20  0.294543E-22  0.110773E-12  0.609645E-16  0.104142E-12  0.658111E-14   109.869       12.0000       2.00000       0.00000    
         153   382.749       8.34831      0.852889E+24  0.512685E+25  0.127192E+25  0.669111E+25  0.172846E-12  0.206219E-12  0.103942E-14  0.910628E-17  0.318409E-20  0.278955E-22  0.124946E-12  0.650183E-16  0.116286E-12  0.860517E-14   109.869       6.00000       1.00000       0.00000    
         154   410.266       8.74543      0.837219E+24  0.526342E+25  0.124872E+25  0.686880E+25  0.175849E-12  0.210079E-12  0.128501E-14  0.905644E-17  0.374113E-20  0.263665E-22  0.140919E-12  0.693754E-16  0.129699E-12  0.111642E-13   127.921       12.0000       2.00000       0.00000    
         155   439.760       9.16282      0.821456E+24  0.540197E+25  0.122564E+25  0.705465E+25  0.178909E-12  0.214110E-12  0.157605E-14  0.898775E-17  0.436285E-20  0.248800E-22  0.158861E-12  0.740356E-16  0.144436E-12  0.143654E-13   127.921       6.00000       1.00000       0.00000    
         156   471.375       9.60338      0.805746E+24  0.554404E+25  0.120281E+25  0.724995E+25  0.182036E-12  0.218285E-12  0.191887E-14  0.890431E-17  0.505220E-20  0.234442E-22  0.179033E-12  0.790439E-16  0.160612E-12  0.183516E-13   148.938       12.0000       2.00000       0.00000    
         157   505.263       10.0698      0.790140E+24  0.569070E+25  0.118020E+25  0.745576E+25  0.185241E-12  0.222596E-12  0.232006E-14  0.880759E-17  0.581137E-20  0.220615E-22  0.201715E-12  0.844300E-16  0.178357E-12  0.232853E-13   148.938       6.00000       1.00000       0.00000    
         158   541.587       10.5635      0.774569E+24  0.584256E+25  0.115779E+25  0.767259E+25  0.188516E-12  0.227071E-12  0.278628E-14  0.870038E-17  0.664196E-20  0.207401E-22  0.227194E-12  0.902313E-16  0.197759E-12  0.293570E-13   173.409       12.0000       2.00000       0.00000    
         159   580.523       11.0879      0.759135E+24  0.599896E+25  0.113558E+25  0.790048E+25  0.191882E-12  0.231687E-12  0.332504E-14  0.858423E-17  0.754498E-20  0.194788E-22  0.255834E-12  0.964844E-16  0.218961E-12  0.367916E-13   173.409       6.00000       1.00000       0.00000    
         160   622.257       11.6454      0.743821E+24  0.616191E+25  0.111355E+25  0.814057E+25  0.195337E-12  0.236457E-12  0.394374E-14  0.846194E-17  0.852060E-20  0.182823E-22  0.288010E-12  0.103243E-15  0.242071E-12  0.458546E-13   201.901       13.0000       2.00000       0.00000    
         161   666.992       12.2378      0.728563E+24  0.632964E+25  0.109175E+25  0.839347E+25  0.198872E-12  0.241410E-12  0.465027E-14  0.833413E-17  0.956953E-20  0.171503E-22  0.324122E-12  0.110528E-15  0.267197E-12  0.568382E-13   201.901       7.00000       1.00000       0.00000    
         162   714.943       12.8682      0.713375E+24  0.650329E+25  0.107016E+25  0.866020E+25  0.202495E-12  0.246549E-12  0.545255E-14  0.820393E-17  0.106908E-19  0.160854E-22  0.364637E-12  0.118405E-15  0.294454E-12  0.701016E-13   235.074       14.0000       2.00000       0.00000    
         163   766.341       13.5405      0.698348E+24  0.668450E+25  0.104886E+25  0.894256E+25  0.206205E-12  0.251855E-12  0.635950E-14  0.807182E-17  0.118831E-19  0.150827E-22  0.410125E-12  0.126919E-15  0.323991E-12  0.860510E-13   235.074       7.00000       1.00000       0.00000    
         164   821.435       14.2576      0.683398E+24  0.687393E+25  0.102790E+25  0.924268E+25  0.210000E-12  0.257364E-12  0.737947E-14  0.794020E-17  0.131455E-19  0.141444E-22  0.461126E-12  0.136138E-15  0.355907E-12  0.105168E-12   273.696       14.0000       2.00000       0.00000    
         165   880.488       15.0242      0.668672E+24  0.707115E+25  0.100723E+25  0.956102E+25  0.213888E-12  0.263032E-12  0.852149E-14  0.781057E-17  0.144737E-19  0.132662E-22  0.518394E-12  0.146110E-15  0.390353E-12  0.127989E-12   273.696       7.00000       1.00000       0.00000    
         166   943.788       15.8444      0.654124E+24  0.727766E+25  0.986980E+24  0.990104E+25  0.217860E-12  0.268882E-12  0.979449E-14  0.768452E-17  0.158653E-19  0.124475E-22  0.582651E-12  0.156926E-15  0.427441E-12  0.155170E-12   318.665       14.0000       2.00000       0.00000    
         167   1011.64       16.7219      0.639693E+24  0.749429E+25  0.967067E+24  0.102635E+26  0.221916E-12  0.274947E-12  0.112056E-13  0.756479E-17  0.173156E-19  0.116896E-22  0.654670E-12  0.168629E-15  0.467224E-12  0.187390E-12   371.022       14.0000       2.00000       0.00000    
         168   1084.37       17.6637      0.625533E+24  0.772220E+25  0.947671E+24  0.106538E+26  0.226052E-12  0.281171E-12  0.127672E-13  0.744968E-17  0.188222E-19  0.109828E-22  0.735533E-12  0.181314E-15  0.509942E-12  0.225543E-12   371.022       7.00000       1.00000       0.00000    
         169   1162.32       18.6733      0.611492E+24  0.795985E+25  0.928726E+24  0.110740E+26  0.230250E-12  0.287628E-12  0.144853E-13  0.734064E-17  0.203803E-19  0.103280E-22  0.826122E-12  0.195070E-15  0.555600E-12  0.270561E-12   431.982       16.0000       2.00000       0.00000    
         170   1245.88       19.7613      0.597835E+24  0.821472E+25  0.910295E+24  0.115276E+26  0.234534E-12  0.294198E-12  0.163715E-13  0.724195E-17  0.219801E-19  0.972293E-23  0.927973E-12  0.209997E-15  0.604408E-12  0.323615E-12   431.982       8.00000       1.00000       0.00000    
         171   1335.45       20.9344      0.584501E+24  0.848901E+25  0.892433E+24  0.120204E+26  0.238890E-12  0.300910E-12  0.184336E-13  0.715393E-17  0.236154E-19  0.916497E-23  0.104242E-11  0.226240E-15  0.656441E-12  0.386055E-12   502.956       16.0000       2.00000       0.00000    
         172   1431.46       22.1943      0.571215E+24  0.877166E+25  0.874961E+24  0.125524E+26  0.243268E-12  0.307909E-12  0.206728E-13  0.707507E-17  0.252825E-19  0.865271E-23  0.117046E-11  0.243821E-15  0.711561E-12  0.459063E-12   585.593       16.0000       2.00000       0.00000    
         173   1534.37       23.5594      0.558427E+24  0.907928E+25  0.858022E+24  0.131310E+26  0.247719E-12  0.314959E-12  0.231075E-13  0.700822E-17  0.269685E-19  0.817921E-23  0.131470E-11  0.262961E-15  0.770203E-12  0.544685E-12   585.593       8.00000       1.00000       0.00000    
         174   1644.68       25.0385      0.546033E+24  0.941500E+25  0.841632E+24  0.137632E+26  0.252223E-12  0.322109E-12  0.257425E-13  0.695418E-17  0.286649E-19  0.774367E-23  0.147700E-11  0.283845E-15  0.832345E-12  0.644964E-12   681.806       17.0000       2.00000       0.00000    
         175   1762.91       26.6350      0.533747E+24  0.976335E+25  0.825522E+24  0.144466E+26  0.256729E-12  0.329523E-12  0.285710E-13  0.691245E-17  0.303640E-19  0.734624E-23  0.165882E-11  0.306512E-15  0.897697E-12  0.761560E-12   793.827       18.0000       2.00000       0.00000    
         176   1889.65       28.3721      0.521978E+24  0.101491E+26  0.810036E+24  0.151972E+26  0.261274E-12  0.336953E-12  0.316151E-13  0.688552E-17  0.320524E-19  0.698076E-23  0.186387E-11  0.331293E-15  0.966709E-12  0.897764E-12   924.253       18.0000       2.00000       0.00000    
         177   2025.50       30.2574      0.510473E+24  0.105581E+26  0.794795E+24  0.160100E+26  0.265829E-12  0.344547E-12  0.348669E-13  0.687243E-17  0.337216E-19  0.664668E-23  0.209430E-11  0.358258E-15  0.103912E-11  0.105585E-11   924.253       9.00000       1.00000       0.00000    
         178   2171.12       32.3065      0.499211E+24  0.109980E+26  0.779931E+24  0.168980E+26  0.270382E-12  0.352320E-12  0.383262E-13  0.687444E-17  0.353613E-19  0.634264E-23  0.235315E-11  0.387729E-15  0.111484E-11  0.123934E-11   1076.11       18.0000       2.00000       0.00000    
         179   2327.20       34.5367      0.488245E+24  0.114744E+26  0.765353E+24  0.178666E+26  0.274921E-12  0.360233E-12  0.419932E-13  0.689206E-17  0.369579E-19  0.606565E-23  0.264427E-11  0.419923E-15  0.119382E-11  0.145182E-11   1252.91       19.0000       2.00000      -1.00000    
         180   2494.51       36.9749      0.477754E+24  0.119925E+26  0.751242E+24  0.189285E+26  0.279461E-12  0.368143E-12  0.458805E-13  0.692584E-17  0.384980E-19  0.581142E-23  0.297286E-11  0.455169E-15  0.127627E-11  0.169808E-11   1252.91       10.0000       1.00000      -1.00000    
         181   2673.84       39.6422      0.467647E+24  0.125586E+26  0.737677E+24  0.201021E+26  0.283979E-12  0.376100E-12  0.499792E-13  0.697658E-17  0.399702E-19  0.557942E-23  0.334340E-11  0.493917E-15  0.136192E-11  0.198344E-11   1458.77       20.0000       2.00000      -1.00000    
         182   2866.07       42.5608      0.457837E+24  0.131763E+26  0.724447E+24  0.213927E+26  0.288472E-12  0.384159E-12  0.542776E-13  0.704401E-17  0.413641E-19  0.536813E-23  0.376083E-11  0.536417E-15  0.145051E-11  0.231287E-11   1698.44       20.0000       2.00000      -1.00000    
         183   3072.11       45.7459      0.448136E+24  0.138393E+26  0.711314E+24  0.228015E+26  0.292904E-12  0.392474E-12  0.587519E-13  0.712931E-17  0.426751E-19  0.517846E-23  0.422945E-11  0.582904E-15  0.154150E-11  0.269120E-11   1977.50       20.0000       2.00000      -1.00000    
         184   3292.97       49.2543      0.438963E+24  0.145681E+26  0.698809E+24  0.243684E+26  0.297309E-12  0.400676E-12  0.634301E-13  0.723273E-17  0.438813E-19  0.500365E-23  0.475996E-11  0.634077E-15  0.163544E-11  0.312803E-11   1977.50       10.0000       1.00000      -1.00000    
         185   3529.71       53.1230      0.430220E+24  0.153753E+26  0.687047E+24  0.261288E+26  0.301660E-12  0.408818E-12  0.682918E-13  0.735514E-17  0.449717E-19  0.484352E-23  0.536005E-11  0.690681E-15  0.173185E-11  0.363271E-11   2302.40       21.0000       2.00000      -1.00000    
         186   3783.46       57.3690      0.421606E+24  0.162519E+26  0.675472E+24  0.280746E+26  0.305941E-12  0.417171E-12  0.732943E-13  0.749661E-17  0.459487E-19  0.469968E-23  0.603512E-11  0.752810E-15  0.182994E-11  0.421093E-11   2680.69       22.0000       2.00000      -1.00000    
         187   4055.46       62.0676      0.413421E+24  0.172233E+26  0.664644E+24  0.302711E+26  0.310158E-12  0.425430E-12  0.784524E-13  0.765814E-17  0.467922E-19  0.456762E-23  0.679944E-11  0.821504E-15  0.192996E-11  0.487702E-11   3121.12       22.0000       2.00000      -1.00000    
         188   4347.01       67.2587      0.405527E+24  0.182956E+26  0.654312E+24  0.327369E+26  0.314282E-12  0.433713E-12  0.837283E-13  0.784032E-17  0.474965E-19  0.444757E-23  0.766305E-11  0.897253E-15  0.203118E-11  0.564105E-11   3633.92       22.0000       2.00000      -1.00000    
         189   4659.52       73.0259      0.398075E+24  0.194813E+26  0.644660E+24  0.355249E+26  0.318322E-12  0.441831E-12  0.891265E-13  0.804446E-17  0.480507E-19  0.433700E-23  0.864268E-11  0.980934E-15  0.213371E-11  0.651873E-11   3633.92       11.0000       1.00000      -1.00000    
         190   4994.51       79.4338      0.390890E+24  0.208035E+26  0.635792E+24  0.387129E+26  0.322237E-12  0.449953E-12  0.945948E-13  0.827120E-17  0.484529E-19  0.423664E-23  0.975079E-11  0.107373E-14  0.223655E-11  0.752668E-11   4230.98       22.0000       2.00000      -1.00000    
         191   5353.56       86.5919      0.384209E+24  0.222915E+26  0.627777E+24  0.423699E+26  0.326043E-12  0.457777E-12  0.100139E-12  0.852133E-17  0.486848E-19  0.414283E-23  0.110117E-10  0.117678E-14  0.233989E-11  0.868690E-11   4926.13       22.0000       2.00000      -1.00000    
         192   5738.44       94.6015      0.377942E+24  0.239624E+26  0.620576E+24  0.465738E+26  0.329711E-12  0.465367E-12  0.105726E-12  0.879699E-17  0.487487E-19  0.405616E-23  0.124455E-10  0.129122E-14  0.244313E-11  0.100212E-10   5735.49       23.0000       2.00000      -1.00000    
         193   6150.99       103.584      0.372054E+24  0.258468E+26  0.614218E+24  0.514316E+26  0.333216E-12  0.472732E-12  0.111318E-12  0.909944E-17  0.486422E-19  0.397615E-23  0.140765E-10  0.141834E-14  0.254561E-11  0.115545E-10   6677.83       24.0000       2.00000      -1.00000    
         194   6593.19       113.702      0.366620E+24  0.279901E+26  0.608892E+24  0.570994E+26  0.336528E-12  0.479739E-12  0.116887E-12  0.942983E-17  0.483565E-19  0.390114E-23  0.159370E-10  0.155994E-14  0.264688E-11  0.133194E-10   7775.00       23.0000       2.00000      -1.00000    
         195   7067.18       125.144      0.361790E+24  0.304454E+26  0.604534E+24  0.637083E+26  0.339651E-12  0.486144E-12  0.122434E-12  0.979020E-17  0.478851E-19  0.382903E-23  0.180696E-10  0.171794E-14  0.274707E-11  0.153575E-10   9052.43       22.0000       2.00000      -1.00000    
         196   7575.25       138.097      0.357358E+24  0.332306E+26  0.601072E+24  0.714375E+26  0.342531E-12  0.492173E-12  0.127890E-12  0.101827E-16  0.472429E-19  0.376151E-23  0.205068E-10  0.189341E-14  0.284494E-11  0.176983E-10   9052.43       11.0000       1.00000      -1.00000    
 
 
Rate coefficients (m3/s)
 C1    N2    Effective (momentum)                                
 C2    N2    Excitation    0.020 eV                              
 C3    N2    Excitation    0.29 eV                               
 C4    N2    Excitation    0.29 eV                               
 C5    N2    Excitation    0.59 eV                               
 C6    N2    Excitation    0.88 eV                               
 C7    N2    Excitation    1.17 eV                               
 C8    N2    Excitation    1.47 eV                               
 C9    N2    Excitation    1.76 eV                               
 C10   N2    Excitation    2.06 eV                               
 C11   N2    Excitation    2.35 eV                               
 C12   N2    Excitation    6.17 eV                               
 C13   N2    Excitation    7.00 eV                               
 C14   N2    Excitation    7.35 eV                               
 C15   N2    Excitation    7.36 eV                               
 C16   N2    Excitation    7.80 eV                               
 C17   N2    Excitation    8.16 eV                               
 C18   N2    Excitation    8.40 eV                               
 C19   N2    Excitation    8.55 eV                               
 C20   N2    Excitation    8.89 eV                               
 C21   N2    Excitation    11.03 eV                              
 C22   N2    Excitation    11.87 eV                              
 C23   N2    Excitation    12.25 eV                              
 C24   N2    Excitation    13.00 eV                              
 C25   N2    Ionization    15.60 eV                              
 C26   N2    Ionization    18.80 eV                              
 C27   O2    Attachment                                          
 C28   O2    Attachment                                          
 C29   O2    Effective (momentum)                                
 C30   O2    Excitation    0.020 eV                              
 C31   O2    Excitation    0.19 eV                               
 C32   O2    Excitation    0.19 eV                               
 C33   O2    Excitation    0.38 eV                               
 C34   O2    Excitation    0.38 eV                               
 C35   O2    Excitation    0.57 eV                               
 C36   O2    Excitation    0.75 eV                               
 C37   O2    Excitation    0.98 eV                               
 C38   O2    Excitation    1.63 eV                               
 C39   O2    Excitation    4.50 eV                               
 C40   O2    Excitation    6.00 eV                               
 C41   O2    Excitation    8.40 eV                               
 C42   O2    Excitation    9.97 eV                               
 C43   O2    Ionization    12.06 eV                              
            R#      E/N (Td)   Energy (eV)      C1            C2            C3            C4            C5            C6            C7            C8            C9           C10           C11           C12           C13           C14           C15           C16           C17           C18           C19           C20           C21           C22           C23           C24           C25           C26           C27           C28           C29           C30           C31           C32           C33           C34           C35           C36           C37           C38           C39           C40           C41           C42           C43      
           1  0.100000E-01  0.397261E-01  0.455681E-14  0.206241E-16  0.232387E-21   0.00000       0.00000       0.00000       0.00000       0.00000       0.00000       0.00000       0.00000       0.00000       0.00000       0.00000       0.00000       0.00000       0.00000       0.00000       0.00000       0.00000       0.00000       0.00000       0.00000       0.00000       0.00000       0.00000      0.214692E-35   0.00000      0.177098E-14  0.479178E-18  0.127039E-19   0.00000      0.499672E-24   0.00000       0.00000       0.00000       0.00000       0.00000       0.00000       0.00000       0.00000       0.00000       0.00000    
           2  0.107189E-01  0.398500E-01  0.457031E-14  0.206905E-16  0.235050E-21   0.00000       0.00000       0.00000       0.00000       0.00000       0.00000       0.00000       0.00000       0.00000       0.00000       0.00000       0.00000       0.00000       0.00000       0.00000       0.00000       0.00000       0.00000       0.00000       0.00000       0.00000       0.00000       0.00000      0.215830E-35   0.00000      0.177681E-14  0.481800E-18  0.128425E-19   0.00000      0.505159E-24   0.00000       0.00000       0.00000       0.00000       0.00000       0.00000       0.00000       0.00000       0.00000       0.00000    
           3  0.114895E-01  0.399899E-01  0.458555E-14  0.207654E-16  0.238124E-21   0.00000       0.00000       0.00000       0.00000       0.00000       0.00000       0.00000       0.00000       0.00000       0.00000       0.00000       0.00000       0.00000       0.00000       0.00000       0.00000       0.00000       0.00000       0.00000       0.00000       0.00000       0.00000       0.00000      0.217121E-35   0.00000      0.178339E-14  0.484780E-18  0.130021E-19   0.00000      0.511484E-24   0.00000       0.00000       0.00000       0.00000       0.00000       0.00000       0.00000       0.00000       0.00000       0.00000    
           4  0.123155E-01  0.401478E-01  0.460275E-14  0.208498E-16  0.241677E-21   0.00000       0.00000       0.00000       0.00000       0.00000       0.00000       0.00000       0.00000       0.00000       0.00000       0.00000       0.00000       0.00000       0.00000       0.00000       0.00000       0.00000       0.00000       0.00000       0.00000       0.00000       0.00000       0.00000      0.218587E-35   0.00000      0.179083E-14  0.488167E-18  0.131862E-19   0.00000      0.518784E-24   0.00000       0.00000       0.00000       0.00000       0.00000       0.00000       0.00000       0.00000       0.00000       0.00000    
           5  0.132009E-01  0.403262E-01  0.462216E-14  0.209451E-16  0.245790E-21   0.00000       0.00000       0.00000       0.00000       0.00000       0.00000       0.00000       0.00000       0.00000       0.00000       0.00000       0.00000       0.00000       0.00000       0.00000       0.00000       0.00000       0.00000       0.00000       0.00000       0.00000       0.00000       0.00000      0.220251E-35   0.00000      0.179923E-14  0.492016E-18  0.133989E-19   0.00000      0.527220E-24   0.00000       0.00000       0.00000       0.00000       0.00000       0.00000       0.00000       0.00000       0.00000       0.00000    
           6  0.141499E-01  0.405276E-01  0.464408E-14  0.210526E-16  0.250560E-21   0.00000       0.00000       0.00000       0.00000       0.00000       0.00000       0.00000       0.00000       0.00000       0.00000       0.00000       0.00000       0.00000       0.00000       0.00000       0.00000       0.00000       0.00000       0.00000       0.00000       0.00000       0.00000       0.00000      0.222138E-35   0.00000      0.180874E-14  0.496391E-18  0.136448E-19   0.00000      0.536986E-24   0.00000       0.00000       0.00000       0.00000       0.00000       0.00000       0.00000       0.00000       0.00000       0.00000    
           7  0.151672E-01  0.407550E-01  0.466883E-14  0.211736E-16  0.256102E-21   0.00000       0.00000       0.00000       0.00000       0.00000       0.00000       0.00000       0.00000       0.00000       0.00000       0.00000       0.00000       0.00000       0.00000       0.00000       0.00000       0.00000       0.00000       0.00000       0.00000       0.00000       0.00000       0.00000      0.224279E-35   0.00000      0.181949E-14  0.501361E-18  0.139298E-19   0.00000      0.548312E-24   0.00000       0.00000       0.00000       0.00000       0.00000       0.00000       0.00000       0.00000       0.00000       0.00000    
           8  0.162576E-01  0.410119E-01  0.469677E-14  0.213100E-16  0.262556E-21   0.00000       0.00000       0.00000       0.00000       0.00000       0.00000       0.00000       0.00000       0.00000       0.00000       0.00000       0.00000       0.00000       0.00000       0.00000       0.00000       0.00000       0.00000       0.00000       0.00000       0.00000       0.00000       0.00000      0.226705E-35   0.00000      0.183164E-14  0.507008E-18  0.142605E-19   0.00000      0.561472E-24   0.00000       0.00000       0.00000       0.00000       0.00000       0.00000       0.00000       0.00000       0.00000       0.00000    
           9  0.174263E-01  0.413020E-01  0.472832E-14  0.214634E-16  0.270091E-21   0.00000       0.00000       0.00000       0.00000       0.00000       0.00000       0.00000       0.00000       0.00000       0.00000       0.00000       0.00000       0.00000       0.00000       0.00000       0.00000       0.00000       0.00000       0.00000       0.00000       0.00000       0.00000       0.00000      0.229453E-35   0.00000      0.184538E-14  0.513421E-18  0.146450E-19   0.00000      0.576796E-24   0.00000       0.00000       0.00000       0.00000       0.00000       0.00000       0.00000       0.00000       0.00000       0.00000    
          10  0.186791E-01  0.416296E-01  0.476392E-14  0.216358E-16  0.278912E-21   0.00000       0.00000       0.00000       0.00000       0.00000       0.00000       0.00000       0.00000       0.00000       0.00000       0.00000       0.00000       0.00000       0.00000       0.00000       0.00000       0.00000       0.00000       0.00000       0.00000       0.00000       0.00000       0.00000      0.232564E-35   0.00000      0.186091E-14  0.520700E-18  0.150933E-19   0.00000      0.594686E-24   0.00000       0.00000       0.00000       0.00000       0.00000       0.00000       0.00000       0.00000       0.00000       0.00000    
          11  0.200220E-01  0.419995E-01  0.480411E-14  0.218294E-16  0.289270E-21   0.00000       0.00000       0.00000       0.00000       0.00000       0.00000       0.00000       0.00000       0.00000       0.00000       0.00000       0.00000       0.00000       0.00000       0.00000       0.00000       0.00000       0.00000       0.00000       0.00000       0.00000       0.00000       0.00000      0.236081E-35   0.00000      0.187847E-14  0.528957E-18  0.156170E-19   0.00000      0.615629E-24   0.00000       0.00000       0.00000       0.00000       0.00000       0.00000       0.00000       0.00000       0.00000       0.00000    
          12  0.214614E-01  0.424170E-01  0.484945E-14  0.220465E-16  0.301475E-21   0.00000       0.00000       0.00000       0.00000       0.00000       0.00000       0.00000       0.00000       0.00000       0.00000       0.00000       0.00000       0.00000       0.00000       0.00000       0.00000       0.00000       0.00000       0.00000       0.00000       0.00000       0.00000       0.00000      0.240051E-35   0.00000      0.189832E-14  0.538317E-18  0.162305E-19   0.00000      0.640222E-24   0.00000       0.00000       0.00000       0.00000       0.00000       0.00000       0.00000       0.00000       0.00000       0.00000    
          13  0.230043E-01  0.428880E-01  0.490058E-14  0.222895E-16  0.315912E-21   0.00000       0.00000       0.00000       0.00000       0.00000       0.00000       0.00000       0.00000       0.00000       0.00000       0.00000       0.00000       0.00000       0.00000       0.00000       0.00000       0.00000       0.00000       0.00000       0.00000       0.00000       0.00000       0.00000      0.244526E-35   0.00000      0.192074E-14  0.548914E-18  0.169515E-19   0.00000      0.669199E-24   0.00000       0.00000       0.00000       0.00000       0.00000       0.00000       0.00000       0.00000       0.00000       0.00000    
          14  0.246581E-01  0.434193E-01  0.495820E-14  0.225609E-16  0.333062E-21   0.00000       0.00000       0.00000       0.00000       0.00000       0.00000       0.00000       0.00000       0.00000       0.00000       0.00000       0.00000       0.00000       0.00000       0.00000       0.00000       0.00000       0.00000       0.00000       0.00000       0.00000       0.00000       0.00000      0.249560E-35   0.00000      0.194606E-14  0.560898E-18  0.178015E-19   0.00000      0.703475E-24   0.00000       0.00000       0.00000       0.00000       0.00000       0.00000       0.00000       0.00000       0.00000       0.00000    
          15  0.264308E-01  0.440171E-01  0.502300E-14  0.228632E-16  0.353452E-21   0.00000       0.00000       0.00000       0.00000       0.00000       0.00000       0.00000       0.00000       0.00000       0.00000       0.00000       0.00000       0.00000       0.00000       0.00000       0.00000       0.00000       0.00000       0.00000       0.00000       0.00000       0.00000       0.00000      0.255200E-35   0.00000      0.197459E-14  0.574408E-18  0.188039E-19   0.00000      0.775999E-24   0.00000      0.256623E-27   0.00000       0.00000       0.00000       0.00000       0.00000       0.00000       0.00000       0.00000    
          16  0.283310E-01  0.446915E-01  0.509605E-14  0.232000E-16  0.377986E-21   0.00000       0.00000       0.00000       0.00000       0.00000       0.00000       0.00000       0.00000       0.00000       0.00000       0.00000       0.00000       0.00000       0.00000       0.00000       0.00000       0.00000       0.00000       0.00000       0.00000       0.00000       0.00000       0.00000      0.261518E-35   0.00000      0.200681E-14  0.589661E-18  0.199985E-19   0.00000      0.827154E-24   0.00000      0.277755E-27   0.00000       0.00000       0.00000       0.00000       0.00000       0.00000       0.00000       0.00000    
          17  0.303677E-01  0.454503E-01  0.517816E-14  0.235738E-16  0.407585E-21   0.00000       0.00000       0.00000       0.00000       0.00000       0.00000       0.00000       0.00000       0.00000       0.00000       0.00000       0.00000       0.00000       0.00000       0.00000       0.00000       0.00000       0.00000       0.00000       0.00000       0.00000       0.00000       0.00000      0.268561E-35   0.00000      0.204313E-14  0.606820E-18  0.214237E-19   0.00000      0.888564E-24   0.00000      0.303485E-27   0.00000       0.00000       0.00000       0.00000       0.00000       0.00000       0.00000       0.00000    
          18  0.325509E-01  0.463033E-01  0.527038E-14  0.239875E-16  0.443516E-21   0.00000       0.00000       0.00000       0.00000       0.00000       0.00000       0.00000       0.00000       0.00000       0.00000       0.00000       0.00000       0.00000       0.00000       0.00000       0.00000       0.00000       0.00000       0.00000       0.00000       0.00000       0.00000       0.00000      0.276379E-35   0.00000      0.208402E-14  0.626077E-18  0.231323E-19   0.00000      0.962725E-24   0.00000      0.335052E-27   0.00000       0.00000       0.00000       0.00000       0.00000       0.00000       0.00000       0.00000    
          19  0.348910E-01  0.472609E-01  0.537379E-14  0.244440E-16  0.487424E-21   0.00000       0.00000       0.00000       0.00000       0.00000       0.00000       0.00000       0.00000       0.00000       0.00000       0.00000       0.00000       0.00000       0.00000       0.00000       0.00000       0.00000       0.00000       0.00000       0.00000       0.00000       0.00000       0.00000      0.285011E-35   0.00000      0.212998E-14  0.647630E-18  0.251909E-19   0.00000      0.105286E-23   0.00000      0.374063E-27   0.00000       0.00000       0.00000       0.00000       0.00000       0.00000       0.00000       0.00000    
          20  0.373994E-01  0.483346E-01  0.548958E-14  0.249462E-16  0.541471E-21   0.00000       0.00000       0.00000       0.00000       0.00000       0.00000       0.00000       0.00000       0.00000       0.00000       0.00000       0.00000       0.00000       0.00000       0.00000       0.00000       0.00000       0.00000       0.00000       0.00000       0.00000       0.00000       0.00000      0.294485E-35   0.00000      0.218160E-14  0.671680E-18  0.276851E-19   0.00000      0.116319E-23   0.00000      0.422651E-27   0.00000       0.00000       0.00000       0.00000       0.00000       0.00000       0.00000       0.00000    
          21  0.400881E-01  0.495364E-01  0.561899E-14  0.254967E-16  0.608510E-21   0.00000       0.00000       0.00000       0.00000       0.00000       0.00000       0.00000       0.00000       0.00000       0.00000       0.00000       0.00000       0.00000       0.00000       0.00000       0.00000       0.00000       0.00000       0.00000       0.00000       0.00000       0.00000       0.00000      0.304808E-35   0.00000      0.223946E-14  0.698428E-18  0.307247E-19   0.00000      0.129927E-23   0.00000      0.483658E-27   0.00000       0.00000       0.00000       0.00000       0.00000       0.00000       0.00000       0.00000    
          22  0.429700E-01  0.508789E-01  0.576331E-14  0.260977E-16  0.692338E-21   0.00000       0.00000       0.00000       0.00000       0.00000       0.00000       0.00000       0.00000       0.00000       0.00000       0.00000       0.00000       0.00000       0.00000       0.00000       0.00000       0.00000       0.00000       0.00000       0.00000       0.00000       0.00000       0.00000      0.315959E-35   0.00000      0.230420E-14  0.728063E-18  0.344520E-19   0.00000      0.146851E-23   0.00000      0.560896E-27   0.00000       0.00000       0.00000       0.00000       0.00000       0.00000       0.00000       0.00000    
          23  0.460592E-01  0.523757E-01  0.592390E-14  0.267516E-16  0.798053E-21   0.00000       0.00000       0.00000       0.00000       0.00000       0.00000       0.00000       0.00000       0.00000       0.00000       0.00000       0.00000       0.00000       0.00000       0.00000       0.00000       0.00000       0.00000       0.00000       0.00000       0.00000       0.00000       0.00000      0.327888E-35   0.00000      0.237649E-14  0.760779E-18  0.390531E-19   0.00000      0.168094E-23   0.00000      0.659520E-27   0.00000       0.00000       0.00000       0.00000       0.00000       0.00000       0.00000       0.00000    
          24  0.493705E-01  0.540407E-01  0.610217E-14  0.274599E-16  0.932530E-21   0.00000       0.00000       0.00000       0.00000       0.00000       0.00000       0.00000       0.00000       0.00000       0.00000       0.00000       0.00000       0.00000       0.00000       0.00000       0.00000       0.00000       0.00000       0.00000       0.00000       0.00000       0.00000       0.00000      0.340503E-35   0.00000      0.245702E-14  0.796762E-18  0.447730E-19   0.00000      0.195019E-23   0.00000      0.786520E-27   0.00000       0.00000       0.00000       0.00000       0.00000       0.00000       0.00000       0.00000    
          25  0.529198E-01  0.558877E-01  0.629945E-14  0.282238E-16  0.110506E-20   0.00000       0.00000       0.00000       0.00000       0.00000       0.00000       0.00000       0.00000       0.00000       0.00000       0.00000       0.00000       0.00000       0.00000       0.00000       0.00000       0.00000       0.00000       0.00000       0.00000       0.00000       0.00000       0.00000      0.353661E-35   0.00000      0.254648E-14  0.836183E-18  0.519345E-19   0.00000      0.229502E-23   0.00000      0.951396E-27   0.00000       0.00000       0.00000       0.00000       0.00000       0.00000       0.00000       0.00000    
          26  0.567243E-01  0.579305E-01  0.651704E-14  0.290439E-16  0.132828E-20   0.00000       0.00000       0.00000       0.00000       0.00000       0.00000       0.00000       0.00000       0.00000       0.00000       0.00000       0.00000       0.00000       0.00000       0.00000       0.00000       0.00000       0.00000       0.00000       0.00000       0.00000       0.00000       0.00000      0.367168E-35   0.00000      0.264555E-14  0.879216E-18  0.609678E-19   0.00000      0.274154E-23   0.00000      0.116711E-26   0.00000       0.00000       0.00000       0.00000       0.00000       0.00000       0.00000       0.00000    
          27  0.608022E-01  0.601819E-01  0.675615E-14  0.299200E-16  0.161933E-20   0.00000       0.00000       0.00000       0.00000       0.00000       0.00000       0.00000       0.00000       0.00000       0.00000       0.00000       0.00000       0.00000       0.00000       0.00000       0.00000       0.00000       0.00000       0.00000       0.00000       0.00000       0.00000       0.00000      0.380780E-35   0.00000      0.275488E-14  0.926047E-18  0.724473E-19   0.00000      0.332643E-23   0.00000      0.145134E-26   0.00000       0.00000       0.00000       0.00000       0.00000       0.00000       0.00000       0.00000    
          28  0.651734E-01  0.626536E-01  0.701779E-14  0.308512E-16  0.200144E-20   0.00000       0.00000       0.00000       0.00000       0.00000       0.00000       0.00000       0.00000       0.00000       0.00000       0.00000       0.00000       0.00000       0.00000       0.00000       0.00000       0.00000       0.00000       0.00000       0.00000       0.00000       0.00000       0.00000      0.394202E-35   0.00000      0.287505E-14  0.976881E-18  0.871425E-19   0.00000      0.410167E-23   0.00000      0.182818E-26   0.00000       0.00000       0.00000       0.00000       0.00000       0.00000       0.00000       0.00000    
          29  0.698588E-01  0.653551E-01  0.730272E-14  0.318355E-16  0.250593E-20   0.00000       0.00000       0.00000       0.00000       0.00000       0.00000       0.00000       0.00000       0.00000       0.00000       0.00000       0.00000       0.00000       0.00000       0.00000       0.00000       0.00000       0.00000       0.00000       0.00000       0.00000       0.00000       0.00000      0.407103E-35   0.00000      0.300653E-14  0.103196E-17  0.106085E-18   0.00000      0.514140E-23   0.00000      0.233042E-26   0.00000       0.00000       0.00000       0.00000       0.00000       0.00000       0.00000       0.00000    
          30  0.748810E-01  0.682927E-01  0.761134E-14  0.328701E-16  0.317466E-20   0.00000       0.00000       0.00000       0.00000       0.00000       0.00000       0.00000       0.00000       0.00000       0.00000       0.00000       0.00000       0.00000       0.00000       0.00000       0.00000       0.00000       0.00000       0.00000       0.00000       0.00000       0.00000       0.00000      0.419130E-35   0.00000      0.314964E-14  0.109154E-17  0.130653E-18   0.00000      0.655192E-23   0.00000      0.300253E-26   0.00000       0.00000       0.00000       0.00000       0.00000       0.00000       0.00000       0.00000    
          31  0.802643E-01  0.714683E-01  0.794355E-14  0.339507E-16  0.406285E-20   0.00000       0.00000       0.00000       0.00000       0.00000       0.00000       0.00000       0.00000       0.00000       0.00000       0.00000       0.00000       0.00000       0.00000       0.00000       0.00000       0.00000       0.00000       0.00000       0.00000       0.00000       0.00000       0.00000      0.429929E-35   0.00000      0.330447E-14  0.115593E-17  0.162681E-18   0.00000      0.848590E-23   0.00000      0.390466E-26   0.00000       0.00000       0.00000       0.00000       0.00000       0.00000       0.00000       0.00000    
          32  0.860347E-01  0.748745E-01  0.829832E-14  0.350709E-16  0.523521E-20   0.00000       0.00000       0.00000       0.00000       0.00000       0.00000       0.00000       0.00000       0.00000       0.00000       0.00000       0.00000       0.00000       0.00000       0.00000       0.00000       0.00000       0.00000       0.00000       0.00000       0.00000       0.00000       0.00000      0.439169E-35   0.00000      0.347067E-14  0.122535E-17  0.204712E-18   0.00000      0.112386E-22   0.00000      0.555220E-26  0.291273E-28   0.00000       0.00000       0.00000       0.00000       0.00000       0.00000       0.00000    
          33  0.922198E-01  0.785093E-01  0.867509E-14  0.362263E-16  0.679627E-20   0.00000       0.00000       0.00000       0.00000       0.00000       0.00000       0.00000       0.00000       0.00000       0.00000       0.00000       0.00000       0.00000       0.00000       0.00000       0.00000       0.00000       0.00000       0.00000       0.00000       0.00000       0.00000       0.00000      0.446589E-35   0.00000      0.364813E-14  0.130022E-17  0.259660E-18   0.00000      0.150027E-22   0.00000      0.734412E-26  0.397003E-28   0.00000       0.00000       0.00000       0.00000       0.00000       0.00000       0.00000    
          34  0.988496E-01  0.823513E-01  0.907138E-14  0.374074E-16  0.885444E-20   0.00000       0.00000       0.00000       0.00000       0.00000       0.00000       0.00000       0.00000       0.00000       0.00000       0.00000       0.00000       0.00000       0.00000       0.00000       0.00000       0.00000       0.00000       0.00000       0.00000       0.00000       0.00000       0.00000      0.451986E-35   0.00000      0.383582E-14  0.138065E-17  0.331632E-18   0.00000      0.202824E-22   0.00000      0.977691E-26  0.548907E-28   0.00000       0.00000       0.00000       0.00000       0.00000       0.00000       0.00000    
          35  0.105956      0.863753E-01  0.948430E-14  0.386051E-16  0.115491E-19   0.00000       0.00000       0.00000       0.00000       0.00000       0.00000       0.00000       0.00000       0.00000       0.00000       0.00000       0.00000       0.00000       0.00000       0.00000       0.00000       0.00000       0.00000       0.00000       0.00000       0.00000       0.00000       0.00000      0.455261E-35   0.00000      0.403249E-14  0.146670E-17  0.425636E-18   0.00000      0.277123E-22   0.00000      0.130926E-25  0.768867E-28   0.00000       0.00000       0.00000       0.00000       0.00000       0.00000       0.00000    
          36  0.113573      0.905484E-01  0.991028E-14  0.398090E-16  0.150459E-19   0.00000       0.00000       0.00000       0.00000       0.00000       0.00000       0.00000       0.00000       0.00000       0.00000       0.00000       0.00000       0.00000       0.00000       0.00000       0.00000       0.00000       0.00000       0.00000       0.00000       0.00000       0.00000       0.00000      0.456418E-35   0.00000      0.423654E-14  0.155823E-17  0.547786E-18   0.00000      0.381803E-22   0.00000      0.176382E-25  0.108951E-27   0.00000       0.00000       0.00000       0.00000       0.00000       0.00000       0.00000    
          37  0.121738      0.948326E-01  0.103452E-13  0.410084E-16  0.195376E-19   0.00000       0.00000       0.00000       0.00000       0.00000       0.00000       0.00000       0.00000       0.00000       0.00000       0.00000       0.00000       0.00000       0.00000       0.00000       0.00000       0.00000       0.00000       0.00000       0.00000       0.00000       0.00000       0.00000      0.455563E-35   0.00000      0.444610E-14  0.165495E-17  0.705369E-18   0.00000      0.529209E-22   0.00000      0.239242E-25  0.155963E-27   0.00000       0.00000       0.00000       0.00000       0.00000       0.00000       0.00000    
          38  0.130490      0.991851E-01  0.107847E-13  0.421926E-16  0.252425E-19   0.00000       0.00000       0.00000       0.00000       0.00000       0.00000       0.00000       0.00000       0.00000       0.00000       0.00000       0.00000       0.00000       0.00000       0.00000       0.00000       0.00000       0.00000       0.00000       0.00000       0.00000       0.00000       0.00000      0.452884E-35   0.00000      0.465908E-14  0.175641E-17  0.906822E-18   0.00000      0.736435E-22   0.00000      0.327217E-25  0.225277E-27   0.00000       0.00000       0.00000       0.00000       0.00000       0.00000       0.00000    
          39  0.139871      0.103563      0.112241E-13  0.433514E-16  0.324039E-19   0.00000       0.00000       0.00000       0.00000       0.00000       0.00000       0.00000       0.00000       0.00000       0.00000       0.00000       0.00000       0.00000       0.00000       0.00000       0.00000       0.00000       0.00000       0.00000       0.00000       0.00000       0.00000       0.00000      0.448637E-35   0.00000      0.487334E-14  0.186207E-17  0.116169E-17   0.00000      0.102726E-21   0.00000      0.452243E-25  0.328115E-27   0.00000       0.00000       0.00000       0.00000       0.00000       0.00000       0.00000    
          40  0.149927      0.107925      0.116595E-13  0.444764E-16  0.412885E-19   0.00000       0.00000       0.00000       0.00000       0.00000       0.00000       0.00000       0.00000       0.00000       0.00000       0.00000       0.00000       0.00000       0.00000       0.00000       0.00000       0.00000       0.00000       0.00000       0.00000       0.00000       0.00000       0.00000      0.443108E-35   0.00000      0.508688E-14  0.197142E-17  0.148055E-17   0.00000      0.143519E-21   0.00000      0.633150E-25  0.481954E-27   0.00000       0.00000       0.00000       0.00000       0.00000       0.00000       0.00000    
          41  0.160705      0.112235      0.120871E-13  0.455606E-16  0.521856E-19   0.00000       0.00000       0.00000       0.00000       0.00000       0.00000       0.00000       0.00000       0.00000       0.00000       0.00000       0.00000       0.00000       0.00000       0.00000       0.00000       0.00000       0.00000       0.00000       0.00000       0.00000       0.00000       0.00000      0.436595E-35   0.00000      0.529796E-14  0.208404E-17  0.187488E-17   0.00000      0.200843E-21   0.00000      0.900078E-25  0.714770E-27   0.00000       0.00000       0.00000       0.00000       0.00000       0.00000       0.00000    
          42  0.172259      0.116509      0.125082E-13  0.466075E-16  0.657804E-19   0.00000       0.00000       0.00000       0.00000       0.00000       0.00000       0.00000       0.00000       0.00000       0.00000       0.00000       0.00000       0.00000       0.00000       0.00000       0.00000       0.00000       0.00000       0.00000       0.00000       0.00000       0.00000       0.00000      0.429258E-35   0.00000      0.550722E-14  0.219943E-17  0.235073E-17   0.00000      0.283701E-21   0.00000      0.132597E-24  0.118028E-26  0.173549E-31   0.00000       0.00000       0.00000       0.00000       0.00000       0.00000    
          43  0.184643      0.120648      0.129136E-13  0.475996E-16  0.817209E-19   0.00000       0.00000       0.00000       0.00000       0.00000       0.00000       0.00000       0.00000       0.00000       0.00000       0.00000       0.00000       0.00000       0.00000       0.00000       0.00000       0.00000       0.00000       0.00000       0.00000       0.00000       0.00000       0.00000      0.421572E-35   0.00000      0.570995E-14  0.231810E-17  0.293299E-17   0.00000      0.399962E-21   0.00000      0.195800E-24  0.180534E-26  0.301666E-31   0.00000       0.00000       0.00000       0.00000       0.00000       0.00000    
          44  0.197917      0.124684      0.133061E-13  0.485442E-16  0.100674E-18   0.00000       0.00000       0.00000       0.00000       0.00000       0.00000       0.00000       0.00000       0.00000       0.00000       0.00000       0.00000       0.00000       0.00000       0.00000       0.00000       0.00000       0.00000       0.00000       0.00000       0.00000       0.00000       0.00000      0.413634E-35   0.00000      0.590756E-14  0.244016E-17  0.363035E-17   0.00000      0.568258E-21   0.00000      0.294980E-24  0.281964E-26  0.542471E-31   0.00000       0.00000       0.00000       0.00000       0.00000       0.00000    
          45  0.212145      0.128617      0.136858E-13  0.494434E-16  0.123011E-18   0.00000       0.00000       0.00000       0.00000       0.00000       0.00000       0.00000       0.00000       0.00000       0.00000       0.00000       0.00000       0.00000       0.00000       0.00000       0.00000       0.00000       0.00000       0.00000       0.00000       0.00000       0.00000       0.00000      0.405600E-35   0.00000      0.610011E-14  0.256617E-17  0.445800E-17   0.00000      0.816110E-21   0.00000      0.453762E-24  0.451780E-26  0.101277E-30   0.00000       0.00000       0.00000       0.00000       0.00000       0.00000    
          46  0.227397      0.132457      0.140537E-13  0.503011E-16  0.149120E-18   0.00000       0.00000       0.00000       0.00000       0.00000       0.00000       0.00000       0.00000       0.00000       0.00000       0.00000       0.00000       0.00000       0.00000       0.00000       0.00000       0.00000       0.00000       0.00000       0.00000       0.00000       0.00000       0.00000      0.397584E-35   0.00000      0.628806E-14  0.269692E-17  0.543238E-17   0.00000      0.118773E-20   0.00000      0.713382E-24  0.745882E-26  0.197043E-30   0.00000       0.00000       0.00000       0.00000       0.00000       0.00000    
          47  0.243744      0.136222      0.144114E-13  0.511223E-16  0.179410E-18   0.00000       0.00000       0.00000       0.00000       0.00000       0.00000       0.00000       0.00000       0.00000       0.00000       0.00000       0.00000       0.00000       0.00000       0.00000       0.00000       0.00000       0.00000       0.00000       0.00000       0.00000       0.00000       0.00000      0.389657E-35   0.00000      0.647225E-14  0.283341E-17  0.657162E-17   0.00000      0.175404E-20   0.00000      0.114752E-23  0.127337E-25  0.400928E-30   0.00000       0.00000       0.00000       0.00000       0.00000       0.00000    
          48  0.261268      0.139933      0.147610E-13  0.519130E-16  0.214299E-18   0.00000       0.00000       0.00000       0.00000       0.00000       0.00000       0.00000       0.00000       0.00000       0.00000       0.00000       0.00000       0.00000       0.00000       0.00000       0.00000       0.00000       0.00000       0.00000       0.00000       0.00000       0.00000       0.00000      0.381859E-35   0.00000      0.665372E-14  0.297673E-17  0.789558E-17   0.00000      0.262777E-20   0.00000      0.189038E-23  0.225272E-25  0.855131E-30   0.00000       0.00000       0.00000       0.00000       0.00000       0.00000    
          49  0.280050      0.143602      0.151035E-13  0.526767E-16  0.254161E-18   0.00000       0.00000       0.00000       0.00000       0.00000       0.00000       0.00000       0.00000       0.00000       0.00000       0.00000       0.00000       0.00000       0.00000       0.00000       0.00000       0.00000       0.00000       0.00000       0.00000       0.00000       0.00000       0.00000      0.374254E-35   0.00000      0.683307E-14  0.312749E-17  0.941956E-17   0.00000      0.393268E-20   0.00000      0.317487E-23  0.413981E-25  0.170626E-27   0.00000       0.00000       0.00000       0.00000       0.00000       0.00000    
          50  0.300184      0.147284      0.154441E-13  0.534256E-16  0.299585E-18   0.00000       0.00000       0.00000       0.00000       0.00000       0.00000       0.00000       0.00000       0.00000       0.00000       0.00000       0.00000       0.00000       0.00000       0.00000       0.00000       0.00000       0.00000       0.00000       0.00000       0.00000       0.00000       0.00000      0.366739E-35   0.00000      0.701290E-14  0.328802E-17  0.111797E-16   0.00000      0.602054E-20   0.00000      0.549211E-23  0.787777E-25  0.422568E-27   0.00000       0.00000       0.00000       0.00000       0.00000       0.00000    
          51  0.321764      0.150992      0.157838E-13  0.541627E-16  0.350941E-18   0.00000       0.00000       0.00000       0.00000       0.00000       0.00000       0.00000       0.00000       0.00000       0.00000       0.00000       0.00000       0.00000       0.00000       0.00000       0.00000       0.00000       0.00000       0.00000       0.00000       0.00000       0.00000       0.00000      0.359352E-35   0.00000      0.719384E-14  0.345905E-17  0.131984E-16   0.00000      0.926851E-20   0.00000      0.969941E-23  0.154431E-24  0.109597E-26   0.00000       0.00000       0.00000       0.00000       0.00000       0.00000    
          52  0.344896      0.154752      0.161250E-13  0.548941E-16  0.408690E-18   0.00000       0.00000       0.00000       0.00000       0.00000       0.00000       0.00000       0.00000       0.00000       0.00000       0.00000       0.00000       0.00000       0.00000       0.00000       0.00000       0.00000       0.00000       0.00000       0.00000       0.00000       0.00000       0.00000      0.352073E-35   0.00000      0.737715E-14  0.364182E-17  0.155065E-16   0.00000      0.142927E-19   0.00000      0.174206E-22  0.309872E-24  0.294320E-26   0.00000       0.00000       0.00000       0.00000       0.00000       0.00000    
          53  0.369691      0.158580      0.164696E-13  0.556253E-16  0.471827E-18   0.00000       0.00000       0.00000       0.00000       0.00000       0.00000       0.00000       0.00000       0.00000       0.00000       0.00000       0.00000       0.00000       0.00000       0.00000       0.00000       0.00000       0.00000       0.00000       0.00000       0.00000       0.00000       0.00000      0.344818E-35   0.00000      0.756368E-14  0.383740E-17  0.181511E-16   0.00000      0.223123E-19   0.00000      0.324065E-22  0.623326E-24  0.889546E-26   0.00000       0.00000       0.00000       0.00000       0.00000       0.00000    
          54  0.396269      0.162509      0.168194E-13  0.563591E-16  0.543513E-18   0.00000       0.00000       0.00000       0.00000       0.00000       0.00000       0.00000       0.00000       0.00000       0.00000       0.00000       0.00000       0.00000       0.00000       0.00000       0.00000       0.00000       0.00000       0.00000       0.00000       0.00000       0.00000       0.00000      0.337703E-35   0.00000      0.775485E-14  0.404749E-17  0.211503E-16   0.00000      0.341520E-19   0.00000      0.591953E-22  0.128141E-23  0.249234E-25   0.00000       0.00000       0.00000       0.00000       0.00000       0.00000    
          55  0.424757      0.166560      0.171764E-13  0.571012E-16  0.623030E-18   0.00000       0.00000       0.00000       0.00000       0.00000       0.00000       0.00000       0.00000       0.00000       0.00000       0.00000       0.00000       0.00000       0.00000       0.00000       0.00000       0.00000       0.00000       0.00000       0.00000       0.00000       0.00000       0.00000      0.330635E-35   0.00000      0.795171E-14  0.427297E-17  0.245544E-16   0.00000      0.519167E-19   0.00000      0.108495E-21  0.263643E-23  0.696884E-25   0.00000       0.00000       0.00000       0.00000       0.00000       0.00000    
          56  0.455294      0.170752      0.175422E-13  0.578553E-16  0.710901E-18   0.00000       0.00000       0.00000       0.00000       0.00000       0.00000       0.00000       0.00000       0.00000       0.00000       0.00000       0.00000       0.00000       0.00000       0.00000       0.00000       0.00000       0.00000       0.00000       0.00000       0.00000       0.00000       0.00000      0.323600E-35   0.00000      0.815519E-14  0.451507E-17  0.284098E-16   0.00000      0.782614E-19   0.00000      0.198865E-21  0.539545E-23  0.192570E-24   0.00000       0.00000       0.00000       0.00000       0.00000       0.00000    
          57  0.488025      0.175166      0.179221E-13  0.586316E-16  0.811366E-18   0.00000       0.00000       0.00000       0.00000       0.00000       0.00000       0.00000       0.00000       0.00000       0.00000       0.00000       0.00000       0.00000       0.00000       0.00000       0.00000       0.00000       0.00000       0.00000       0.00000       0.00000       0.00000       0.00000      0.316611E-35   0.00000      0.836899E-14  0.477717E-17  0.327801E-16   0.00000      0.116148E-18   0.00000      0.371633E-21  0.116136E-22  0.557744E-24   0.00000       0.00000       0.00000       0.00000       0.00000       0.00000    
          58  0.523110      0.179714      0.183105E-13  0.594214E-16  0.918026E-18   0.00000       0.00000       0.00000       0.00000       0.00000       0.00000       0.00000       0.00000       0.00000       0.00000       0.00000       0.00000       0.00000       0.00000       0.00000       0.00000       0.00000       0.00000       0.00000       0.00000       0.00000       0.00000       0.00000      0.309587E-35   0.00000      0.858902E-14  0.505599E-17  0.376890E-16   0.00000      0.171872E-18   0.00000      0.676304E-21  0.230923E-22  0.146765E-23   0.00000       0.00000       0.00000       0.00000       0.00000       0.00000    
          59  0.560717      0.184461      0.187111E-13  0.602317E-16  0.103477E-17   0.00000       0.00000       0.00000       0.00000       0.00000       0.00000       0.00000       0.00000       0.00000       0.00000       0.00000       0.00000       0.00000       0.00000       0.00000       0.00000       0.00000       0.00000       0.00000       0.00000       0.00000       0.00000       0.00000      0.302576E-35   0.00000      0.881812E-14  0.535535E-17  0.432144E-16   0.00000      0.251670E-18   0.00000      0.122203E-20  0.452166E-22  0.375216E-23   0.00000       0.00000       0.00000       0.00000       0.00000       0.00000    
          60  0.601028      0.189424      0.191250E-13  0.610650E-16  0.116229E-17   0.00000       0.00000       0.00000       0.00000       0.00000       0.00000       0.00000       0.00000       0.00000       0.00000       0.00000       0.00000       0.00000       0.00000       0.00000       0.00000       0.00000       0.00000       0.00000       0.00000       0.00000       0.00000       0.00000      0.295578E-35   0.00000      0.905707E-14  0.567687E-17  0.494206E-16   0.00000      0.364616E-18   0.00000      0.218919E-20  0.871068E-22  0.929725E-23   0.00000       0.00000       0.00000       0.00000       0.00000       0.00000    
          61  0.644236      0.194509      0.195455E-13  0.619096E-16  0.129576E-17  0.507359E-26  0.248728E-29   0.00000       0.00000       0.00000       0.00000       0.00000       0.00000       0.00000       0.00000       0.00000       0.00000       0.00000       0.00000       0.00000       0.00000       0.00000       0.00000       0.00000       0.00000       0.00000       0.00000       0.00000      0.288578E-35   0.00000      0.930144E-14  0.601929E-17  0.563773E-16   0.00000      0.525804E-18   0.00000      0.380828E-20  0.160933E-21  0.216018E-22  0.243460E-29   0.00000       0.00000       0.00000       0.00000       0.00000    
          62  0.690551      0.199952      0.199873E-13  0.627936E-16  0.144671E-17  0.244789E-25  0.125635E-28   0.00000       0.00000       0.00000       0.00000       0.00000       0.00000       0.00000       0.00000       0.00000       0.00000       0.00000       0.00000       0.00000       0.00000       0.00000       0.00000       0.00000       0.00000       0.00000       0.00000       0.00000      0.281639E-35   0.00000      0.956181E-14  0.639203E-17  0.641741E-16   0.00000      0.745104E-18   0.00000      0.670266E-20  0.301378E-21  0.503111E-22  0.122048E-28   0.00000       0.00000       0.00000       0.00000       0.00000    
          63  0.740196      0.205687      0.204457E-13  0.637096E-16  0.161121E-17  0.111035E-24  0.630780E-28   0.00000       0.00000       0.00000       0.00000       0.00000       0.00000       0.00000       0.00000       0.00000       0.00000       0.00000       0.00000       0.00000       0.00000       0.00000       0.00000       0.00000       0.00000       0.00000       0.00000       0.00000      0.274715E-35   0.00000      0.983502E-14  0.679354E-17  0.728674E-16   0.00000      0.104503E-17   0.00000      0.116458E-19  0.555054E-21  0.113237E-21  0.581232E-28   0.00000       0.00000       0.00000       0.00000       0.00000    
          64  0.793410      0.211750      0.209222E-13  0.646620E-16  0.179062E-17  0.471283E-24  0.308452E-27   0.00000       0.00000       0.00000       0.00000       0.00000       0.00000       0.00000       0.00000       0.00000       0.00000       0.00000       0.00000       0.00000       0.00000       0.00000       0.00000       0.00000       0.00000       0.00000       0.00000       0.00000      0.267805E-35   0.00000      0.101224E-13  0.722670E-17  0.825295E-16   0.00000      0.145074E-17   0.00000      0.199504E-19  0.100582E-20  0.246299E-21  0.260610E-27   0.00000       0.00000       0.00000       0.00000       0.00000    
          65  0.850449      0.218181      0.214187E-13  0.656563E-16  0.198672E-17  0.186814E-23  0.144324E-26   0.00000       0.00000       0.00000       0.00000       0.00000       0.00000       0.00000       0.00000       0.00000       0.00000       0.00000       0.00000       0.00000       0.00000       0.00000       0.00000       0.00000       0.00000       0.00000       0.00000       0.00000      0.260910E-35   0.00000      0.104255E-13  0.769489E-17  0.932301E-16   0.00000      0.199355E-17   0.00000      0.336574E-19  0.179400E-20  0.517864E-21  0.109475E-26   0.00000       0.00000       0.00000       0.00000       0.00000    
          66  0.911589      0.225033      0.219371E-13  0.666999E-16  0.220193E-17  0.691449E-23  0.638186E-26   0.00000       0.00000       0.00000       0.00000       0.00000       0.00000       0.00000       0.00000       0.00000       0.00000       0.00000       0.00000       0.00000       0.00000       0.00000       0.00000       0.00000       0.00000       0.00000       0.00000       0.00000      0.254024E-35   0.00000      0.107464E-13  0.820199E-17  0.105032E-15   0.00000      0.271167E-17   0.00000      0.558576E-19  0.315001E-20  0.105303E-20  0.429920E-26   0.00000       0.00000       0.00000       0.00000       0.00000    
          67  0.977124      0.232220      0.224698E-13  0.677817E-16  0.243464E-17  0.239829E-22  0.403257E-25  0.392131E-27  0.187996E-29  0.556479E-33   0.00000       0.00000       0.00000       0.00000       0.00000       0.00000       0.00000       0.00000       0.00000       0.00000       0.00000       0.00000       0.00000       0.00000       0.00000       0.00000       0.00000       0.00000      0.247250E-35   0.00000      0.110805E-13  0.874754E-17  0.117925E-15   0.00000      0.363250E-17   0.00000      0.902241E-19  0.537571E-20  0.206991E-20  0.158495E-25   0.00000       0.00000       0.00000       0.00000       0.00000    
          68   1.04737      0.240106      0.230402E-13  0.689551E-16  0.269949E-17  0.776723E-22  0.159205E-24  0.133124E-26  0.719646E-29  0.234448E-32   0.00000       0.00000       0.00000       0.00000       0.00000       0.00000       0.00000       0.00000       0.00000       0.00000       0.00000       0.00000       0.00000       0.00000       0.00000       0.00000       0.00000       0.00000      0.240372E-35   0.00000      0.114440E-13  0.934647E-17  0.132070E-15   0.00000      0.484106E-17   0.00000      0.144726E-18  0.916468E-20  0.394685E-20  0.543840E-25   0.00000       0.00000       0.00000       0.00000       0.00000    
          69   1.12267      0.248648      0.236422E-13  0.702181E-16  0.299893E-17  0.235937E-21  0.596698E-24  0.432099E-26  0.257434E-28  0.932704E-32   0.00000       0.00000       0.00000       0.00000       0.00000       0.00000       0.00000       0.00000       0.00000       0.00000       0.00000       0.00000       0.00000       0.00000       0.00000       0.00000       0.00000       0.00000      0.233478E-35   0.00000      0.118341E-13  0.999987E-17  0.147419E-15   0.00000      0.638399E-17   0.00000      0.227709E-18  0.153563E-19  0.729106E-20  0.174789E-24   0.00000       0.00000       0.00000       0.00000       0.00000    
          70   1.20338      0.257959      0.242805E-13  0.715938E-16  0.334348E-17  0.673668E-21  0.211775E-23  0.135635E-25  0.859909E-28  0.347529E-31   0.00000       0.00000       0.00000       0.00000       0.00000       0.00000       0.00000       0.00000       0.00000       0.00000       0.00000       0.00000       0.00000       0.00000       0.00000       0.00000       0.00000       0.00000      0.226555E-35   0.00000      0.122551E-13  0.107143E-16  0.163953E-15   0.00000      0.832799E-17   0.00000      0.351168E-18  0.252673E-19  0.130583E-19  0.527148E-24   0.00000       0.00000       0.00000       0.00000       0.00000    
          71   1.28989      0.268174      0.249604E-13  0.731122E-16  0.374837E-17  0.181222E-20  0.710766E-23  0.417059E-25  0.268378E-27  0.120824E-30   0.00000       0.00000       0.00000       0.00000       0.00000       0.00000       0.00000       0.00000       0.00000       0.00000       0.00000       0.00000       0.00000       0.00000       0.00000       0.00000       0.00000       0.00000      0.219588E-35   0.00000      0.127120E-13  0.114966E-16  0.181613E-15   0.00000      0.107432E-16   0.00000      0.530512E-18  0.407865E-19  0.226906E-19  0.149490E-23   0.00000       0.00000       0.00000       0.00000       0.00000    
          72   1.38262      0.279448      0.256879E-13  0.748115E-16  0.423530E-17  0.460348E-20  0.225462E-22  0.127124E-24  0.783872E-27  0.391505E-30   0.00000       0.00000       0.00000       0.00000       0.00000       0.00000       0.00000       0.00000       0.00000       0.00000       0.00000       0.00000       0.00000       0.00000       0.00000       0.00000       0.00000       0.00000      0.212559E-35   0.00000      0.132107E-13  0.123539E-16  0.200292E-15   0.00000      0.136994E-16   0.00000      0.784709E-18  0.645259E-19  0.382799E-19  0.399451E-23   0.00000       0.00000       0.00000       0.00000       0.00000    
          73   1.48202      0.291957      0.264700E-13  0.767391E-16  0.483442E-17  0.110678E-19  0.675987E-22  0.387094E-24  0.214805E-26  0.118278E-29   0.00000       0.00000       0.00000       0.00000       0.00000       0.00000       0.00000       0.00000       0.00000       0.00000       0.00000       0.00000       0.00000       0.00000       0.00000       0.00000       0.00000       0.00000      0.205450E-35   0.00000      0.137578E-13  0.132930E-16  0.219825E-15   0.00000      0.172603E-16   0.00000      0.113603E-17  0.999582E-19  0.627415E-19  0.100789E-22   0.00000       0.00000       0.00000       0.00000       0.00000    
          74   1.58856      0.305884      0.273136E-13  0.789518E-16  0.558632E-17  0.252403E-19  0.191652E-21  0.117864E-23  0.554287E-26  0.333501E-29   0.00000       0.00000       0.00000       0.00000       0.00000       0.00000       0.00000       0.00000       0.00000       0.00000       0.00000       0.00000       0.00000       0.00000       0.00000       0.00000       0.00000       0.00000      0.198244E-35   0.00000      0.143601E-13  0.143194E-16  0.239984E-15   0.00000      0.214771E-16   0.00000      0.160919E-17  0.151502E-18  0.999717E-19  0.240643E-22   0.00000       0.00000       0.00000       0.00000       0.00000    
          75   1.70277      0.321419      0.282258E-13  0.815150E-16  0.654357E-17  0.547149E-19  0.514184E-21  0.356739E-23  0.135385E-25  0.878684E-29   0.00000       0.00000       0.00000       0.00000       0.00000       0.00000       0.00000       0.00000       0.00000       0.00000       0.00000       0.00000       0.00000       0.00000       0.00000       0.00000       0.00000       0.00000      0.190930E-35   0.00000      0.150243E-13  0.154366E-16  0.260474E-15   0.00000      0.263802E-16   0.00000      0.222987E-17  0.224517E-18  0.154956E-18  0.544790E-22   0.00000       0.00000       0.00000       0.00000       0.00000    
          76   1.82518      0.338733      0.292129E-13  0.845015E-16  0.777130E-17  0.112977E-18  0.130669E-20  0.106216E-22  0.315269E-25  0.216546E-28   0.00000       0.00000       0.00000       0.00000       0.00000       0.00000       0.00000       0.00000       0.00000       0.00000       0.00000       0.00000       0.00000       0.00000       0.00000       0.00000       0.00000       0.00000      0.183500E-35   0.00000      0.157567E-13  0.166451E-16  0.280941E-15   0.00000      0.319716E-16   0.00000      0.302248E-17  0.325153E-18  0.233786E-18  0.117178E-21   0.00000       0.00000       0.00000       0.00000       0.00000    
          77   1.95640      0.357969      0.302798E-13  0.879876E-16  0.934622E-17  0.222640E-18  0.314898E-20  0.307541E-22  0.706892E-25  0.499520E-28   0.00000       0.00000       0.00000       0.00000       0.00000       0.00000       0.00000       0.00000       0.00000       0.00000       0.00000       0.00000       0.00000       0.00000       0.00000       0.00000       0.00000       0.00000      0.175957E-35   0.00000      0.165618E-13  0.179410E-16  0.300977E-15   0.00000      0.382180E-16   0.00000      0.400742E-17  0.460034E-18  0.343534E-18  0.239918E-21   0.00000       0.00000       0.00000       0.00000       0.00000    
          78   2.09705      0.379046      0.314242E-13  0.919980E-16  0.113111E-16  0.414995E-18  0.711371E-20  0.861360E-22  0.205534E-24  0.208098E-25  0.944646E-29  0.156606E-30   0.00000       0.00000       0.00000       0.00000       0.00000       0.00000       0.00000       0.00000       0.00000       0.00000       0.00000       0.00000       0.00000       0.00000       0.00000       0.00000      0.168288E-35   0.00000      0.174363E-13  0.193355E-16  0.320638E-15   0.00000      0.451536E-16   0.00000      0.518522E-17  0.632367E-18  0.488274E-18  0.463437E-21   0.00000       0.00000       0.00000       0.00000       0.00000    
          79   2.24781      0.402307      0.326549E-13  0.966992E-16  0.138298E-16  0.750505E-18  0.155049E-19  0.229329E-21  0.453944E-24  0.474366E-25  0.216789E-28  0.344232E-30   0.00000       0.00000       0.00000       0.00000       0.00000       0.00000       0.00000       0.00000       0.00000       0.00000       0.00000       0.00000       0.00000       0.00000       0.00000       0.00000      0.160588E-35   0.00000      0.183903E-13  0.207752E-16  0.338524E-15   0.00000      0.524644E-16   0.00000      0.658548E-17  0.854346E-18  0.682744E-18  0.866163E-21   0.00000       0.00000       0.00000       0.00000       0.00000    
          80   2.40940      0.427539      0.339644E-13  0.102109E-15  0.169512E-16  0.130263E-17  0.321860E-19  0.581577E-21  0.998426E-24  0.102891E-24  0.495717E-28  0.738482E-30   0.00000       0.00000       0.00000       0.00000       0.00000       0.00000       0.00000       0.00000       0.00000       0.00000       0.00000       0.00000       0.00000       0.00000       0.00000       0.00000      0.152857E-35   0.00000      0.194151E-13  0.222593E-16  0.354686E-15   0.00000      0.600961E-16   0.00000      0.818778E-17  0.112772E-17  0.931632E-18  0.154959E-20   0.00000       0.00000       0.00000       0.00000       0.00000    
          81   2.58262      0.454584      0.353459E-13  0.108276E-15  0.207445E-16  0.217429E-17  0.637522E-19  0.140217E-20  0.221364E-23  0.213694E-24  0.113569E-27  0.156675E-29   0.00000       0.00000       0.00000       0.00000       0.00000       0.00000       0.00000       0.00000       0.00000       0.00000       0.00000       0.00000       0.00000       0.00000       0.00000       0.00000      0.145150E-35   0.00000      0.205029E-13  0.237635E-16  0.368774E-15   0.00000      0.678737E-16   0.00000      0.997169E-17  0.145502E-17  0.124167E-17  0.265899E-20   0.00000       0.00000       0.00000       0.00000       0.00000    
          82   2.76829      0.483202      0.367887E-13  0.115230E-15  0.252553E-16  0.349733E-17  0.120735E-18  0.321296E-20  0.498746E-23  0.429141E-24  0.261175E-27  0.333600E-29   0.00000       0.00000       0.00000       0.00000       0.00000       0.00000       0.00000       0.00000       0.00000       0.00000       0.00000       0.00000       0.00000       0.00000       0.00000       0.00000      0.137528E-35   0.00000      0.216426E-13  0.252605E-16  0.380523E-15   0.00000      0.756092E-16   0.00000      0.119052E-16  0.183626E-17  0.161795E-17  0.438526E-20   0.00000       0.00000       0.00000       0.00000       0.00000    
          83   2.96730      0.513073      0.382798E-13  0.122988E-15  0.304982E-16  0.543242E-17  0.219086E-18  0.700277E-20  0.114283E-22  0.845506E-24  0.601924E-27  0.722059E-29   0.00000       0.00000       0.00000       0.00000       0.00000       0.00000       0.00000       0.00000       0.00000       0.00000       0.00000       0.00000       0.00000       0.00000       0.00000       0.00000      0.130059E-35   0.00000      0.228202E-13  0.267220E-16  0.389779E-15   0.00000      0.831162E-16   0.00000      0.139469E-16  0.226862E-17  0.206346E-17  0.696587E-20   0.00000       0.00000       0.00000       0.00000       0.00000    
          84   3.18063      0.543829      0.398040E-13  0.131550E-15  0.364524E-16  0.816626E-17  0.381801E-18  0.145409E-19  0.264530E-22  0.166740E-23  0.138465E-26  0.159871E-28   0.00000       0.00000       0.00000       0.00000       0.00000       0.00000       0.00000       0.00000       0.00000       0.00000       0.00000       0.00000       0.00000       0.00000       0.00000       0.00000      0.122812E-35   0.00000      0.240201E-13  0.281206E-16  0.396502E-15   0.00000      0.902247E-16   0.00000      0.160494E-16  0.274659E-17  0.257869E-17  0.106807E-19   0.00000       0.00000       0.00000       0.00000       0.00000    
          85   3.40929      0.575073      0.413457E-13  0.140910E-15  0.430603E-16  0.119062E-16  0.640506E-18  0.288258E-19  0.611591E-22  0.337022E-23  0.316463E-26  0.361275E-28   0.00000       0.00000       0.00000       0.00000       0.00000       0.00000       0.00000       0.00000       0.00000       0.00000       0.00000       0.00000       0.00000       0.00000       0.00000       0.00000      0.115848E-35   0.00000      0.252260E-13  0.294320E-16  0.400764E-15   0.00000      0.967928E-16   0.00000      0.181636E-16  0.326230E-17  0.316163E-17  0.158426E-19   0.00000       0.00000       0.00000       0.00000       0.00000    
          86   3.65438      0.606408      0.428890E-13  0.151054E-15  0.502313E-16  0.168730E-16  0.103688E-17  0.546894E-19  0.139610E-21  0.712851E-23  0.716548E-26  0.826940E-28   0.00000       0.00000       0.00000       0.00000       0.00000       0.00000       0.00000       0.00000       0.00000       0.00000       0.00000       0.00000       0.00000       0.00000       0.00000       0.00000      0.109221E-35   0.00000      0.264217E-13  0.306365E-16  0.402729E-15   0.00000      0.102715E-15   0.00000      0.202419E-16  0.380617E-17  0.380793E-17  0.227834E-19   0.00000       0.00000       0.00000       0.00000       0.00000    
          87   3.91710      0.637460      0.444194E-13  0.161970E-15  0.578483E-16  0.232929E-16  0.162371E-17  0.995632E-19  0.311785E-21  0.159058E-22  0.160938E-25  0.190417E-27   0.00000       0.00000       0.00000       0.00000       0.00000       0.00000       0.00000       0.00000       0.00000       0.00000       0.00000       0.00000       0.00000       0.00000       0.00000       0.00000      0.102971E-35   0.00000      0.275926E-13  0.317197E-16  0.402635E-15   0.00000      0.107924E-15   0.00000      0.222424E-16  0.436764E-17  0.451124E-17  0.318367E-19   0.00000       0.00000       0.00000       0.00000       0.00000    
          88   4.19871      0.667897      0.459242E-13  0.173651E-15  0.657762E-16  0.313901E-16  0.246560E-17  0.174401E-18  0.677182E-21  0.370818E-22  0.361367E-25  0.440844E-27   0.00000       0.00000       0.00000       0.00000       0.00000       0.00000       0.00000       0.00000       0.00000       0.00000       0.00000       0.00000       0.00000       0.00000       0.00000       0.00000      0.971286E-36   0.00000      0.287262E-13  0.326733E-16  0.400767E-15   0.00000      0.112393E-15   0.00000      0.241301E-16  0.493595E-17  0.526374E-17  0.433209E-19   0.00000       0.00000       0.00000       0.00000       0.00000    
          89   4.50056      0.697437      0.473925E-13  0.186098E-15  0.738715E-16  0.413800E-16  0.363911E-17  0.294737E-18  0.142600E-20  0.884046E-22  0.823941E-25  0.103551E-26   0.00000       0.00000       0.00000       0.00000       0.00000       0.00000       0.00000       0.00000       0.00000       0.00000       0.00000       0.00000       0.00000       0.00000       0.00000       0.00000      0.917087E-36   0.00000      0.298121E-13  0.334943E-16  0.397432E-15   0.00000      0.116128E-15   0.00000      0.258790E-16  0.550081E-17  0.605666E-17  0.575220E-19   0.00000       0.00000       0.00000       0.00000       0.00000    
          90   4.82411      0.725858      0.488160E-13  0.199325E-15  0.819921E-16  0.534650E-16  0.523273E-17  0.481860E-18  0.290844E-20  0.210659E-21  0.194841E-24  0.251440E-26   0.00000       0.00000       0.00000       0.00000       0.00000       0.00000       0.00000       0.00000       0.00000       0.00000       0.00000       0.00000       0.00000       0.00000       0.00000       0.00000      0.867155E-36   0.00000      0.308429E-13  0.341845E-16  0.392934E-15   0.00000      0.119159E-15   0.00000      0.274717E-16  0.605294E-17  0.688085E-17  0.746813E-19   0.00000       0.00000       0.00000       0.00000       0.00000    
          91   5.17092      0.752995      0.501884E-13  0.213356E-15  0.900045E-16  0.678321E-16  0.734643E-17  0.764070E-18  0.574721E-20  0.493041E-21  0.486538E-24  0.645078E-26   0.00000       0.00000       0.00000       0.00000       0.00000       0.00000       0.00000       0.00000       0.00000       0.00000       0.00000       0.00000       0.00000       0.00000       0.00000       0.00000      0.821433E-36   0.00000      0.318131E-13  0.347497E-16  0.387564E-15   0.00000      0.121541E-15   0.00000      0.288991E-16  0.658441E-17  0.772720E-17  0.949867E-19   0.00000       0.00000       0.00000       0.00000       0.00000    
          92   5.54266      0.778736      0.515056E-13  0.228225E-15  0.977903E-16  0.846530E-16  0.100913E-16  0.117801E-17  0.110149E-19  0.112113E-20  0.128723E-23  0.176899E-25   0.00000       0.00000       0.00000       0.00000       0.00000       0.00000       0.00000       0.00000       0.00000       0.00000       0.00000       0.00000       0.00000       0.00000       0.00000       0.00000      0.779781E-36   0.00000      0.327200E-13  0.351985E-16  0.381582E-15   0.00000      0.123338E-15   0.00000      0.301592E-16  0.708886E-17  0.858710E-17  0.118569E-18   0.00000       0.00000       0.00000       0.00000       0.00000    
          93   5.94113      0.802976      0.527638E-13  0.243979E-15  0.105244E-15  0.104101E-15  0.135966E-16  0.176938E-17  0.208489E-19  0.254079E-20  0.381571E-23  0.679893E-25  0.918162E-28   0.00000       0.00000       0.00000       0.00000       0.00000       0.00000       0.00000       0.00000       0.00000       0.00000       0.00000       0.00000       0.00000       0.00000       0.00000      0.742037E-36   0.00000      0.335607E-13  0.355304E-16  0.375125E-15   0.00000      0.124612E-15   0.00000      0.312460E-16  0.755921E-17  0.945143E-17  0.145554E-18   0.00000       0.00000       0.00000       0.00000       0.00000    
          94   6.36825      0.825777      0.539655E-13  0.260684E-15  0.112299E-15  0.126294E-15  0.179809E-16  0.259677E-17  0.376732E-19  0.535136E-20  0.106916E-22  0.209061E-24  0.373168E-27   0.00000       0.00000       0.00000       0.00000       0.00000       0.00000       0.00000       0.00000       0.00000       0.00000       0.00000       0.00000       0.00000       0.00000       0.00000      0.707896E-36   0.00000      0.343394E-13  0.357799E-16  0.368579E-15   0.00000      0.125454E-15   0.00000      0.321867E-16  0.799706E-17  0.103160E-16  0.175882E-18   0.00000       0.00000       0.00000       0.00000       0.00000    
          95   6.82607      0.847107      0.551096E-13  0.278401E-15  0.118889E-15  0.151381E-15  0.233933E-16  0.372990E-17  0.663452E-19  0.108628E-19  0.297078E-22  0.648014E-24  0.158175E-26   0.00000       0.00000       0.00000       0.00000       0.00000       0.00000       0.00000       0.00000       0.00000       0.00000       0.00000       0.00000       0.00000       0.00000       0.00000      0.677130E-36   0.00000      0.350561E-13  0.359465E-16  0.361992E-15   0.00000      0.125924E-15   0.00000      0.329820E-16  0.839803E-17  0.111734E-16  0.209574E-18   0.00000       0.00000       0.00000       0.00000       0.00000    
          96   7.31681      0.866998      0.561977E-13  0.297208E-15  0.124976E-15  0.179494E-15  0.299879E-16  0.525313E-17  0.114031E-18  0.212653E-19  0.805433E-22  0.198138E-23  0.672277E-26   0.00000       0.00000       0.00000       0.00000       0.00000       0.00000       0.00000       0.00000       0.00000       0.00000       0.00000       0.00000       0.00000       0.00000       0.00000      0.649470E-36   0.00000      0.357132E-13  0.360417E-16  0.355484E-15   0.00000      0.126088E-15   0.00000      0.336442E-16  0.876142E-17  0.120188E-16  0.246586E-18   0.00000       0.00000       0.00000       0.00000       0.00000    
          97   7.84282      0.885504      0.572320E-13  0.317192E-15  0.130538E-15  0.210761E-15  0.379295E-16  0.726658E-17  0.191522E-18  0.401944E-19  0.210982E-21  0.589121E-23  0.278381E-25   0.00000       0.00000       0.00000       0.00000       0.00000       0.00000       0.00000       0.00000       0.00000       0.00000       0.00000       0.00000       0.00000       0.00000       0.00000      0.624644E-36   0.00000      0.363139E-13  0.360764E-16  0.349146E-15   0.00000      0.126003E-15   0.00000      0.341865E-16  0.908748E-17  0.128483E-16  0.286854E-18   0.00000       0.00000       0.00000       0.00000       0.00000    
          98   8.40665      0.902692      0.582155E-13  0.338451E-15  0.135568E-15  0.245309E-15  0.473948E-16  0.988770E-17  0.314676E-18  0.734623E-19  0.531179E-21  0.168906E-22  0.110317E-24   0.00000       0.00000       0.00000       0.00000       0.00000       0.00000       0.00000       0.00000       0.00000       0.00000       0.00000       0.00000       0.00000       0.00000       0.00000      0.602394E-36   0.00000      0.368619E-13  0.360605E-16  0.343045E-15   0.00000      0.125721E-15   0.00000      0.346220E-16  0.937720E-17  0.136594E-16  0.330311E-18   0.00000       0.00000       0.00000       0.00000       0.00000    
          99   9.01102      0.918638      0.591515E-13  0.361095E-15  0.140071E-15  0.283267E-15  0.585722E-16  0.132528E-16  0.506253E-18  0.130040E-18  0.128238E-20  0.464910E-22  0.414261E-24   0.00000       0.00000       0.00000       0.00000       0.00000       0.00000       0.00000       0.00000       0.00000       0.00000       0.00000       0.00000       0.00000       0.00000       0.00000      0.582468E-36   0.00000      0.373607E-13  0.360028E-16  0.337225E-15   0.00000      0.125286E-15   0.00000      0.349634E-16  0.963209E-17  0.144500E-16  0.376898E-18   0.00000       0.00000       0.00000       0.00000       0.00000    
         100   9.65883      0.933268      0.600358E-13  0.385102E-15  0.144053E-15  0.324513E-15  0.715720E-16  0.174948E-16  0.801653E-18  0.225218E-18  0.304145E-20  0.126924E-21  0.156420E-23   0.00000       0.00000       0.00000       0.00000       0.00000       0.00000       0.00000       0.00000       0.00000       0.00000       0.00000       0.00000       0.00000       0.00000       0.00000      0.564915E-36   0.00000      0.378084E-13  0.359009E-16  0.331642E-15   0.00000      0.124666E-15   0.00000      0.352070E-16  0.985297E-17  0.152167E-16  0.426328E-18   0.00000       0.00000       0.00000       0.00000       0.00000    
         101   10.3532      0.947001      0.608898E-13  0.410903E-15  0.147556E-15  0.369669E-15  0.867729E-16  0.228337E-16  0.123850E-17  0.375277E-18  0.671876E-20  0.318742E-21  0.517994E-23   0.00000       0.00000       0.00000       0.00000       0.00000       0.00000       0.00000       0.00000       0.00000       0.00000       0.00000       0.00000       0.00000       0.00000       0.00000      0.548916E-36   0.00000      0.382213E-13  0.357833E-16  0.326466E-15   0.00000      0.124037E-15   0.00000      0.353971E-16  0.100444E-16  0.159648E-16  0.479096E-18   0.00000       0.00000       0.00000       0.00000       0.00000    
         102   11.0975      0.959742      0.617083E-13  0.438510E-15  0.150594E-15  0.418640E-15  0.104316E-15  0.294500E-16  0.187788E-17  0.608882E-18  0.142574E-19  0.767405E-21  0.161768E-22   0.00000       0.00000       0.00000       0.00000       0.00000       0.00000       0.00000       0.00000       0.00000       0.00000       0.00000       0.00000       0.00000       0.00000       0.00000      0.534601E-36   0.00000      0.385963E-13  0.356439E-16  0.321615E-15   0.00000      0.123346E-15   0.00000      0.355254E-16  0.102072E-16  0.166919E-16  0.535000E-18   0.00000       0.00000       0.00000       0.00000       0.00000    
         103   11.8953      0.971422      0.624886E-13  0.468038E-15  0.153138E-15  0.471526E-15  0.124449E-15  0.376044E-16  0.280951E-17  0.970029E-18  0.296402E-19  0.181647E-20  0.495297E-22   0.00000       0.00000       0.00000       0.00000       0.00000       0.00000       0.00000       0.00000       0.00000       0.00000       0.00000       0.00000       0.00000       0.00000       0.00000      0.521992E-36   0.00000      0.389313E-13  0.354854E-16  0.317166E-15   0.00000      0.122594E-15   0.00000      0.355917E-16  0.103407E-16  0.173940E-16  0.594084E-18   0.00000       0.00000       0.00000       0.00000       0.00000    
         104   12.7505      0.982647      0.632623E-13  0.500009E-15  0.155403E-15  0.528744E-15  0.147377E-15  0.474790E-16  0.413774E-17  0.151324E-17  0.600172E-19  0.420649E-20  0.147532E-21   0.00000       0.00000       0.00000       0.00000       0.00000       0.00000       0.00000       0.00000       0.00000       0.00000       0.00000       0.00000       0.00000       0.00000       0.00000      0.510334E-36  0.655514E-27  0.392469E-13  0.353130E-16  0.312877E-15  0.811358E-25  0.121831E-15  0.522697E-25  0.356209E-16  0.104552E-16  0.180951E-16  0.657207E-18  0.119630E-25   0.00000       0.00000       0.00000       0.00000    
         105   13.6672      0.993189      0.640171E-13  0.534296E-15  0.157290E-15  0.590054E-15  0.173115E-15  0.592093E-16  0.596540E-17  0.230105E-17  0.117242E-18  0.938416E-20  0.416792E-21  0.145200E-26  0.891043E-28   0.00000       0.00000       0.00000       0.00000       0.00000       0.00000       0.00000       0.00000       0.00000       0.00000       0.00000       0.00000       0.00000      0.499676E-36  0.711399E-25  0.395364E-13  0.351327E-16  0.308840E-15  0.117427E-23  0.121041E-15  0.576555E-24  0.356231E-16  0.105522E-16  0.187820E-16  0.723938E-18  0.514349E-24  0.259767E-24   0.00000       0.00000       0.00000    
         106   14.6497       1.00263      0.647310E-13  0.570696E-15  0.158692E-15  0.655126E-15  0.201891E-15  0.731610E-16  0.842416E-17  0.340189E-17  0.215630E-18  0.193949E-19  0.105353E-20  0.149347E-25  0.183761E-25  0.654798E-25  0.712134E-26  0.139452E-26  0.185161E-27   0.00000       0.00000       0.00000       0.00000       0.00000       0.00000       0.00000       0.00000       0.00000      0.490735E-36  0.328056E-24  0.397854E-13  0.349402E-16  0.305315E-15  0.558496E-23  0.120291E-15  0.269155E-23  0.355589E-16  0.106106E-16  0.194371E-16  0.793663E-18  0.244477E-23  0.178854E-23   0.00000       0.00000       0.00000    
         107   15.7029       1.01237      0.654858E-13  0.611941E-15  0.160012E-15  0.727503E-15  0.235553E-15  0.902644E-16  0.118286E-16  0.497780E-17  0.386034E-18  0.389336E-19  0.254529E-20  0.711046E-25  0.112468E-24  0.425158E-24  0.111132E-24  0.230909E-25  0.181024E-25  0.881186E-26  0.145843E-25  0.375132E-26   0.00000       0.00000       0.00000       0.00000       0.00000       0.00000      0.481671E-36  0.137035E-23  0.400407E-13  0.347383E-16  0.301405E-15  0.233406E-22  0.119426E-15  0.111787E-22  0.355128E-16  0.106802E-16  0.201253E-16  0.870875E-18  0.102884E-22  0.786796E-23  0.769267E-24   0.00000       0.00000    
         108   16.8318       1.02090      0.661932E-13  0.655123E-15  0.160856E-15  0.803054E-15  0.272141E-15  0.109866E-15  0.161576E-16  0.705651E-17  0.654112E-18  0.729595E-19  0.559044E-20  0.292034E-24  0.491671E-24  0.188579E-23  0.517203E-24  0.109005E-24  0.868589E-25  0.434478E-25  0.730582E-25  0.195808E-25   0.00000       0.00000       0.00000       0.00000       0.00000       0.00000      0.474223E-36  0.510107E-23  0.402530E-13  0.345373E-16  0.298275E-15  0.858417E-22  0.118638E-15  0.407218E-22  0.354093E-16  0.107139E-16  0.207729E-16  0.950481E-18  0.383185E-22  0.312064E-22  0.378457E-23   0.00000       0.00000    
         109   18.0419       1.02917      0.669061E-13  0.701474E-15  0.161487E-15  0.883440E-15  0.312229E-15  0.132402E-15  0.217120E-16  0.983253E-17  0.108875E-17  0.134852E-18  0.121132E-19  0.114647E-23  0.205061E-23  0.797432E-23  0.231207E-23  0.514310E-24  0.413319E-24  0.221845E-24  0.392043E-24  0.139809E-24  0.222873E-27   0.00000       0.00000       0.00000       0.00000       0.00000      0.467120E-36  0.182187E-22  0.404542E-13  0.343482E-16  0.295437E-15  0.303984E-21  0.117910E-15  0.142988E-21  0.353002E-16  0.107400E-16  0.214210E-16  0.103484E-17  0.137073E-21  0.118063E-21  0.177402E-22  0.490532E-27   0.00000    
         110   19.3389       1.03697      0.676222E-13  0.752382E-15  0.161832E-15  0.969855E-15  0.357159E-15  0.158684E-15  0.288551E-16  0.135030E-16  0.174888E-17  0.237769E-18  0.244918E-19  0.395045E-23  0.746734E-23  0.293761E-22  0.890592E-23  0.202528E-23  0.164493E-23  0.909495E-24  0.163518E-23  0.615646E-24  0.127142E-26   0.00000       0.00000       0.00000       0.00000       0.00000      0.461010E-36  0.572828E-22  0.406346E-13  0.341360E-16  0.292662E-15  0.951346E-21  0.117115E-15  0.444004E-21  0.351523E-16  0.107450E-16  0.220754E-16  0.112661E-17  0.432432E-21  0.392846E-21  0.714768E-22  0.252785E-26   0.00000    
         111   20.7292       1.04461      0.683607E-13  0.808189E-15  0.161967E-15  0.106332E-14  0.407037E-15  0.188891E-15  0.378051E-16  0.182524E-16  0.276169E-17  0.413782E-18  0.489483E-19  0.132035E-22  0.262879E-22  0.104471E-21  0.330522E-22  0.768680E-23  0.630362E-23  0.358753E-23  0.655849E-23  0.260383E-23  0.577995E-25  0.736543E-26  0.186835E-27  0.653154E-29   0.00000       0.00000      0.455463E-36  0.175172E-21  0.408027E-13  0.339057E-16  0.290043E-15  0.290492E-20  0.116289E-15  0.134623E-20  0.349675E-16  0.107249E-16  0.227536E-16  0.122752E-17  0.132855E-20  0.126798E-20  0.275859E-21  0.135683E-25  0.118543E-26
         112   22.2195       1.05207      0.691145E-13  0.868612E-15  0.161901E-15  0.116210E-14  0.461453E-15  0.223171E-15  0.489743E-16  0.243621E-16  0.422791E-17  0.690147E-18  0.918184E-19  0.390030E-22  0.815436E-22  0.327021E-21  0.107683E-21  0.256159E-22  0.211666E-22  0.123711E-22  0.229590E-22  0.955716E-23  0.293838E-24  0.386069E-25  0.111044E-26  0.414278E-28   0.00000       0.00000      0.450262E-36  0.474494E-21  0.409614E-13  0.336839E-16  0.287524E-15  0.787949E-20  0.115489E-15  0.362857E-20  0.347853E-16  0.107075E-16  0.234440E-16  0.133649E-17  0.361979E-20  0.361721E-20  0.931158E-21  0.578252E-25  0.687953E-26
         113   23.8169       1.05949      0.698976E-13  0.934516E-15  0.161657E-15  0.126761E-14  0.521002E-15  0.261922E-15  0.626964E-16  0.320971E-16  0.633593E-17  0.112305E-17  0.166714E-18  0.107874E-21  0.236163E-21  0.954787E-21  0.326523E-21  0.794559E-22  0.660753E-22  0.395992E-22  0.745261E-22  0.324162E-22  0.135244E-23  0.181433E-24  0.587659E-26  0.232314E-27   0.00000       0.00000      0.445412E-36  0.120559E-20  0.411120E-13  0.334557E-16  0.285097E-15  0.200991E-19  0.114679E-15  0.920361E-20  0.345869E-16  0.106802E-16  0.241681E-16  0.145736E-17  0.926122E-20  0.965991E-20  0.291294E-20  0.225476E-24  0.356391E-25
         114   25.5291       1.06685      0.707043E-13  0.100507E-14  0.161239E-15  0.137765E-14  0.584385E-15  0.304303E-15  0.791654E-16  0.417042E-16  0.934017E-17  0.179638E-17  0.297147E-18  0.284837E-21  0.651259E-21  0.265190E-20  0.940033E-21  0.233966E-21  0.195630E-21  0.120044E-21  0.228887E-21  0.103679E-21  0.613162E-23  0.768495E-24  0.361909E-25  0.623253E-25   0.00000       0.00000      0.441071E-36  0.292875E-20  0.412527E-13  0.332139E-16  0.282705E-15  0.491317E-19  0.113810E-15  0.223852E-19  0.343635E-16  0.106497E-16  0.249370E-16  0.159218E-17  0.226779E-19  0.246221E-19  0.861611E-20  0.822455E-24  0.204275E-24
         115   27.3644       1.07464      0.715747E-13  0.108352E-14  0.160703E-15  0.149796E-14  0.654992E-15  0.352772E-15  0.991065E-16  0.536185E-16  0.134306E-16  0.278451E-17  0.505878E-18  0.696096E-21  0.165820E-20  0.679506E-20  0.249213E-20  0.634256E-21  0.532836E-21  0.334306E-21  0.645173E-21  0.303385E-21  0.238342E-22  0.293413E-23  0.159992E-24  0.311111E-24   0.00000       0.00000      0.436661E-36  0.659223E-20  0.413956E-13  0.329695E-16  0.280368E-15  0.111510E-18  0.112964E-15  0.505804E-19  0.341405E-16  0.106082E-16  0.257915E-16  0.175080E-17  0.515003E-19  0.580632E-19  0.233796E-19  0.271811E-23  0.885261E-24
         116   29.3317       1.08291      0.725054E-13  0.116923E-14  0.160044E-15  0.162652E-14  0.731667E-15  0.406557E-15  0.122785E-15  0.681631E-16  0.189580E-16  0.422261E-17  0.836943E-18  0.161201E-20  0.399164E-20  0.164485E-19  0.623122E-20  0.162094E-20  0.136749E-20  0.876072E-21  0.170982E-20  0.832161E-21  0.855534E-22  0.102420E-22  0.645043E-24  0.140601E-23   0.00000       0.00000      0.432379E-36  0.140722E-19  0.415385E-13  0.327131E-16  0.278023E-15  0.240467E-18  0.112084E-15  0.108650E-18  0.339102E-16  0.105641E-16  0.267662E-16  0.194130E-17  0.111013E-18  0.129688E-18  0.596132E-19  0.835415E-23  0.350656E-23
         117   31.4404       1.09199      0.735107E-13  0.126283E-14  0.159288E-15  0.176385E-14  0.814726E-15  0.465889E-15  0.150602E-15  0.857179E-16  0.262882E-16  0.626892E-17  0.134695E-17  0.354920E-20  0.911562E-20  0.377459E-19  0.147480E-19  0.391899E-20  0.331908E-20  0.216844E-20  0.427653E-20  0.214800E-20  0.284918E-21  0.328726E-22  0.238563E-23  0.578788E-23   0.00000       0.00000      0.428140E-36  0.285763E-19  0.416854E-13  0.324416E-16  0.275626E-15  0.494129E-18  0.111156E-15  0.222505E-18  0.336813E-16  0.105233E-16  0.279255E-16  0.217901E-17  0.227824E-18  0.275252E-18  0.143379E-18  0.239869E-22  0.127676E-22
         118   33.7006       1.10267      0.746289E-13  0.136568E-14  0.158517E-15  0.191024E-14  0.904220E-15  0.531475E-15  0.183858E-15  0.107266E-15  0.360593E-16  0.920005E-17  0.213679E-17  0.761920E-20  0.202549E-19  0.842215E-19  0.338926E-19  0.919346E-20  0.781538E-20  0.520070E-20  0.103570E-19  0.535378E-20  0.904167E-21  0.997468E-22  0.836733E-23  0.228553E-22  0.591246E-25   0.00000      0.423659E-36  0.566005E-19  0.418473E-13  0.321395E-16  0.273067E-15  0.991880E-18  0.110148E-15  0.445332E-18  0.334606E-16  0.104846E-16  0.294075E-16  0.249577E-17  0.456373E-18  0.569282E-18  0.333720E-18  0.660850E-22  0.441832E-22
         119   36.1234       1.11503      0.758414E-13  0.147711E-14  0.157671E-15  0.206674E-14  0.100105E-14  0.602493E-15  0.221150E-15  0.132057E-15  0.483049E-16  0.130983E-16  0.325727E-17  0.152582E-19  0.419019E-19  0.174845E-18  0.723836E-19  0.200245E-19  0.170871E-19  0.115679E-19  0.232460E-19  0.123335E-19  0.261592E-20  0.274120E-21  0.264287E-22  0.797141E-22  0.291545E-24   0.00000      0.419208E-36  0.104595E-18  0.420199E-13  0.318228E-16  0.270396E-15  0.186021E-17  0.109068E-15  0.833105E-18  0.332943E-16  0.104888E-16  0.312850E-16  0.291208E-17  0.853539E-18  0.109765E-17  0.719611E-18  0.167173E-21  0.137933E-21
         120   38.7204       1.13032      0.771933E-13  0.159811E-14  0.156866E-15  0.223305E-14  0.110494E-14  0.679356E-15  0.263585E-15  0.160976E-15  0.636834E-16  0.182914E-16  0.484404E-17  0.293212E-19  0.830217E-19  0.347421E-18  0.147804E-18  0.416606E-19  0.356887E-19  0.245532E-19  0.497577E-19  0.270263E-19  0.711014E-20  0.703580E-21  0.778547E-22  0.257958E-21  0.130040E-23   0.00000      0.414452E-36  0.185476E-18  0.422185E-13  0.314732E-16  0.267480E-15  0.335197E-17  0.107875E-15  0.149804E-17  0.332145E-16  0.105495E-16  0.337917E-16  0.348252E-17  0.153284E-17  0.202957E-17  0.147922E-17  0.400015E-21  0.402291E-21
         121   41.5040       1.14991      0.787073E-13  0.172738E-14  0.156251E-15  0.240766E-14  0.121508E-14  0.760579E-15  0.309727E-15  0.193344E-15  0.824119E-16  0.250587E-16  0.703871E-17  0.544354E-19  0.158622E-18  0.665262E-18  0.290581E-18  0.833569E-19  0.717070E-19  0.500804E-19  0.102292E-18  0.567382E-19  0.183072E-19  0.170177E-20  0.216038E-21  0.783610E-21  0.567566E-23  0.257514E-26  0.409109E-36  0.317737E-18  0.424595E-13  0.310789E-16  0.264166E-15  0.584162E-17  0.106519E-15  0.260616E-17  0.332915E-16  0.107193E-16  0.372150E-16  0.427440E-17  0.266094E-17  0.362329E-17  0.291919E-17  0.912578E-21  0.110707E-20
         122   44.4878       1.17521      0.804317E-13  0.186768E-14  0.155813E-15  0.259241E-14  0.133259E-14  0.848351E-15  0.362661E-15  0.231168E-15  0.105328E-15  0.336860E-16  0.997419E-17  0.968759E-19  0.290011E-18  0.121823E-17  0.545911E-18  0.159190E-18  0.137562E-18  0.974302E-19  0.200487E-18  0.113282E-18  0.442842E-19  0.385283E-20  0.560001E-21  0.221076E-20  0.213768E-22  0.136838E-25  0.403267E-36  0.521653E-18  0.427519E-13  0.306338E-16  0.260470E-15  0.976701E-17  0.104996E-15  0.435133E-17  0.336082E-16  0.110279E-16  0.418818E-16  0.536951E-17  0.442955E-17  0.619658E-17  0.549083E-17  0.197050E-20  0.285023E-20
         123   47.6861       1.20838      0.823984E-13  0.201714E-14  0.155751E-15  0.278508E-14  0.145612E-14  0.940783E-15  0.420742E-15  0.273635E-15  0.132577E-15  0.444569E-16  0.138133E-16  0.166542E-18  0.511329E-18  0.214992E-17  0.987780E-18  0.292434E-18  0.253952E-18  0.182228E-18  0.377617E-18  0.216838E-18  0.101580E-18  0.824519E-20  0.137076E-20  0.586502E-20  0.742664E-22  0.652807E-25  0.396592E-36  0.827130E-18  0.431197E-13  0.301223E-16  0.256208E-15  0.157862E-16  0.103241E-15  0.702531E-17  0.342970E-16  0.115658E-16  0.482411E-16  0.687339E-17  0.712509E-17  0.102310E-16  0.992233E-17  0.406285E-20  0.693933E-20
         124   51.1143       1.25225      0.846684E-13  0.217632E-14  0.156219E-15  0.298622E-14  0.158521E-14  0.103761E-14  0.485358E-15  0.321855E-15  0.165045E-15  0.578201E-16  0.187859E-16  0.277950E-18  0.873795E-18  0.367493E-17  0.173033E-17  0.519391E-18  0.453488E-18  0.329378E-18  0.687139E-18  0.400056E-18  0.222364E-18  0.167928E-19  0.319243E-20  0.147536E-19  0.241246E-21  0.329400E-24  0.388855E-36  0.127289E-17  0.435901E-13  0.295234E-16  0.251219E-15  0.247848E-16  0.101181E-15  0.110211E-16  0.355356E-16  0.124451E-16  0.568919E-16  0.892951E-17  0.111290E-16  0.163898E-16  0.173175E-16  0.804707E-20  0.160969E-19
         125   54.7890       1.30883      0.872363E-13  0.233998E-14  0.157452E-15  0.318811E-14  0.171680E-14  0.113590E-14  0.552083E-15  0.372880E-15  0.201340E-15  0.735032E-16  0.248508E-16  0.447615E-18  0.143860E-17  0.604787E-17  0.291725E-17  0.886656E-18  0.778713E-18  0.571989E-18  0.120103E-17  0.707336E-18  0.461519E-18  0.323817E-19  0.702803E-20  0.349338E-19  0.722535E-21  0.132339E-23  0.379874E-36  0.188969E-17  0.441857E-13  0.288362E-16  0.245432E-15  0.375670E-16  0.988155E-16  0.166958E-16  0.375154E-16  0.137691E-16  0.682371E-16  0.116320E-16  0.167763E-16  0.253219E-16  0.290266E-16  0.152252E-19  0.353423E-19
         126   58.7279       1.38132      0.901513E-13  0.250698E-14  0.159643E-15  0.338937E-14  0.184917E-14  0.123454E-14  0.621574E-15  0.427229E-15  0.241838E-15  0.917306E-16  0.321554E-16  0.699369E-18  0.229451E-17  0.963549E-17  0.476046E-17  0.146302E-17  0.129311E-17  0.959747E-18  0.202812E-17  0.120551E-17  0.914528E-18  0.595475E-19  0.147424E-19  0.785507E-19  0.202307E-20  0.487117E-23  0.369458E-36  0.272112E-17  0.449382E-13  0.280414E-16  0.238706E-15  0.552680E-16  0.960768E-16  0.245550E-16  0.404866E-16  0.156930E-16  0.829277E-16  0.151355E-16  0.245393E-16  0.379384E-16  0.469935E-16  0.276960E-19  0.740332E-19
         127   62.9499       1.47437      0.934562E-13  0.267170E-14  0.163209E-15  0.358255E-14  0.197851E-14  0.132993E-14  0.690173E-15  0.482710E-15  0.285682E-15  0.112360E-15  0.407435E-16  0.106847E-17  0.357335E-17  0.149784E-16  0.757902E-17  0.235197E-17  0.209307E-17  0.156841E-17  0.333560E-17  0.199646E-17  0.174529E-17  0.105374E-18  0.297462E-19  0.169425E-18  0.536365E-20  0.167484E-22  0.357246E-36  0.383078E-17  0.458970E-13  0.271284E-16  0.230829E-15  0.795366E-16  0.929162E-16  0.353335E-16  0.448369E-16  0.184416E-16  0.101891E-15  0.196587E-16  0.351039E-16  0.555573E-16  0.740825E-16  0.488584E-19  0.149367E-18
         128   67.4754       1.58687      0.971016E-13  0.283363E-14  0.167960E-15  0.376765E-14  0.210297E-14  0.142207E-14  0.760311E-15  0.540189E-15  0.332361E-15  0.135034E-15  0.504359E-16  0.157434E-17  0.536015E-17  0.224104E-16  0.116145E-16  0.363453E-17  0.325801E-17  0.246287E-17  0.527210E-17  0.317035E-17  0.316539E-17  0.177248E-18  0.569703E-19  0.345731E-18  0.132442E-19  0.524418E-22  0.343612E-36  0.519971E-17  0.470505E-13  0.260936E-16  0.222012E-15  0.110419E-15  0.893471E-16  0.490568E-16  0.506091E-16  0.220517E-16  0.124799E-15  0.251232E-16  0.484325E-16  0.784320E-16  0.112212E-15  0.824994E-19  0.286404E-18
         129   72.3263       1.72218      0.101091E-12  0.298621E-14  0.174241E-15  0.393646E-14  0.221820E-14  0.150700E-14  0.827918E-15  0.597017E-15  0.380510E-15  0.159287E-15  0.611062E-16  0.225775E-17  0.781588E-17  0.325686E-16  0.172915E-16  0.544909E-17  0.492199E-17  0.375070E-17  0.808340E-17  0.487272E-17  0.551107E-17  0.286312E-18  0.104673E-18  0.675046E-18  0.308947E-19  0.152601E-21  0.328372E-36  0.686791E-17  0.484369E-13  0.249405E-16  0.212157E-15  0.149232E-15  0.853690E-16  0.663160E-16  0.581523E-16  0.267225E-16  0.152235E-15  0.316650E-16  0.650396E-16  0.107726E-15  0.164841E-15  0.134659E-18  0.527530E-18
         130   77.5260       1.88077      0.105384E-12  0.312537E-14  0.182157E-15  0.408502E-14  0.232126E-14  0.158264E-14  0.890590E-15  0.650971E-15  0.428502E-15  0.184565E-15  0.724838E-16  0.315249E-17  0.110834E-16  0.459929E-16  0.250225E-16  0.793043E-17  0.722034E-17  0.554231E-17  0.120305E-16  0.725316E-17  0.922157E-17  0.444830E-18  0.184801E-18  0.126378E-17  0.683483E-19  0.415423E-21  0.311592E-36  0.883127E-17  0.500670E-13  0.236693E-16  0.201289E-15  0.196413E-15  0.809777E-16  0.873146E-16  0.676164E-16  0.325446E-16  0.184122E-15  0.392619E-16  0.850444E-16  0.144017E-15  0.234997E-15  0.212702E-18  0.934985E-18
         131   83.0994       2.06272      0.109910E-12  0.324502E-14  0.191687E-15  0.420543E-14  0.240762E-14  0.164564E-14  0.947083E-15  0.701394E-15  0.475187E-15  0.209830E-15  0.842179E-16  0.429555E-17  0.153211E-16  0.632634E-16  0.352826E-16  0.112320E-16  0.103097E-16  0.796588E-17  0.174246E-16  0.104833E-16  0.148704E-16  0.666781E-18  0.314312E-18  0.227380E-17  0.143545E-18  0.105628E-20  0.293678E-36  0.110792E-16  0.519420E-13  0.223202E-16  0.189714E-15  0.252289E-15  0.763258E-16  0.112208E-15  0.791827E-16  0.396111E-16  0.220321E-15  0.478833E-16  0.108510E-15  0.187816E-15  0.325959E-15  0.326035E-18  0.159872E-17
         132   89.0735       2.26646      0.114597E-12  0.334226E-14  0.202793E-15  0.429563E-14  0.247545E-14  0.169478E-14  0.995369E-15  0.746227E-15  0.518861E-15  0.234383E-15  0.959331E-16  0.571571E-17  0.206615E-16  0.848204E-16  0.485145E-16  0.154945E-16  0.143398E-16  0.111451E-16  0.245828E-16  0.147259E-16  0.231439E-16  0.966033E-18  0.515949E-18  0.394082E-17  0.287429E-18  0.252674E-20  0.274864E-36  0.135711E-16  0.540527E-13  0.209055E-16  0.177563E-15  0.316473E-15  0.714487E-16  0.140836E-15  0.928259E-16  0.479061E-16  0.260261E-15  0.573912E-16  0.135191E-15  0.239108E-15  0.440313E-15  0.485619E-18  0.264244E-17
         133   95.4772       2.49126      0.119398E-12  0.341425E-14  0.215357E-15  0.435424E-14  0.252275E-14  0.172838E-14  0.103388E-14  0.784020E-15  0.558190E-15  0.257563E-15  0.107342E-15  0.744654E-17  0.272562E-16  0.111149E-15  0.652309E-16  0.208774E-16  0.194809E-16  0.152199E-16  0.338780E-16  0.201608E-16  0.348761E-16  0.135733E-17  0.820169E-18  0.660399E-17  0.551517E-18  0.572567E-20  0.255300E-36  0.162733E-16  0.563982E-13  0.194404E-16  0.164942E-15  0.388688E-15  0.663908E-16  0.173086E-15  0.108547E-15  0.574249E-16  0.303537E-15  0.676900E-16  0.164892E-15  0.297949E-15  0.580908E-15  0.705072E-18  0.423677E-17
         134   102.341       2.73046      0.124147E-12  0.346021E-14  0.229131E-15  0.437916E-14  0.254990E-14  0.174759E-14  0.106269E-14  0.814390E-15  0.592064E-15  0.278364E-15  0.117853E-15  0.948599E-17  0.351269E-16  0.142169E-15  0.856563E-16  0.274441E-16  0.258164E-16  0.202623E-16  0.455544E-16  0.268725E-16  0.508571E-16  0.184932E-17  0.126155E-17  0.106907E-16  0.101255E-17  0.122569E-19  0.235897E-36  0.190785E-16  0.589116E-13  0.179832E-16  0.152417E-15  0.466754E-15  0.613730E-16  0.207996E-15  0.125938E-15  0.679138E-16  0.348558E-15  0.784069E-16  0.196621E-15  0.362905E-15  0.747670E-15  0.997049E-18  0.658465E-17
         135   109.699       2.98249      0.128810E-12  0.348007E-14  0.243898E-15  0.437251E-14  0.255698E-14  0.175220E-14  0.108131E-14  0.836754E-15  0.619831E-15  0.296423E-15  0.127287E-15  0.118537E-16  0.443729E-16  0.178084E-15  0.110209E-15  0.353151E-16  0.334822E-16  0.263834E-16  0.599700E-16  0.349913E-16  0.720315E-16  0.245266E-17  0.188484E-17  0.167892E-16  0.178873E-17  0.249757E-19  0.216781E-36  0.219385E-16  0.615816E-13  0.165481E-16  0.140080E-15  0.549754E-15  0.564335E-16  0.245163E-15  0.144822E-15  0.792604E-16  0.394746E-15  0.894084E-16  0.229939E-15  0.433451E-15  0.942032E-15  0.137827E-17  0.995972E-17
         136   117.585       3.24378      0.133278E-12  0.347009E-14  0.259563E-15  0.433050E-14  0.254155E-14  0.174011E-14  0.108820E-14  0.849863E-15  0.640336E-15  0.310922E-15  0.135231E-15  0.145547E-16  0.550366E-16  0.218839E-15  0.139177E-15  0.445647E-16  0.425687E-16  0.336571E-16  0.774298E-16  0.445916E-16  0.993073E-16  0.317424E-17  0.274148E-17  0.256448E-16  0.305160E-17  0.486838E-19  0.198398E-36  0.247895E-16  0.643736E-13  0.151693E-16  0.128220E-15  0.636194E-15  0.516945E-16  0.283924E-15  0.164893E-15  0.912720E-16  0.441168E-15  0.100479E-15  0.264181E-15  0.508567E-15  0.116410E-14  0.186632E-17  0.146974E-16
         137   126.038       3.51170      0.137602E-12  0.344307E-14  0.275586E-15  0.426972E-14  0.251366E-14  0.171970E-14  0.108814E-14  0.856812E-15  0.655284E-15  0.322656E-15  0.141945E-15  0.175861E-16  0.671301E-16  0.264234E-15  0.172777E-15  0.552423E-16  0.531389E-16  0.421341E-16  0.982137E-16  0.557132E-16  0.133554E-15  0.401736E-17  0.388883E-17  0.381639E-16  0.503462E-17  0.908527E-19  0.180807E-36  0.275582E-16  0.672620E-13  0.138482E-16  0.116873E-15  0.724277E-15  0.471525E-16  0.323479E-15  0.185718E-15  0.103689E-15  0.487024E-15  0.111439E-15  0.298562E-15  0.586945E-15  0.141330E-14  0.248019E-17  0.211986E-16
         138   135.099       3.78366      0.141705E-12  0.339610E-14  0.291950E-15  0.418690E-14  0.247135E-14  0.168910E-14  0.108003E-14  0.856826E-15  0.664084E-15  0.331145E-15  0.147180E-15  0.209450E-16  0.806609E-16  0.314032E-15  0.211200E-15  0.673860E-16  0.652384E-16  0.518481E-16  0.122598E-15  0.683686E-16  0.175580E-15  0.498405E-17  0.539151E-17  0.554733E-16  0.806160E-17  0.163127E-18  0.164315E-36  0.301975E-16  0.702191E-13  0.126090E-16  0.106236E-15  0.812585E-15  0.428949E-16  0.363192E-15  0.206967E-15  0.116307E-15  0.531615E-15  0.122133E-15  0.332488E-15  0.667511E-15  0.168892E-14  0.324114E-17  0.299552E-16
         139   144.812       4.05721      0.145591E-12  0.333539E-14  0.308384E-15  0.409068E-14  0.241908E-14  0.165201E-14  0.106618E-14  0.851473E-15  0.666988E-15  0.336160E-15  0.150842E-15  0.246167E-16  0.955864E-16  0.367795E-15  0.254492E-15  0.809874E-16  0.788597E-16  0.627888E-16  0.150785E-15  0.825096E-16  0.226008E-15  0.607128E-17  0.731669E-17  0.788965E-16  0.125596E-16  0.282783E-18  0.148976E-36  0.326554E-16  0.732199E-13  0.114555E-16  0.963436E-16  0.899444E-15  0.389353E-16  0.402308E-15  0.228212E-15  0.128866E-15  0.574258E-15  0.132407E-15  0.365274E-15  0.748921E-15  0.198922E-14  0.417111E-17  0.415411E-16
         140   155.223       4.33269      0.149233E-12  0.325723E-14  0.325076E-15  0.397502E-14  0.235498E-14  0.160624E-14  0.104529E-14  0.840029E-15  0.665097E-15  0.338705E-15  0.153245E-15  0.286111E-16  0.111958E-15  0.425450E-15  0.302930E-15  0.961138E-16  0.940608E-16  0.749961E-16  0.183125E-15  0.981537E-16  0.285582E-15  0.728322E-17  0.974257E-17  0.110060E-15  0.190857E-16  0.474359E-18  0.134987E-36  0.349237E-16  0.762603E-13  0.104027E-16  0.873236E-16  0.984285E-15  0.353232E-16  0.440565E-15  0.249295E-15  0.141265E-15  0.614870E-15  0.142257E-15  0.396699E-15  0.830714E-15  0.231455E-14  0.529871E-17  0.566725E-16
         141   166.382       4.60899      0.152663E-12  0.316812E-14  0.341840E-15  0.384874E-14  0.228359E-14  0.155553E-14  0.101977E-14  0.824205E-15  0.658806E-15  0.338659E-15  0.154368E-15  0.329116E-16  0.129721E-15  0.486514E-15  0.356482E-15  0.112736E-15  0.110797E-15  0.884257E-16  0.219800E-15  0.115208E-15  0.354681E-15  0.861500E-17  0.127436E-16  0.150803E-15  0.283493E-16  0.772379E-18  0.122268E-36  0.369719E-16  0.793272E-13  0.944417E-17  0.791218E-16  0.106580E-14  0.320374E-16  0.477369E-15  0.269850E-15  0.153286E-15  0.653049E-15  0.151599E-15  0.426257E-15  0.911770E-15  0.266315E-14  0.665158E-17  0.761619E-16
         142   178.343       4.88801      0.155909E-12  0.306780E-14  0.358848E-15  0.371128E-14  0.220550E-14  0.150001E-14  0.989430E-15  0.803575E-15  0.647982E-15  0.336331E-15  0.154432E-15  0.375275E-16  0.148918E-15  0.550898E-15  0.415352E-15  0.130905E-15  0.129092E-15  0.103087E-15  0.261148E-15  0.133651E-15  0.433785E-15  0.100706E-16  0.164044E-16  0.203372E-15  0.412686E-16  0.122483E-17  0.110692E-36  0.388116E-16  0.824349E-13  0.857317E-17  0.716628E-16  0.114381E-14  0.290507E-16  0.512624E-15  0.289777E-15  0.164867E-15  0.688978E-15  0.160489E-15  0.453903E-15  0.991878E-15  0.303552E-14  0.826594E-17  0.101027E-15
         143   191.164       5.16667      0.158983E-12  0.296470E-14  0.375789E-15  0.357307E-14  0.212541E-14  0.144368E-14  0.957832E-15  0.781588E-15  0.634983E-15  0.332061E-15  0.153383E-15  0.424100E-16  0.169363E-15  0.617668E-15  0.479083E-15  0.150467E-15  0.148764E-15  0.118823E-15  0.307106E-15  0.153250E-15  0.522655E-15  0.116341E-16  0.207857E-16  0.269991E-15  0.588915E-16  0.189211E-17  0.100370E-36  0.403937E-16  0.855454E-13  0.779246E-17  0.650050E-16  0.121635E-14  0.263799E-16  0.545448E-15  0.308555E-15  0.175702E-15  0.721927E-15  0.168764E-15  0.478895E-15  0.106931E-14  0.342761E-14  0.101697E-16  0.132294E-15
         144   204.907       5.44798      0.161920E-12  0.285733E-14  0.392931E-15  0.343193E-14  0.204301E-14  0.138595E-14  0.924280E-15  0.757439E-15  0.619465E-15  0.326143E-15  0.151462E-15  0.475686E-16  0.191093E-15  0.686771E-15  0.547788E-15  0.171457E-15  0.169807E-15  0.135619E-15  0.357978E-15  0.173958E-15  0.621453E-15  0.133099E-16  0.259669E-16  0.353507E-15  0.825822E-16  0.285623E-17  0.911141E-37  0.417474E-16  0.886827E-13  0.709113E-17  0.590338E-16  0.128368E-14  0.239827E-16  0.575936E-15  0.326183E-15  0.185790E-15  0.752293E-15  0.176530E-15  0.501378E-15  0.114416E-14  0.384031E-14  0.124070E-16  0.171328E-15
         145   219.639       5.73044      0.164711E-12  0.274864E-14  0.410222E-15  0.329099E-14  0.195973E-14  0.132836E-14  0.890033E-15  0.732302E-15  0.602321E-15  0.318744E-15  0.148581E-15  0.529571E-16  0.213921E-15  0.757373E-15  0.620911E-15  0.193707E-15  0.192010E-15  0.153292E-15  0.413650E-15  0.195518E-15  0.729508E-15  0.150850E-16  0.319963E-16  0.456762E-15  0.113914E-15  0.421990E-17  0.829827E-37  0.428537E-16  0.918233E-13  0.647451E-17  0.537952E-16  0.134458E-14  0.218768E-16  0.603540E-15  0.342321E-15  0.194936E-15  0.779674E-15  0.183700E-15  0.520937E-15  0.121526E-14  0.427027E-14  0.150146E-16  0.219547E-15
         146   235.429       6.02134      0.167466E-12  0.263712E-14  0.428058E-15  0.314868E-14  0.187583E-14  0.126995E-14  0.854337E-15  0.705372E-15  0.583231E-15  0.310380E-15  0.145331E-15  0.586269E-16  0.238054E-15  0.830091E-15  0.698984E-15  0.217399E-15  0.215509E-15  0.171941E-15  0.474724E-15  0.218042E-15  0.847359E-15  0.169794E-16  0.389636E-16  0.583509E-15  0.154869E-15  0.611425E-17  0.755499E-37  0.437804E-16  0.950342E-13  0.590897E-17  0.489974E-16  0.140057E-14  0.199476E-16  0.628931E-15  0.357270E-15  0.203323E-15  0.805149E-15  0.190544E-15  0.538212E-15  0.128385E-14  0.472229E-14  0.180585E-16  0.278901E-15
         147   252.354       6.32149      0.170172E-12  0.252149E-14  0.446556E-15  0.300380E-14  0.178968E-14  0.120963E-14  0.816657E-15  0.676290E-15  0.561917E-15  0.300853E-15  0.141591E-15  0.645524E-16  0.263381E-15  0.904463E-15  0.781596E-15  0.242427E-15  0.240152E-15  0.191431E-15  0.541201E-15  0.241347E-15  0.974336E-15  0.189876E-16  0.469104E-16  0.737435E-15  0.207736E-15  0.870233E-17  0.688099E-37  0.445350E-16  0.983145E-13  0.539482E-17  0.446431E-16  0.145131E-14  0.181961E-16  0.651948E-15  0.370907E-15  0.210883E-15  0.828674E-15  0.197057E-15  0.553129E-15  0.134951E-14  0.519526E-14  0.215935E-16  0.351423E-15
         148   270.496       6.62778      0.172838E-12  0.241034E-14  0.465426E-15  0.286477E-14  0.170726E-14  0.115270E-14  0.780670E-15  0.648351E-15  0.540933E-15  0.290926E-15  0.137419E-15  0.706510E-16  0.289564E-15  0.979239E-15  0.867650E-15  0.268474E-15  0.265582E-15  0.211468E-15  0.612627E-15  0.265044E-15  0.110893E-14  0.210900E-16  0.558346E-16  0.921941E-15  0.274950E-15  0.121692E-16  0.628631E-37  0.450777E-16  0.101620E-12  0.494016E-17  0.408026E-16  0.149506E-14  0.166483E-16  0.671805E-15  0.382769E-15  0.217352E-15  0.849552E-15  0.203078E-15  0.565064E-15  0.141053E-14  0.568370E-14  0.256641E-16  0.439147E-15
         149   289.942       6.94448      0.175492E-12  0.230020E-14  0.484930E-15  0.272815E-14  0.162608E-14  0.109678E-14  0.744867E-15  0.620232E-15  0.519378E-15  0.280479E-15  0.132926E-15  0.769267E-16  0.316609E-15  0.105448E-14  0.956983E-15  0.295529E-15  0.291748E-15  0.232000E-15  0.689157E-15  0.289069E-15  0.125063E-14  0.232919E-16  0.657623E-16  0.114138E-14  0.359556E-15  0.167482E-16  0.575257E-37  0.454516E-16  0.104985E-12  0.453103E-17  0.373544E-16  0.153264E-14  0.152570E-16  0.688866E-15  0.393015E-15  0.222835E-15  0.868318E-15  0.208736E-15  0.574400E-15  0.146751E-14  0.618947E-14  0.303455E-16  0.544781E-15
         150   310.787       7.27167      0.178136E-12  0.219284E-14  0.504986E-15  0.259669E-14  0.154766E-14  0.104304E-14  0.709667E-15  0.592417E-15  0.497494E-15  0.269536E-15  0.128066E-15  0.833244E-16  0.344277E-15  0.112948E-14  0.104869E-14  0.323353E-15  0.318379E-15  0.252804E-15  0.770424E-15  0.313144E-15  0.139790E-14  0.255830E-16  0.766622E-16  0.139969E-14  0.464821E-15  0.227054E-16  0.527814E-37  0.456581E-16  0.108397E-12  0.416707E-17  0.342896E-16  0.156361E-14  0.140202E-16  0.702936E-15  0.401516E-15  0.227264E-15  0.884822E-15  0.213994E-15  0.581039E-15  0.151986E-14  0.670997E-14  0.357019E-16  0.671080E-15
         151   333.130       7.61473      0.180818E-12  0.208595E-14  0.525843E-15  0.246581E-14  0.146967E-14  0.989571E-15  0.674798E-15  0.564507E-15  0.475468E-15  0.258494E-15  0.123166E-15  0.898605E-16  0.372626E-15  0.120449E-14  0.114276E-14  0.351987E-15  0.345493E-15  0.273889E-15  0.856700E-15  0.337279E-15  0.155053E-14  0.279691E-16  0.885532E-16  0.170199E-14  0.594682E-15  0.303571E-16  0.484441E-37  0.457403E-16  0.111898E-12  0.383264E-17  0.314849E-16  0.158894E-14  0.128855E-16  0.714447E-15  0.408471E-15  0.230766E-15  0.899678E-15  0.219001E-15  0.585400E-15  0.156836E-14  0.724841E-14  0.418337E-16  0.821635E-15
         152   357.078       7.97179      0.183521E-12  0.198278E-14  0.547227E-15  0.234003E-14  0.139508E-14  0.938457E-15  0.641275E-15  0.537322E-15  0.453890E-15  0.247423E-15  0.118189E-15  0.964411E-16  0.401252E-15  0.127842E-14  0.123771E-14  0.381025E-15  0.372672E-15  0.294920E-15  0.947133E-15  0.361072E-15  0.170606E-14  0.304267E-16  0.101321E-15  0.205160E-14  0.752952E-15  0.400414E-16  0.445675E-37  0.456867E-16  0.115454E-12  0.353318E-17  0.289789E-16  0.160791E-14  0.118705E-16  0.723081E-15  0.413694E-15  0.233247E-15  0.912495E-15  0.223649E-15  0.587282E-15  0.161211E-14  0.779964E-14  0.488020E-16  0.999566E-15
         153   382.749       8.34831      0.186281E-12  0.188050E-14  0.569287E-15  0.221615E-14  0.132107E-14  0.887964E-15  0.607839E-15  0.510211E-15  0.431998E-15  0.236184E-15  0.113088E-15  0.103086E-15  0.430226E-15  0.135156E-14  0.133361E-14  0.410527E-15  0.399974E-15  0.315939E-15  0.104208E-14  0.384563E-15  0.186450E-14  0.329653E-16  0.114982E-15  0.245455E-14  0.944692E-15  0.521766E-16  0.410071E-37  0.455314E-16  0.119107E-12  0.325704E-17  0.266742E-16  0.162127E-14  0.109357E-16  0.729169E-15  0.417346E-15  0.234805E-15  0.923729E-15  0.228046E-15  0.587008E-15  0.165174E-14  0.836725E-14  0.567400E-16  0.120964E-14
         154   410.266       8.74543      0.189098E-12  0.177992E-14  0.591880E-15  0.209488E-14  0.124878E-14  0.838499E-15  0.574871E-15  0.483274E-15  0.410053E-15  0.224822E-15  0.107911E-15  0.109738E-15  0.459300E-15  0.142335E-14  0.142944E-14  0.440236E-15  0.427146E-15  0.336749E-15  0.114100E-14  0.407517E-15  0.202413E-14  0.355693E-16  0.129436E-15  0.291524E-14  0.117496E-14  0.672110E-16  0.377422E-37  0.452822E-16  0.122851E-12  0.300335E-17  0.245594E-16  0.162901E-14  0.100773E-16  0.732712E-15  0.419420E-15  0.235449E-15  0.933340E-15  0.232168E-15  0.584634E-15  0.168705E-14  0.894933E-14  0.657520E-16  0.145637E-14
         155   439.760       9.16282      0.191970E-12  0.168334E-14  0.614697E-15  0.197886E-14  0.117938E-14  0.791362E-15  0.543304E-15  0.457421E-15  0.388838E-15  0.213719E-15  0.102790E-15  0.116321E-15  0.488133E-15  0.149296E-14  0.152393E-14  0.469804E-15  0.453863E-15  0.357100E-15  0.124308E-14  0.429634E-15  0.218281E-14  0.382118E-16  0.144532E-15  0.343664E-14  0.144848E-14  0.855841E-16  0.347947E-37  0.449388E-16  0.126665E-12  0.277339E-17  0.226495E-16  0.163089E-14  0.930061E-17  0.733611E-15  0.419858E-15  0.235156E-15  0.941159E-15  0.235951E-15  0.580132E-15  0.171759E-14  0.954201E-14  0.759265E-16  0.174399E-14
         156   471.375       9.60338      0.194905E-12  0.158972E-14  0.637628E-15  0.186699E-14  0.111245E-14  0.745812E-15  0.512650E-15  0.432224E-15  0.368028E-15  0.202760E-15  0.976946E-16  0.122799E-15  0.516564E-15  0.156013E-14  0.161635E-14  0.499056E-15  0.479978E-15  0.376884E-15  0.134791E-14  0.450782E-15  0.233928E-14  0.408766E-16  0.160164E-15  0.402329E-14  0.177122E-14  0.107831E-15  0.320942E-37  0.445215E-16  0.130561E-12  0.256251E-17  0.208997E-16  0.162734E-14  0.858803E-17  0.732059E-15  0.418764E-15  0.233996E-15  0.947352E-15  0.239413E-15  0.573721E-15  0.174358E-14  0.101450E-13  0.874002E-16  0.207816E-14
         157   505.263       10.0698      0.197915E-12  0.149929E-14  0.660519E-15  0.175903E-14  0.104787E-14  0.702106E-15  0.483133E-15  0.407848E-15  0.347790E-15  0.192012E-15  0.926795E-16  0.129144E-15  0.544464E-15  0.162464E-14  0.170616E-14  0.527857E-15  0.505386E-15  0.396031E-15  0.145521E-14  0.470868E-15  0.249262E-14  0.435572E-16  0.176246E-15  0.467973E-14  0.214934E-14  0.134499E-15  0.296270E-37  0.440380E-16  0.134545E-12  0.236892E-17  0.192993E-16  0.161855E-14  0.793555E-17  0.728141E-15  0.416188E-15  0.232004E-15  0.951960E-15  0.242544E-15  0.565495E-15  0.176507E-14  0.107582E-13  0.100324E-15  0.246495E-14
         158   541.587       10.5635      0.200993E-12  0.141195E-14  0.683099E-15  0.165542E-14  0.985576E-15  0.659964E-15  0.454650E-15  0.384219E-15  0.328027E-15  0.181441E-15  0.877190E-16  0.135296E-15  0.571560E-15  0.168594E-14  0.179230E-14  0.555922E-15  0.529846E-15  0.414366E-15  0.156418E-14  0.489679E-15  0.264097E-14  0.462230E-16  0.192612E-15  0.540900E-14  0.258906E-14  0.166163E-15  0.273755E-37  0.435019E-16  0.138611E-12  0.219178E-17  0.178385E-16  0.160477E-14  0.733974E-17  0.721978E-15  0.412204E-15  0.229233E-15  0.954998E-15  0.245311E-15  0.555615E-15  0.178206E-14  0.113791E-13  0.114836E-15  0.291050E-14
         159   580.523       11.0879      0.204160E-12  0.132805E-14  0.705208E-15  0.155572E-14  0.926009E-15  0.619758E-15  0.427310E-15  0.361497E-15  0.309006E-15  0.171226E-15  0.829073E-16  0.141230E-15  0.597740E-15  0.174386E-14  0.187430E-14  0.583131E-15  0.553284E-15  0.431856E-15  0.167453E-14  0.507155E-15  0.278361E-14  0.488599E-16  0.209166E-15  0.621534E-14  0.309734E-14  0.203438E-15  0.252897E-37  0.429212E-16  0.142770E-12  0.202728E-17  0.164840E-16  0.158623E-14  0.678617E-17  0.713674E-15  0.406876E-15  0.225723E-15  0.956565E-15  0.247713E-15  0.544188E-15  0.179466E-14  0.120077E-13  0.131116E-15  0.342206E-14
         160   622.257       11.6454      0.207415E-12  0.124729E-14  0.726604E-15  0.145981E-14  0.868454E-15  0.581152E-15  0.401247E-15  0.339721E-15  0.290661E-15  0.161322E-15  0.782201E-16  0.146905E-15  0.622815E-15  0.179809E-14  0.195143E-14  0.609282E-15  0.575554E-15  0.448411E-15  0.178557E-14  0.523182E-15  0.291920E-14  0.514434E-16  0.225755E-15  0.710139E-14  0.368102E-14  0.246942E-15  0.233487E-37  0.423097E-16  0.147024E-12  0.187395E-17  0.152225E-16  0.156339E-14  0.627022E-17  0.703440E-15  0.400338E-15  0.221560E-15  0.956741E-15  0.249730E-15  0.531430E-15  0.180311E-14  0.126427E-13  0.149338E-15  0.400687E-14
         161   666.992       12.2378      0.210749E-12  0.117013E-14  0.746988E-15  0.136854E-14  0.813992E-15  0.544435E-15  0.376119E-15  0.318736E-15  0.272985E-15  0.151744E-15  0.736730E-16  0.152261E-15  0.646518E-15  0.184797E-14  0.202276E-14  0.634104E-15  0.596436E-15  0.463885E-15  0.189655E-14  0.537559E-15  0.304625E-14  0.539435E-16  0.242240E-15  0.806996E-14  0.434733E-14  0.297310E-15  0.215785E-37  0.416707E-16  0.151361E-12  0.173370E-17  0.140720E-16  0.153615E-14  0.579904E-17  0.691224E-15  0.392571E-15  0.216735E-15  0.955418E-15  0.251299E-15  0.517344E-15  0.180710E-14  0.132809E-13  0.169686E-15  0.467279E-14
         162   714.943       12.8682      0.214172E-12  0.109675E-14  0.766157E-15  0.128163E-14  0.762224E-15  0.509915E-15  0.352384E-15  0.298778E-15  0.256094E-15  0.142571E-15  0.692844E-16  0.157267E-15  0.668704E-15  0.189334E-14  0.208777E-14  0.657441E-15  0.615836E-15  0.478243E-15  0.200683E-14  0.550235E-15  0.316376E-14  0.563403E-16  0.258475E-15  0.912285E-14  0.510350E-14  0.355173E-15  0.199368E-37  0.410197E-16  0.155786E-12  0.160350E-17  0.130052E-16  0.150508E-14  0.536182E-17  0.677291E-15  0.383741E-15  0.211351E-15  0.952747E-15  0.252415E-15  0.502177E-15  0.180697E-14  0.139214E-13  0.192361E-15  0.542805E-14
         163   766.341       13.5405      0.217680E-12  0.102627E-14  0.783898E-15  0.119859E-14  0.712675E-15  0.476521E-15  0.329472E-15  0.279574E-15  0.239837E-15  0.133693E-15  0.650448E-16  0.161898E-15  0.689257E-15  0.193396E-14  0.214608E-14  0.679170E-15  0.633688E-15  0.491469E-15  0.211599E-14  0.561160E-15  0.327107E-14  0.586081E-16  0.274366E-15  0.102632E-13  0.595766E-14  0.421209E-15  0.184253E-37  0.403591E-16  0.160305E-12  0.148324E-17  0.120218E-16  0.147036E-14  0.495835E-17  0.661722E-15  0.373912E-15  0.205443E-15  0.948748E-15  0.253046E-15  0.486006E-15  0.180279E-14  0.145636E-13  0.217596E-15  0.628200E-14
         164   821.435       14.2576      0.221272E-12  0.958962E-15  0.799962E-15  0.111941E-14  0.665734E-15  0.444762E-15  0.307340E-15  0.261076E-15  0.224228E-15  0.125094E-15  0.609280E-16  0.166110E-15  0.707984E-15  0.196953E-14  0.219706E-14  0.699087E-15  0.649852E-15  0.503501E-15  0.222317E-14  0.570246E-15  0.336693E-14  0.607258E-16  0.289752E-15  0.114914E-13  0.691736E-14  0.496047E-15  0.170286E-37  0.397010E-16  0.164914E-12  0.137206E-17  0.111131E-16  0.143252E-14  0.458535E-17  0.644751E-15  0.363240E-15  0.199108E-15  0.943512E-15  0.253167E-15  0.469051E-15  0.179480E-14  0.152052E-13  0.245608E-15  0.724374E-14
         165   880.488       15.0242      0.224955E-12  0.895109E-15  0.814210E-15  0.104438E-14  0.620939E-15  0.414671E-15  0.286695E-15  0.243691E-15  0.209431E-15  0.116972E-15  0.570280E-16  0.169885E-15  0.724797E-15  0.199984E-14  0.224052E-14  0.717102E-15  0.664303E-15  0.514362E-15  0.232803E-14  0.577489E-15  0.345116E-14  0.626699E-16  0.304567E-15  0.128097E-13  0.799072E-14  0.580327E-15  0.157311E-37  0.390528E-16  0.169620E-12  0.126845E-17  0.102682E-16  0.139164E-14  0.423815E-17  0.626420E-15  0.351755E-15  0.192359E-15  0.937099E-15  0.252761E-15  0.451369E-15  0.178300E-14  0.158455E-13  0.276647E-15  0.832329E-14
         166   943.788       15.8444      0.228720E-12  0.833954E-15  0.826441E-15  0.972700E-15  0.577997E-15  0.385662E-15  0.266959E-15  0.227155E-15  0.195298E-15  0.109179E-15  0.532946E-16  0.173194E-15  0.739565E-15  0.202470E-14  0.227612E-14  0.733074E-15  0.676971E-15  0.524052E-15  0.242986E-14  0.582871E-15  0.352305E-14  0.644157E-16  0.318686E-15  0.142182E-13  0.918572E-14  0.674667E-15  0.145294E-37  0.384226E-16  0.174423E-12  0.117230E-17  0.948556E-17  0.134821E-14  0.391624E-17  0.606943E-15  0.339603E-15  0.185282E-15  0.929608E-15  0.251809E-15  0.433144E-15  0.176765E-14  0.164831E-13  0.310956E-15  0.953089E-14
         167   1011.64       16.7219      0.232566E-12  0.776620E-15  0.836434E-15  0.905424E-15  0.537773E-15  0.359026E-15  0.248630E-15  0.211469E-15  0.181773E-15  0.101802E-15  0.497381E-16  0.176000E-15  0.752117E-15  0.204389E-14  0.230340E-14  0.746818E-15  0.687727E-15  0.532526E-15  0.252773E-14  0.586344E-15  0.358139E-14  0.659602E-16  0.331957E-15  0.157143E-13  0.105086E-13  0.779530E-15  0.133908E-37  0.378240E-16  0.179317E-12  0.108132E-17  0.874381E-17  0.130291E-14  0.361136E-17  0.586634E-15  0.326989E-15  0.177998E-15  0.921208E-15  0.250309E-15  0.414653E-15  0.174911E-14  0.171152E-13  0.348722E-15  0.108752E-13
         168   1084.37       17.6637      0.236487E-12  0.722288E-15  0.844097E-15  0.841767E-15  0.499877E-15  0.333602E-15  0.231084E-15  0.196654E-15  0.169135E-15  0.948007E-16  0.463521E-16  0.178296E-15  0.762426E-15  0.205721E-14  0.232249E-14  0.758313E-15  0.696608E-15  0.539860E-15  0.262164E-14  0.587932E-15  0.362668E-14  0.672731E-16  0.344397E-15  0.173027E-13  0.119707E-13  0.895732E-15  0.123584E-37  0.372484E-16  0.184313E-12  0.998510E-18  0.807089E-17  0.125536E-14  0.333425E-17  0.565309E-15  0.313816E-15  0.170445E-15  0.911786E-15  0.248211E-15  0.395733E-15  0.172705E-14  0.177423E-13  0.390290E-15  0.123704E-13
         169   1162.32       18.6733      0.240464E-12  0.671556E-15  0.849213E-15  0.782515E-15  0.464742E-15  0.309864E-15  0.214573E-15  0.182768E-15  0.157442E-15  0.882602E-16  0.431584E-16  0.180042E-15  0.770324E-15  0.206438E-14  0.233307E-14  0.767382E-15  0.703506E-15  0.546034E-15  0.271059E-14  0.587617E-15  0.365817E-14  0.683379E-16  0.355867E-15  0.189783E-13  0.135769E-13  0.102358E-14  0.114341E-37  0.367032E-16  0.189394E-12  0.924296E-18  0.746843E-17  0.120601E-14  0.308604E-17  0.543178E-15  0.300228E-15  0.162703E-15  0.901438E-15  0.245502E-15  0.376565E-15  0.170163E-14  0.183605E-13  0.435800E-15  0.140247E-13
         170   1245.88       19.7613      0.244518E-12  0.622975E-15  0.851847E-15  0.725665E-15  0.430895E-15  0.287230E-15  0.198956E-15  0.169532E-15  0.146088E-15  0.819567E-16  0.401039E-16  0.181263E-15  0.775900E-15  0.206584E-14  0.233555E-14  0.774099E-15  0.708537E-15  0.551199E-15  0.279451E-14  0.585567E-15  0.367620E-14  0.691612E-16  0.366351E-15  0.207430E-13  0.153376E-13  0.116378E-14  0.105372E-37  0.362098E-16  0.194598E-12  0.852186E-18  0.688343E-17  0.115582E-14  0.284489E-17  0.520670E-15  0.286479E-15  0.154919E-15  0.890573E-15  0.242255E-15  0.357488E-15  0.167365E-14  0.189724E-13  0.485544E-15  0.158518E-13
         171   1335.45       20.9344      0.248632E-12  0.576768E-15  0.851900E-15  0.671556E-15  0.398647E-15  0.265718E-15  0.184260E-15  0.157039E-15  0.135227E-15  0.758995E-16  0.371863E-16  0.181945E-15  0.779098E-15  0.206151E-14  0.233005E-14  0.778403E-15  0.711693E-15  0.555410E-15  0.287289E-14  0.581837E-15  0.368085E-14  0.697272E-16  0.375802E-15  0.225935E-13  0.172596E-13  0.131672E-14  0.968036E-38  0.357697E-16  0.199921E-12  0.783177E-18  0.632436E-17  0.110499E-14  0.261421E-17  0.497872E-15  0.272637E-15  0.147128E-15  0.879256E-15  0.238466E-15  0.338562E-15  0.164316E-14  0.195761E-13  0.539686E-15  0.178625E-13
         172   1431.46       22.1943      0.252755E-12  0.534106E-15  0.849070E-15  0.621785E-15  0.369090E-15  0.245898E-15  0.170395E-15  0.145305E-15  0.125290E-15  0.703983E-16  0.344954E-16  0.182021E-15  0.779634E-15  0.205074E-14  0.231597E-14  0.780005E-15  0.712755E-15  0.558557E-15  0.294432E-14  0.576316E-15  0.367110E-14  0.700172E-16  0.384047E-15  0.245193E-13  0.193434E-13  0.148231E-14  0.893570E-38  0.353753E-16  0.205317E-12  0.723326E-18  0.583884E-17  0.105350E-14  0.241409E-17  0.474775E-15  0.258721E-15  0.139338E-15  0.867363E-15  0.234076E-15  0.319784E-15  0.160980E-14  0.201638E-13  0.598159E-15  0.200609E-13
         173   1534.37       23.5594      0.256934E-12  0.493630E-15  0.843641E-15  0.574521E-15  0.340978E-15  0.227132E-15  0.157423E-15  0.134282E-15  0.115812E-15  0.651071E-16  0.319192E-16  0.181558E-15  0.777800E-15  0.203422E-14  0.229443E-14  0.779196E-15  0.711991E-15  0.560895E-15  0.300983E-14  0.569246E-15  0.364857E-14  0.700561E-16  0.391271E-15  0.265307E-13  0.216057E-13  0.166168E-14  0.821754E-38  0.350411E-16  0.210858E-12  0.665426E-18  0.537010E-17  0.100167E-14  0.222063E-17  0.451526E-15  0.244801E-15  0.131581E-15  0.855236E-15  0.229173E-15  0.301239E-15  0.157404E-14  0.207425E-13  0.661357E-15  0.224680E-13
         174   1644.68       25.0385      0.261144E-12  0.455463E-15  0.835521E-15  0.529972E-15  0.314445E-15  0.209483E-15  0.145325E-15  0.123955E-15  0.106830E-15  0.600570E-16  0.294638E-16  0.180544E-15  0.773542E-15  0.201199E-14  0.226555E-14  0.775912E-15  0.709381E-15  0.562474E-15  0.306868E-14  0.560705E-15  0.361332E-14  0.698360E-16  0.397395E-15  0.286199E-13  0.240502E-13  0.185493E-14  0.752958E-38  0.347709E-16  0.216538E-12  0.609959E-18  0.492108E-17  0.949968E-15  0.203540E-17  0.428325E-15  0.231009E-15  0.123932E-15  0.843021E-15  0.223780E-15  0.283071E-15  0.153611E-14  0.213090E-13  0.729228E-15  0.250919E-13
         175   1762.91       26.6350      0.265332E-12  0.419956E-15  0.824725E-15  0.488476E-15  0.289832E-15  0.193016E-15  0.133875E-15  0.114255E-15  0.985907E-16  0.554812E-16  0.272215E-16  0.178960E-15  0.766789E-15  0.198393E-14  0.222949E-14  0.770074E-15  0.704856E-15  0.563278E-15  0.311994E-14  0.550735E-15  0.356546E-14  0.693543E-16  0.402357E-15  0.307708E-13  0.266701E-13  0.206131E-14  0.692920E-38  0.345623E-16  0.222318E-12  0.561523E-18  0.452892E-17  0.898589E-15  0.187339E-17  0.405264E-15  0.217412E-15  0.116422E-15  0.830761E-15  0.217909E-15  0.265339E-15  0.149597E-14  0.218563E-13  0.801382E-15  0.279296E-13
         176   1889.65       28.3721      0.269528E-12  0.386429E-15  0.811278E-15  0.449471E-15  0.266611E-15  0.177615E-15  0.123144E-15  0.105071E-15  0.906095E-16  0.510135E-16  0.250468E-16  0.176831E-15  0.757646E-15  0.195036E-14  0.218670E-14  0.761784E-15  0.698524E-15  0.563459E-15  0.316398E-14  0.539458E-15  0.350565E-14  0.686200E-16  0.406210E-15  0.329928E-13  0.294851E-13  0.228223E-14  0.635088E-38  0.344276E-16  0.228260E-12  0.514743E-18  0.415134E-17  0.847803E-15  0.171736E-17  0.382464E-15  0.204071E-15  0.109084E-15  0.818700E-15  0.211608E-15  0.248121E-15  0.145387E-14  0.223882E-13  0.878112E-15  0.310059E-13
         177   2025.50       30.2574      0.273700E-12  0.355325E-15  0.795343E-15  0.413227E-15  0.245088E-15  0.163244E-15  0.113198E-15  0.966095E-16  0.833327E-16  0.469320E-16  0.230498E-16  0.174172E-15  0.746184E-15  0.191149E-14  0.213771E-14  0.751109E-15  0.690411E-15  0.563052E-15  0.320045E-14  0.526974E-15  0.343464E-14  0.676494E-16  0.408980E-15  0.352722E-13  0.324877E-13  0.251687E-14  0.582109E-38  0.343621E-16  0.234346E-12  0.471918E-18  0.380531E-17  0.797761E-15  0.157438E-17  0.359991E-15  0.191029E-15  0.101939E-15  0.806934E-15  0.204927E-15  0.231432E-15  0.140989E-14  0.229002E-13  0.958890E-15  0.343164E-13
         178   2171.12       32.3065      0.277831E-12  0.326538E-15  0.777059E-15  0.379645E-15  0.225188E-15  0.149928E-15  0.104018E-15  0.888306E-16  0.766939E-16  0.431852E-16  0.212030E-16  0.171009E-15  0.732527E-15  0.186774E-14  0.208316E-14  0.738165E-15  0.680608E-15  0.562163E-15  0.322914E-14  0.513446E-15  0.335339E-14  0.664558E-16  0.410687E-15  0.375991E-13  0.356768E-13  0.276493E-14  0.532593E-38  0.343722E-16  0.240582E-12  0.431898E-18  0.348197E-17  0.748868E-15  0.144080E-17  0.338028E-15  0.178391E-15  0.950412E-16  0.795692E-15  0.197932E-15  0.215387E-15  0.136433E-14  0.233898E-13  0.104329E-14  0.378642E-13
         179   2327.20       34.5367      0.281905E-12  0.299086E-15  0.756549E-15  0.347720E-15  0.206184E-15  0.137228E-15  0.952015E-16  0.813180E-16  0.702015E-16  0.395649E-16  0.194426E-16  0.167366E-15  0.716781E-15  0.181942E-14  0.202351E-14  0.723055E-15  0.669166E-15  0.560841E-15  0.325011E-14  0.498961E-15  0.326261E-14  0.650568E-16  0.411365E-15  0.399684E-13  0.390522E-13  0.302630E-14  0.487561E-38  0.344603E-16  0.246985E-12  0.395598E-18  0.318802E-17  0.701277E-15  0.131946E-17  0.316641E-15  0.166192E-15  0.884068E-16  0.785094E-15  0.190673E-15  0.200017E-15  0.131734E-14  0.238556E-13  0.113086E-14  0.416521E-13
         180   2494.51       36.9749      0.285930E-12  0.273909E-15  0.733914E-15  0.318415E-15  0.188794E-15  0.125645E-15  0.871712E-16  0.744673E-16  0.642930E-16  0.362429E-16  0.178139E-16  0.163252E-15  0.698991E-15  0.176657E-14  0.195907E-14  0.705827E-15  0.656090E-15  0.559131E-15  0.326341E-14  0.483546E-15  0.316286E-14  0.634501E-16  0.411076E-15  0.423813E-13  0.426250E-13  0.330167E-14  0.445476E-38  0.346292E-16  0.253585E-12  0.361497E-18  0.291296E-17  0.654828E-15  0.120568E-17  0.295758E-15  0.154378E-15  0.820012E-16  0.775236E-15  0.183173E-15  0.185245E-15  0.126877E-14  0.242962E-13  0.122141E-14  0.456959E-13
         181   2673.84       39.6422      0.289879E-12  0.250690E-15  0.709358E-15  0.291402E-15  0.172774E-15  0.115029E-15  0.798020E-16  0.681506E-16  0.588165E-16  0.331562E-16  0.162984E-16  0.158701E-15  0.679311E-15  0.170967E-14  0.189048E-14  0.686626E-15  0.641456E-15  0.557086E-15  0.326885E-14  0.467340E-15  0.305515E-14  0.616621E-16  0.409841E-15  0.448237E-13  0.463864E-13  0.359019E-14  0.406724E-38  0.348829E-16  0.260379E-12  0.330070E-18  0.265961E-17  0.609893E-15  0.110083E-17  0.275547E-15  0.143046E-15  0.758762E-16  0.766325E-15  0.175509E-15  0.171170E-15  0.121894E-14  0.247076E-13  0.131412E-14  0.499898E-13
         182   2866.07       42.5608      0.293744E-12  0.228876E-15  0.683205E-15  0.265992E-15  0.157722E-15  0.104968E-15  0.728439E-16  0.622356E-16  0.537529E-16  0.303043E-16  0.148950E-16  0.153782E-15  0.658045E-15  0.164953E-14  0.181875E-14  0.665760E-15  0.625470E-15  0.554821E-15  0.326699E-14  0.450561E-15  0.294121E-14  0.597168E-16  0.407775E-15  0.472856E-13  0.503252E-13  0.389092E-14  0.370197E-38  0.352201E-16  0.267382E-12  0.300422E-18  0.242092E-17  0.566593E-15  0.100205E-17  0.256063E-15  0.132213E-15  0.700343E-16  0.758535E-15  0.167766E-15  0.157786E-15  0.116816E-14  0.250887E-13  0.140807E-14  0.545236E-13
         183   3072.11       45.7459      0.297490E-12  0.208543E-15  0.655702E-15  0.242349E-15  0.143676E-15  0.956022E-16  0.663421E-16  0.566925E-16  0.489595E-16  0.276164E-16  0.135822E-16  0.148523E-15  0.635315E-15  0.158647E-14  0.174427E-14  0.643344E-15  0.608161E-15  0.552293E-15  0.325757E-14  0.433261E-15  0.282158E-14  0.576455E-16  0.404875E-15  0.497480E-13  0.544193E-13  0.420213E-14  0.337002E-38  0.356466E-16  0.274561E-12  0.273509E-18  0.220381E-17  0.525258E-15  0.912326E-18  0.237456E-15  0.121962E-15  0.645272E-16  0.752008E-15  0.160007E-15  0.145197E-15  0.111680E-14  0.254334E-13  0.150210E-14  0.592739E-13
         184   3292.97       49.2543      0.301141E-12  0.189869E-15  0.626844E-15  0.220635E-15  0.130796E-15  0.870280E-16  0.603938E-16  0.516124E-16  0.445745E-16  0.251458E-16  0.123684E-16  0.142926E-15  0.611140E-15  0.152049E-14  0.166712E-14  0.619406E-15  0.589504E-15  0.549519E-15  0.324086E-14  0.415420E-15  0.269670E-14  0.554387E-16  0.401206E-15  0.522234E-13  0.586938E-13  0.452567E-14  0.306448E-38  0.361637E-16  0.281982E-12  0.248737E-18  0.200405E-17  0.485486E-15  0.829654E-18  0.219544E-15  0.112178E-15  0.592805E-16  0.746801E-15  0.152228E-15  0.133245E-15  0.106449E-14  0.257425E-13  0.159621E-14  0.642727E-13
         185   3529.71       53.1230      0.304667E-12  0.172630E-15  0.596957E-15  0.200610E-15  0.118916E-15  0.791215E-16  0.549011E-16  0.469158E-16  0.405193E-16  0.228561E-16  0.112417E-16  0.137048E-15  0.585773E-15  0.145226E-14  0.158813E-14  0.594192E-15  0.569642E-15  0.546532E-15  0.321693E-14  0.397205E-15  0.256798E-14  0.531254E-16  0.396824E-15  0.546938E-13  0.631295E-13  0.486000E-14  0.278605E-38  0.367757E-16  0.289632E-12  0.226193E-18  0.182199E-17  0.447585E-15  0.754340E-18  0.202465E-15  0.102934E-15  0.543316E-16  0.743137E-15  0.144515E-15  0.122003E-15  0.101167E-14  0.260110E-13  0.168913E-14  0.695012E-13
         186   3783.46       57.3690      0.308059E-12  0.156751E-15  0.566483E-15  0.182136E-15  0.107972E-15  0.718463E-16  0.498642E-16  0.426105E-16  0.367970E-16  0.207564E-16  0.102096E-16  0.130976E-15  0.559585E-15  0.138266E-14  0.150826E-14  0.568085E-15  0.548820E-15  0.543326E-15  0.318661E-14  0.378785E-15  0.243702E-14  0.507412E-16  0.391850E-15  0.571413E-13  0.676873E-13  0.520230E-14  0.252449E-38  0.374831E-16  0.297472E-12  0.204980E-18  0.165101E-17  0.411647E-15  0.683529E-18  0.186264E-15  0.942319E-16  0.496914E-16  0.741104E-15  0.136949E-15  0.111470E-15  0.958820E-15  0.262371E-13  0.177944E-14  0.749130E-13
         187   4055.46       62.0676      0.311313E-12  0.141949E-15  0.535437E-15  0.164921E-15  0.977632E-16  0.650438E-16  0.451417E-16  0.385841E-16  0.333289E-16  0.188071E-16  0.925391E-17  0.124711E-15  0.532583E-15  0.131174E-14  0.142747E-14  0.541089E-15  0.527010E-15  0.539867E-15  0.314977E-14  0.360148E-15  0.230407E-14  0.482921E-16  0.386281E-15  0.595690E-13  0.723804E-13  0.555354E-14  0.228256E-38  0.382907E-16  0.305538E-12  0.185328E-18  0.149283E-17  0.377581E-15  0.618001E-18  0.170899E-15  0.860519E-16  0.453303E-16  0.740850E-15  0.129538E-15  0.101607E-15  0.905881E-15  0.264181E-13  0.186669E-14  0.805264E-13
         188   4347.01       67.2587      0.314407E-12  0.128335E-15  0.504224E-15  0.149107E-15  0.883751E-16  0.587915E-16  0.408025E-16  0.348763E-16  0.301254E-16  0.170009E-16  0.836590E-17  0.118325E-15  0.505089E-15  0.124022E-14  0.134672E-14  0.513532E-15  0.504408E-15  0.536111E-15  0.310694E-14  0.341449E-15  0.217064E-14  0.458007E-16  0.380228E-15  0.619588E-13  0.771738E-13  0.591115E-14  0.206255E-38  0.392016E-16  0.313782E-12  0.167477E-18  0.134907E-17  0.345480E-15  0.558485E-18  0.156414E-15  0.783991E-16  0.412639E-16  0.742493E-15  0.122352E-15  0.924179E-16  0.853193E-15  0.265512E-13  0.194963E-14  0.863018E-13
         189   4659.52       73.0259      0.317347E-12  0.115883E-15  0.472875E-15  0.134636E-15  0.797961E-16  0.530833E-16  0.368413E-16  0.314912E-16  0.272019E-16  0.153518E-16  0.755474E-17  0.111827E-15  0.477136E-15  0.116818E-14  0.126591E-14  0.485453E-15  0.481036E-15  0.531990E-15  0.305821E-14  0.322672E-15  0.203686E-14  0.432752E-16  0.373695E-15  0.643140E-13  0.820715E-13  0.627554E-14  0.186155E-38  0.402223E-16  0.322221E-12  0.151161E-18  0.121759E-17  0.315192E-15  0.504067E-18  0.142741E-15  0.712332E-16  0.374614E-16  0.746137E-15  0.115385E-15  0.838434E-16  0.800786E-15  0.266344E-13  0.202780E-14  0.922442E-13
         190   4994.51       79.4338      0.320100E-12  0.104488E-15  0.441859E-15  0.121388E-15  0.719472E-16  0.478647E-16  0.332194E-16  0.283945E-16  0.245272E-16  0.138416E-16  0.681083E-17  0.105311E-15  0.449130E-15  0.109661E-14  0.118618E-14  0.457261E-15  0.457182E-15  0.527463E-15  0.300421E-14  0.304044E-15  0.190472E-14  0.407513E-16  0.366791E-15  0.666109E-13  0.870257E-13  0.664321E-14  0.167832E-38  0.413560E-16  0.330786E-12  0.136288E-18  0.109781E-17  0.286930E-15  0.454473E-18  0.129976E-15  0.645942E-16  0.339438E-16  0.751966E-15  0.108727E-15  0.759236E-16  0.749244E-15  0.266642E-13  0.209959E-14  0.982983E-13
         191   5353.56       86.5919      0.322682E-12  0.940151E-16  0.411141E-15  0.109223E-15  0.647389E-16  0.430696E-16  0.298913E-16  0.255494E-16  0.220693E-16  0.124541E-16  0.612795E-17  0.987759E-16  0.421069E-15  0.102542E-14  0.110731E-14  0.428962E-15  0.432824E-15  0.522372E-15  0.294522E-14  0.285484E-15  0.177387E-14  0.382291E-16  0.359533E-15  0.688593E-13  0.920418E-13  0.701478E-14  0.150984E-38  0.426067E-16  0.339488E-12  0.122616E-18  0.987656E-18  0.260387E-15  0.408902E-18  0.117983E-15  0.584028E-16  0.306682E-16  0.760033E-15  0.102343E-15  0.685546E-16  0.698395E-15  0.266412E-13  0.216488E-14  0.104469E-12
         192   5738.44       94.6015      0.325072E-12  0.844070E-16  0.381001E-15  0.980580E-16  0.581217E-16  0.386656E-16  0.268388E-16  0.229420E-16  0.198191E-16  0.111843E-16  0.550321E-17  0.922743E-16  0.393178E-15  0.955142E-15  0.102989E-14  0.400789E-15  0.408177E-15  0.516669E-15  0.288157E-14  0.267136E-15  0.164569E-14  0.357176E-16  0.351979E-15  0.710471E-13  0.970894E-13  0.738806E-14  0.135401E-38  0.439849E-16  0.348270E-12  0.109965E-18  0.885667E-18  0.235633E-15  0.366713E-18  0.106792E-15  0.526636E-16  0.276371E-16  0.770508E-15  0.962706E-16  0.617437E-16  0.648581E-15  0.265635E-13  0.222280E-14  0.110721E-12
         193   6150.99       103.584      0.327252E-12  0.755508E-16  0.351659E-15  0.877604E-16  0.520171E-16  0.346014E-16  0.240172E-16  0.205303E-16  0.177366E-16  0.100155E-16  0.493071E-17  0.858646E-16  0.365703E-15  0.886318E-15  0.954433E-15  0.372996E-15  0.383414E-15  0.510197E-15  0.281386E-14  0.249095E-15  0.152065E-14  0.332518E-16  0.344189E-15  0.731638E-13  0.102134E-12  0.776065E-14  0.121096E-38  0.454972E-16  0.357068E-12  0.983408E-19  0.792004E-18  0.212649E-15  0.327939E-18  0.963987E-16  0.473695E-16  0.248423E-16  0.783507E-15  0.905318E-16  0.554830E-16  0.600106E-15  0.264296E-13  0.227243E-14  0.117011E-12
         194   6593.19       113.702      0.329204E-12  0.675155E-16  0.323245E-15  0.784361E-16  0.464803E-16  0.309166E-16  0.214572E-16  0.183446E-16  0.158453E-16  0.894606E-17  0.440290E-17  0.795723E-16  0.338758E-15  0.819263E-15  0.881178E-15  0.345693E-15  0.358650E-15  0.502818E-15  0.274231E-14  0.231424E-15  0.139974E-14  0.308359E-16  0.336197E-15  0.752031E-13  0.107151E-12  0.813080E-14  0.108246E-38  0.471492E-16  0.365824E-12  0.879004E-19  0.707882E-18  0.191405E-15  0.293120E-18  0.867861E-16  0.425042E-16  0.222817E-16  0.799202E-15  0.851425E-16  0.497428E-16  0.553163E-15  0.262383E-13  0.231313E-14  0.123309E-12
         195   7067.18       125.144      0.330937E-12  0.601685E-16  0.295703E-15  0.698959E-16  0.414203E-16  0.275538E-16  0.191239E-16  0.163479E-16  0.141223E-16  0.797122E-17  0.392300E-17  0.733895E-16  0.312302E-15  0.753718E-15  0.809903E-15  0.318855E-15  0.333934E-15  0.494408E-15  0.266709E-14  0.214071E-15  0.128241E-14  0.284579E-16  0.327995E-15  0.771763E-13  0.112141E-12  0.849875E-14  0.964917E-39  0.489510E-16  0.374510E-12  0.783579E-19  0.630973E-18  0.171636E-15  0.261280E-18  0.778354E-16  0.380071E-16  0.199127E-16  0.817680E-15  0.800317E-16  0.444301E-16  0.507577E-15  0.259920E-13  0.234529E-14  0.129612E-12
         196   7575.25       138.097      0.332412E-12  0.535182E-16  0.269365E-15  0.621701E-16  0.368422E-16  0.245083E-16  0.170102E-16  0.145410E-16  0.125615E-16  0.709028E-17  0.348947E-17  0.674008E-16  0.286698E-15  0.690599E-15  0.741443E-15  0.292852E-15  0.309533E-15  0.484822E-15  0.258896E-14  0.197232E-15  0.116999E-14  0.261591E-16  0.319670E-15  0.790604E-13  0.117043E-12  0.885988E-14  0.858266E-39  0.509136E-16  0.383005E-12  0.696941E-19  0.561227E-18  0.153450E-15  0.232392E-18  0.696017E-16  0.338887E-16  0.177473E-16  0.839117E-15  0.752604E-16  0.395869E-16  0.463843E-15  0.256889E-13  0.236754E-14  0.135840E-12
 
 
