

Mean energy (eV)
COMMENT: generated by bolsig_convert.py
-----------------------
1.000000000000000021e-02 3.972610000000000030e-02
1.071889999999999996e-02 3.984999999999999654e-02
1.148949999999999971e-02 3.998990000000000183e-02
1.231550000000000006e-02 4.014779999999999738e-02
1.320089999999999979e-02 4.032619999999999955e-02
1.414989999999999998e-02 4.052759999999999696e-02
1.516720000000000047e-02 4.075499999999999956e-02
1.625760000000000052e-02 4.101189999999999697e-02
1.742629999999999874e-02 4.130199999999999844e-02
1.867910000000000056e-02 4.162960000000000271e-02
2.002200000000000160e-02 4.199950000000000211e-02
2.146139999999999853e-02 4.241700000000000331e-02
2.300429999999999836e-02 4.288800000000000251e-02
2.465809999999999877e-02 4.341930000000000095e-02
2.643080000000000082e-02 4.401710000000000345e-02
2.833099999999999855e-02 4.469150000000000206e-02
3.036770000000000094e-02 4.545029999999999903e-02
3.255090000000000067e-02 4.630329999999999863e-02
3.489099999999999840e-02 4.726090000000000152e-02
3.739939999999999931e-02 4.833459999999999840e-02
4.008810000000000151e-02 4.953640000000000126e-02
4.297000000000000125e-02 5.087889999999999774e-02
4.605920000000000153e-02 5.237569999999999726e-02
4.937049999999999772e-02 5.404069999999999707e-02
5.291980000000000295e-02 5.588769999999999849e-02
5.672429999999999833e-02 5.793050000000000282e-02
6.080220000000000069e-02 6.018190000000000345e-02
6.517340000000000633e-02 6.265360000000000373e-02
6.985879999999999868e-02 6.535509999999999931e-02
7.488100000000000311e-02 6.829269999999999785e-02
8.026429999999999676e-02 7.146829999999999850e-02
8.603470000000000562e-02 7.487449999999999661e-02
9.221980000000000455e-02 7.850930000000000408e-02
9.884959999999999580e-02 8.235130000000000228e-02
1.059559999999999946e-01 8.637530000000000208e-02
1.135729999999999934e-01 9.054840000000000111e-02
1.217379999999999990e-01 9.483260000000000300e-02
1.304899999999999949e-01 9.918509999999999827e-02
1.398709999999999953e-01 1.035630000000000023e-01
1.499270000000000047e-01 1.079249999999999932e-01
1.607049999999999867e-01 1.122350000000000014e-01
1.722589999999999955e-01 1.165090000000000015e-01
1.846430000000000016e-01 1.206480000000000052e-01
1.979170000000000096e-01 1.246840000000000032e-01
2.121450000000000002e-01 1.286170000000000091e-01
2.273969999999999880e-01 1.324569999999999914e-01
2.437439999999999884e-01 1.362220000000000097e-01
2.612680000000000002e-01 1.399330000000000018e-01
2.800500000000000211e-01 1.436020000000000074e-01
3.001840000000000064e-01 1.472839999999999983e-01
3.217639999999999945e-01 1.509919999999999873e-01
3.448959999999999804e-01 1.547520000000000007e-01
3.696909999999999918e-01 1.585799999999999987e-01
3.962689999999999824e-01 1.625089999999999868e-01
4.247569999999999957e-01 1.665600000000000136e-01
4.552939999999999765e-01 1.707519999999999871e-01
4.880249999999999866e-01 1.751659999999999884e-01
5.231099999999999639e-01 1.797140000000000126e-01
5.607170000000000210e-01 1.844610000000000138e-01
6.010280000000000067e-01 1.894240000000000090e-01
6.442360000000000309e-01 1.945089999999999875e-01
6.905510000000000259e-01 1.999519999999999909e-01
7.401959999999999651e-01 2.056870000000000087e-01
7.934099999999999486e-01 2.117499999999999938e-01
8.504490000000000105e-01 2.181810000000000138e-01
9.115889999999999826e-01 2.250330000000000108e-01
9.771239999999999926e-01 2.322200000000000097e-01
1.047369999999999912e+00 2.401060000000000139e-01
1.122670000000000057e+00 2.486480000000000079e-01
1.203379999999999894e+00 2.579589999999999939e-01
1.289889999999999981e+00 2.681740000000000235e-01
1.382619999999999960e+00 2.794479999999999742e-01
1.482019999999999893e+00 2.919570000000000221e-01
1.588559999999999972e+00 3.058839999999999892e-01
1.702769999999999895e+00 3.214190000000000103e-01
1.825180000000000025e+00 3.387330000000000063e-01
1.956399999999999917e+00 3.579689999999999817e-01
2.097049999999999859e+00 3.790459999999999940e-01
2.247809999999999864e+00 4.023070000000000257e-01
2.409400000000000208e+00 4.275390000000000024e-01
2.582619999999999916e+00 4.545839999999999881e-01
2.768289999999999917e+00 4.832020000000000204e-01
2.967299999999999827e+00 5.130730000000000013e-01
3.180629999999999846e+00 5.438290000000000068e-01
3.409289999999999932e+00 5.750729999999999453e-01
3.654380000000000184e+00 6.064079999999999471e-01
3.917100000000000026e+00 6.374600000000000266e-01
4.198710000000000164e+00 6.678969999999999629e-01
4.500560000000000116e+00 6.974369999999999736e-01
4.824110000000000120e+00 7.258580000000000032e-01
5.170919999999999739e+00 7.529949999999999699e-01
5.542659999999999698e+00 7.787359999999999838e-01
5.941130000000000244e+00 8.029760000000000231e-01
6.368249999999999744e+00 8.257769999999999833e-01
6.826069999999999638e+00 8.471070000000000544e-01
7.316810000000000258e+00 8.669980000000000464e-01
7.842819999999999681e+00 8.855039999999999578e-01
8.406650000000000844e+00 9.026920000000000499e-01
9.011020000000000252e+00 9.186379999999999546e-01
9.658830000000000027e+00 9.332679999999999865e-01
1.035319999999999929e+01 9.470009999999999817e-01
1.109750000000000014e+01 9.597419999999999840e-01
1.189530000000000065e+01 9.714220000000000077e-01
1.275050000000000061e+01 9.826470000000000482e-01
1.366719999999999935e+01 9.931889999999999885e-01
1.464969999999999928e+01 1.002629999999999910e+00
1.570289999999999964e+01 1.012369999999999992e+00
1.683180000000000121e+01 1.020899999999999919e+00
1.804189999999999827e+01 1.029169999999999918e+00
1.933889999999999887e+01 1.036969999999999947e+00
2.072919999999999874e+01 1.044610000000000039e+00
2.221950000000000003e+01 1.052070000000000061e+00
2.381690000000000040e+01 1.059490000000000043e+00
2.552909999999999968e+01 1.066850000000000076e+00
2.736439999999999984e+01 1.074640000000000040e+00
2.933170000000000144e+01 1.082910000000000039e+00
3.144040000000000035e+01 1.091990000000000016e+00
3.370060000000000144e+01 1.102670000000000039e+00
3.612339999999999662e+01 1.115029999999999966e+00
3.872039999999999793e+01 1.130319999999999991e+00
4.150399999999999778e+01 1.149909999999999988e+00
4.448780000000000001e+01 1.175210000000000088e+00
4.768610000000000326e+01 1.208380000000000010e+00
5.111430000000000007e+01 1.252250000000000085e+00
5.478900000000000148e+01 1.308829999999999938e+00
5.872789999999999822e+01 1.381320000000000103e+00
6.294989999999999952e+01 1.474369999999999958e+00
6.747539999999999338e+01 1.586870000000000003e+00
7.232630000000000337e+01 1.722180000000000044e+00
7.752599999999999625e+01 1.880770000000000053e+00
8.309940000000000282e+01 2.062720000000000109e+00
8.907349999999999568e+01 2.266459999999999919e+00
9.547719999999999629e+01 2.491260000000000030e+00
1.023409999999999940e+02 2.730459999999999887e+00
1.096989999999999981e+02 2.982489999999999863e+00
1.175849999999999937e+02 3.243780000000000108e+00
1.260379999999999967e+02 3.511699999999999822e+00
1.350989999999999895e+02 3.783659999999999801e+00
1.448120000000000118e+02 4.057210000000000427e+00
1.552230000000000132e+02 4.332690000000000374e+00
1.663820000000000050e+02 4.608990000000000364e+00
1.783429999999999893e+02 4.888010000000000410e+00
1.911639999999999873e+02 5.166669999999999874e+00
2.049070000000000107e+02 5.447980000000000267e+00
2.196390000000000100e+02 5.730439999999999756e+00
2.354290000000000020e+02 6.021340000000000359e+00
2.523540000000000134e+02 6.321489999999999831e+00
2.704959999999999809e+02 6.627779999999999561e+00
2.899420000000000073e+02 6.944480000000000430e+00
3.107869999999999777e+02 7.271670000000000300e+00
3.331299999999999955e+02 7.614729999999999777e+00
3.570779999999999745e+02 7.971790000000000376e+00
3.827490000000000236e+02 8.348309999999999675e+00
4.102660000000000196e+02 8.745430000000000703e+00
4.397599999999999909e+02 9.162819999999999965e+00
4.713750000000000000e+02 9.603379999999999583e+00
5.052629999999999768e+02 1.006980000000000075e+01
5.415869999999999891e+02 1.056349999999999945e+01
5.805230000000000246e+02 1.108789999999999942e+01
6.222569999999999482e+02 1.164540000000000042e+01
6.669919999999999618e+02 1.223780000000000001e+01
7.149429999999999836e+02 1.286819999999999986e+01
7.663410000000000082e+02 1.354049999999999976e+01
8.214349999999999454e+02 1.425760000000000005e+01
8.804880000000000564e+02 1.502420000000000044e+01
9.437880000000000109e+02 1.584440000000000026e+01
1.011639999999999986e+03 1.672190000000000154e+01
1.084369999999999891e+03 1.766369999999999862e+01
1.162319999999999936e+03 1.867330000000000112e+01
1.245880000000000109e+03 1.976129999999999853e+01
1.335450000000000045e+03 2.093440000000000012e+01
1.431460000000000036e+03 2.219429999999999836e+01
1.534369999999999891e+03 2.355940000000000012e+01
1.644680000000000064e+03 2.503849999999999909e+01
1.762910000000000082e+03 2.663500000000000156e+01
1.889650000000000091e+03 2.837209999999999965e+01
2.025500000000000000e+03 3.025740000000000052e+01
2.171119999999999891e+03 3.230649999999999977e+01
2.327199999999999818e+03 3.453670000000000329e+01
2.494510000000000218e+03 3.697489999999999810e+01
2.673840000000000146e+03 3.964220000000000255e+01
2.866070000000000164e+03 4.256080000000000041e+01
3.072110000000000127e+03 4.574589999999999890e+01
3.292969999999999800e+03 4.925430000000000064e+01
3.529710000000000036e+03 5.312299999999999756e+01
3.783460000000000036e+03 5.736899999999999977e+01
4.055460000000000036e+03 6.206759999999999877e+01
4.347010000000000218e+03 6.725870000000000459e+01
4.659520000000000437e+03 7.302589999999999293e+01
4.994510000000000218e+03 7.943380000000000507e+01
5.353560000000000400e+03 8.659189999999999543e+01
5.738439999999999600e+03 9.460150000000000148e+01
6.150989999999999782e+03 1.035840000000000032e+02
6.593189999999999600e+03 1.137019999999999982e+02
7.067180000000000291e+03 1.251440000000000055e+02
7.575250000000000000e+03 1.380970000000000084e+02
-----------------------


Mobility *N (1/m/V/s)
COMMENT: generated by bolsig_convert.py
-----------------------
1.000000000000000021e-02 4.046459999999999577e+25
1.071889999999999996e-02 4.024479999999999810e+25
1.148949999999999971e-02 4.000810000000000215e+25
1.231550000000000006e-02 3.975319999999999943e+25
1.320089999999999979e-02 3.947869999999999605e+25
1.414989999999999998e-02 3.918279999999999615e+25
1.516720000000000047e-02 3.886390000000000055e+25
1.625760000000000052e-02 3.852020000000000052e+25
1.742629999999999874e-02 3.814969999999999922e+25
1.867910000000000056e-02 3.775030000000000149e+25
2.002200000000000160e-02 3.732000000000000193e+25
2.146139999999999853e-02 3.685650000000000010e+25
2.300429999999999836e-02 3.635790000000000180e+25
2.465809999999999877e-02 3.582189999999999803e+25
2.643080000000000082e-02 3.524399999999999914e+25
2.833099999999999855e-02 3.462789999999999947e+25
3.036770000000000094e-02 3.396930000000000178e+25
3.255090000000000067e-02 3.326709999999999857e+25
3.489099999999999840e-02 3.252099999999999913e+25
3.739939999999999931e-02 3.173060000000000152e+25
4.008810000000000151e-02 3.089690000000000199e+25
4.297000000000000125e-02 3.002149999999999972e+25
4.605920000000000153e-02 2.910660000000000111e+25
4.937049999999999772e-02 2.815549999999999855e+25
5.291980000000000295e-02 2.717249999999999789e+25
5.672429999999999833e-02 2.616270000000000026e+25
6.080220000000000069e-02 2.513219999999999876e+25
6.517340000000000633e-02 2.408780000000000066e+25
6.985879999999999868e-02 2.303669999999999794e+25
7.488100000000000311e-02 2.198700000000000202e+25
8.026429999999999676e-02 2.094660000000000185e+25
8.603470000000000562e-02 1.992300000000000165e+25
9.221980000000000455e-02 1.892589999999999910e+25
9.884959999999999580e-02 1.796180000000000000e+25
1.059559999999999946e-01 1.703769999999999967e+25
1.135729999999999934e-01 1.615959999999999933e+25
1.217379999999999990e-01 1.533209999999999984e+25
1.304899999999999949e-01 1.455889999999999983e+25
1.398709999999999953e-01 1.384200000000000042e+25
1.499270000000000047e-01 1.318200000000000022e+25
1.607049999999999867e-01 1.257820000000000014e+25
1.722589999999999955e-01 1.202620000000000030e+25
1.846430000000000016e-01 1.152770000000000034e+25
1.979170000000000096e-01 1.107669999999999906e+25
2.121450000000000002e-01 1.066899999999999970e+25
2.273969999999999880e-01 1.030009999999999972e+25
2.437439999999999884e-01 9.965550000000000084e+24
2.612680000000000002e-01 9.660889999999999746e+24
2.800500000000000211e-01 9.382699999999999712e+24
3.001840000000000064e-01 9.125769999999999599e+24
3.217639999999999945e-01 8.887419999999999926e+24
3.448959999999999804e-01 8.664630000000000418e+24
3.696909999999999918e-01 8.453269999999999923e+24
3.962689999999999824e-01 8.254470000000000061e+24
4.247569999999999957e-01 8.064599999999999960e+24
4.552939999999999765e-01 7.882169999999999687e+24
4.880249999999999866e-01 7.706290000000000075e+24
5.231099999999999639e-01 7.534909999999999761e+24
5.607170000000000210e-01 7.368070000000000229e+24
6.010280000000000067e-01 7.205190000000000380e+24
6.442360000000000309e-01 7.045680000000000357e+24
6.905510000000000259e-01 6.889980000000000362e+24
7.401959999999999651e-01 6.737109999999999503e+24
7.934099999999999486e-01 6.586829999999999623e+24
8.504490000000000105e-01 6.438879999999999673e+24
9.115889999999999826e-01 6.293020000000000420e+24
9.771239999999999926e-01 6.150910000000000047e+24
1.047369999999999912e+00 6.008419999999999546e+24
1.122670000000000057e+00 5.867030000000000091e+24
1.203379999999999894e+00 5.726329999999999905e+24
1.289889999999999981e+00 5.585860000000000192e+24
1.382619999999999960e+00 5.445119999999999597e+24
1.482019999999999893e+00 5.303580000000000488e+24
1.588559999999999972e+00 5.160700000000000026e+24
1.702769999999999895e+00 5.016009999999999582e+24
1.825180000000000025e+00 4.869149999999999770e+24
1.956399999999999917e+00 4.719899999999999951e+24
2.097049999999999859e+00 4.567429999999999961e+24
2.247809999999999864e+00 4.413929999999999909e+24
2.409400000000000208e+00 4.258879999999999849e+24
2.582619999999999916e+00 4.103079999999999906e+24
2.768289999999999917e+00 3.947569999999999974e+24
2.967299999999999827e+00 3.793529999999999771e+24
3.180629999999999846e+00 3.642189999999999791e+24
3.409289999999999932e+00 3.494740000000000121e+24
3.654380000000000184e+00 3.352239999999999786e+24
3.917100000000000026e+00 3.215580000000000102e+24
4.198710000000000164e+00 3.085439999999999966e+24
4.500560000000000116e+00 2.962279999999999788e+24
4.824110000000000120e+00 2.846350000000000244e+24
5.170919999999999739e+00 2.737720000000000170e+24
5.542659999999999698e+00 2.636309999999999822e+24
5.941130000000000244e+00 2.542190000000000185e+24
6.368249999999999744e+00 2.454530000000000020e+24
6.826069999999999638e+00 2.373259999999999955e+24
7.316810000000000258e+00 2.298009999999999964e+24
7.842819999999999681e+00 2.228399999999999920e+24
8.406650000000000844e+00 2.164019999999999928e+24
9.011020000000000252e+00 2.104480000000000025e+24
9.658830000000000027e+00 2.049699999999999932e+24
1.035319999999999929e+01 1.998659999999999957e+24
1.109750000000000014e+01 1.951410000000000075e+24
1.189530000000000065e+01 1.908569999999999913e+24
1.275050000000000061e+01 1.867509999999999965e+24
1.366719999999999935e+01 1.828740000000000074e+24
1.464969999999999928e+01 1.793749999999999906e+24
1.570289999999999964e+01 1.760230000000000003e+24
1.683180000000000121e+01 1.729720000000000002e+24
1.804189999999999827e+01 1.700080000000000038e+24
1.933889999999999887e+01 1.673109999999999990e+24
2.072919999999999874e+01 1.648510000000000013e+24
2.221950000000000003e+01 1.623979999999999947e+24
2.381690000000000040e+01 1.600470000000000107e+24
2.552909999999999968e+01 1.575050000000000069e+24
2.736439999999999984e+01 1.553120000000000008e+24
2.933170000000000144e+01 1.531750000000000036e+24
3.144040000000000035e+01 1.510770000000000025e+24
3.370060000000000144e+01 1.493100000000000030e+24
3.612339999999999662e+01 1.472550000000000120e+24
3.872039999999999793e+01 1.452060000000000018e+24
4.150399999999999778e+01 1.428780000000000114e+24
4.448780000000000001e+01 1.408320000000000050e+24
4.768610000000000326e+01 1.387769999999999872e+24
5.111430000000000007e+01 1.368330000000000035e+24
5.478900000000000148e+01 1.347590000000000061e+24
5.872789999999999822e+01 1.326820000000000049e+24
6.294989999999999952e+01 1.305690000000000115e+24
6.747539999999999338e+01 1.285120000000000000e+24
7.232630000000000337e+01 1.264759999999999885e+24
7.752599999999999625e+01 1.244919999999999985e+24
8.309940000000000282e+01 1.225210000000000073e+24
8.907349999999999568e+01 1.205920000000000025e+24
9.547719999999999629e+01 1.186650000000000048e+24
1.023409999999999940e+02 1.168310000000000049e+24
1.096989999999999981e+02 1.150369999999999979e+24
1.175849999999999937e+02 1.132560000000000029e+24
1.260379999999999967e+02 1.115329999999999970e+24
1.350989999999999895e+02 1.098339999999999949e+24
1.448120000000000118e+02 1.081289999999999985e+24
1.552230000000000132e+02 1.064660000000000020e+24
1.663820000000000050e+02 1.048130000000000004e+24
1.783429999999999893e+02 1.032090000000000031e+24
1.911639999999999873e+02 1.015600000000000021e+24
2.049070000000000107e+02 9.991660000000000467e+23
2.196390000000000100e+02 9.822389999999999982e+23
2.354290000000000020e+02 9.659650000000000490e+23
2.523540000000000134e+02 9.498690000000000406e+23
2.704959999999999809e+02 9.336440000000000556e+23
2.899420000000000073e+02 9.174619999999999733e+23
3.107869999999999777e+02 9.011589999999999961e+23
3.331299999999999955e+02 8.851109999999999415e+23
3.570779999999999745e+02 8.687760000000000398e+23
3.827490000000000236e+02 8.528890000000000207e+23
4.102660000000000196e+02 8.372189999999999384e+23
4.397599999999999909e+02 8.214559999999999790e+23
4.713750000000000000e+02 8.057460000000000246e+23
5.052629999999999768e+02 7.901400000000000598e+23
5.415869999999999891e+02 7.745690000000000501e+23
5.805230000000000246e+02 7.591349999999999646e+23
6.222569999999999482e+02 7.438210000000000322e+23
6.669919999999999618e+02 7.285630000000000013e+23
7.149429999999999836e+02 7.133750000000000149e+23
7.663410000000000082e+02 6.983480000000000640e+23
8.214349999999999454e+02 6.833979999999999607e+23
8.804880000000000564e+02 6.686720000000000000e+23
9.437880000000000109e+02 6.541239999999999801e+23
1.011639999999999986e+03 6.396929999999999484e+23
1.084369999999999891e+03 6.255330000000000029e+23
1.162319999999999936e+03 6.114920000000000661e+23
1.245880000000000109e+03 5.978350000000000286e+23
1.335450000000000045e+03 5.845010000000000050e+23
1.431460000000000036e+03 5.712150000000000024e+23
1.534369999999999891e+03 5.584269999999999908e+23
1.644680000000000064e+03 5.460329999999999809e+23
1.762910000000000082e+03 5.337470000000000013e+23
1.889650000000000091e+03 5.219780000000000058e+23
2.025500000000000000e+03 5.104730000000000249e+23
2.171119999999999891e+03 4.992109999999999782e+23
2.327199999999999818e+03 4.882450000000000050e+23
2.494510000000000218e+03 4.777539999999999890e+23
2.673840000000000146e+03 4.676470000000000066e+23
2.866070000000000164e+03 4.578369999999999735e+23
3.072110000000000127e+03 4.481359999999999811e+23
3.292969999999999800e+03 4.389630000000000181e+23
3.529710000000000036e+03 4.302200000000000220e+23
3.783460000000000036e+03 4.216060000000000026e+23
4.055460000000000036e+03 4.134210000000000071e+23
4.347010000000000218e+03 4.055269999999999667e+23
4.659520000000000437e+03 3.980750000000000160e+23
4.994510000000000218e+03 3.908899999999999764e+23
5.353560000000000400e+03 3.842089999999999893e+23
5.738439999999999600e+03 3.779420000000000068e+23
6.150989999999999782e+03 3.720540000000000068e+23
6.593189999999999600e+03 3.666200000000000178e+23
7.067180000000000291e+03 3.617900000000000299e+23
7.575250000000000000e+03 3.573580000000000173e+23
-----------------------


Diffusion coefficient *N (1/m/s)
COMMENT: generated by bolsig_convert.py
-----------------------
1.000000000000000021e-02 1.117099999999999947e+24
1.071889999999999996e-02 1.117500000000000009e+24
1.148949999999999971e-02 1.117939999999999944e+24
1.231550000000000006e-02 1.118410000000000052e+24
1.320089999999999979e-02 1.118929999999999999e+24
1.414989999999999998e-02 1.119479999999999985e+24
1.516720000000000047e-02 1.120090000000000048e+24
1.625760000000000052e-02 1.120749999999999950e+24
1.742629999999999874e-02 1.121470000000000063e+24
1.867910000000000056e-02 1.122249999999999985e+24
2.002200000000000160e-02 1.123089999999999983e+24
2.146139999999999853e-02 1.124009999999999993e+24
2.300429999999999836e-02 1.125000000000000048e+24
2.465809999999999877e-02 1.126079999999999950e+24
2.643080000000000082e-02 1.127140000000000049e+24
2.833099999999999855e-02 1.128400000000000046e+24
3.036770000000000094e-02 1.129759999999999992e+24
3.255090000000000067e-02 1.131220000000000020e+24
3.489099999999999840e-02 1.132789999999999965e+24
3.739939999999999931e-02 1.134459999999999993e+24
4.008810000000000151e-02 1.136260000000000007e+24
4.297000000000000125e-02 1.138169999999999939e+24
4.605920000000000153e-02 1.140209999999999991e+24
4.937049999999999772e-02 1.142359999999999960e+24
5.291980000000000295e-02 1.144640000000000050e+24
5.672429999999999833e-02 1.147040000000000025e+24
6.080220000000000069e-02 1.149569999999999987e+24
6.517340000000000633e-02 1.152209999999999999e+24
6.985879999999999868e-02 1.154979999999999999e+24
7.488100000000000311e-02 1.157870000000000017e+24
8.026429999999999676e-02 1.160880000000000055e+24
8.603470000000000562e-02 1.163879999999999990e+24
9.221980000000000455e-02 1.167090000000000058e+24
9.884959999999999580e-02 1.170389999999999973e+24
1.059559999999999946e-01 1.173770000000000035e+24
1.135729999999999934e-01 1.177189999999999969e+24
1.217379999999999990e-01 1.180650000000000044e+24
1.304899999999999949e-01 1.184109999999999984e+24
1.398709999999999953e-01 1.187540000000000020e+24
1.499270000000000047e-01 1.190930000000000050e+24
1.607049999999999867e-01 1.194260000000000003e+24
1.722589999999999955e-01 1.197520000000000046e+24
1.846430000000000016e-01 1.200689999999999974e+24
1.979170000000000096e-01 1.203770000000000056e+24
2.121450000000000002e-01 1.206779999999999959e+24
2.273969999999999880e-01 1.209709999999999984e+24
2.437439999999999884e-01 1.212589999999999900e+24
2.612680000000000002e-01 1.215440000000000046e+24
2.800500000000000211e-01 1.218189999999999975e+24
3.001840000000000064e-01 1.221030000000000019e+24
3.217639999999999945e-01 1.223909999999999936e+24
3.448959999999999804e-01 1.226840000000000094e+24
3.696909999999999918e-01 1.229759999999999883e+24
3.962689999999999824e-01 1.232859999999999900e+24
4.247569999999999957e-01 1.236080000000000071e+24
4.552939999999999765e-01 1.239440000000000063e+24
4.880249999999999866e-01 1.242969999999999913e+24
5.231099999999999639e-01 1.246669999999999891e+24
5.607170000000000210e-01 1.250570000000000035e+24
6.010280000000000067e-01 1.254690000000000012e+24
6.442360000000000309e-01 1.258840000000000027e+24
6.905510000000000259e-01 1.263460000000000016e+24
7.401959999999999651e-01 1.268389999999999952e+24
7.934099999999999486e-01 1.273680000000000080e+24
8.504490000000000105e-01 1.279359999999999899e+24
9.115889999999999826e-01 1.285509999999999961e+24
9.771239999999999926e-01 1.292010000000000111e+24
1.047369999999999912e+00 1.299310000000000118e+24
1.122670000000000057e+00 1.307329999999999970e+24
1.203379999999999894e+00 1.316190000000000089e+24
1.289889999999999981e+00 1.326040000000000128e+24
1.382619999999999960e+00 1.337019999999999909e+24
1.482019999999999893e+00 1.349309999999999929e+24
1.588559999999999972e+00 1.363069999999999946e+24
1.702769999999999895e+00 1.378449999999999882e+24
1.825180000000000025e+00 1.395590000000000095e+24
1.956399999999999917e+00 1.414559999999999958e+24
2.097049999999999859e+00 1.435160000000000111e+24
2.247809999999999864e+00 1.457760000000000042e+24
2.409400000000000208e+00 1.481989999999999994e+24
2.582619999999999916e+00 1.507600000000000096e+24
2.768289999999999917e+00 1.534259999999999928e+24
2.967299999999999827e+00 1.561569999999999962e+24
3.180629999999999846e+00 1.589120000000000034e+24
3.409289999999999932e+00 1.616480000000000042e+24
3.654380000000000184e+00 1.643249999999999924e+24
3.917100000000000026e+00 1.669080000000000128e+24
4.198710000000000164e+00 1.693680000000000105e+24
4.500560000000000116e+00 1.716830000000000021e+24
4.824110000000000120e+00 1.738379999999999955e+24
5.170919999999999739e+00 1.758229999999999956e+24
5.542659999999999698e+00 1.776369999999999924e+24
5.941130000000000244e+00 1.792679999999999973e+24
6.368249999999999744e+00 1.807450000000000115e+24
6.826069999999999638e+00 1.820630000000000107e+24
7.316810000000000258e+00 1.832330000000000002e+24
7.842819999999999681e+00 1.842639999999999912e+24
8.406650000000000844e+00 1.851660000000000056e+24
9.011020000000000252e+00 1.859490000000000113e+24
9.658830000000000027e+00 1.865929999999999918e+24
1.035319999999999929e+01 1.871720000000000057e+24
1.109750000000000014e+01 1.876619999999999955e+24
1.189530000000000065e+01 1.880369999999999907e+24
1.275050000000000061e+01 1.883410000000000117e+24
1.366719999999999935e+01 1.885720000000000111e+24
1.464969999999999928e+01 1.887019999999999980e+24
1.570289999999999964e+01 1.888740000000000116e+24
1.683180000000000121e+01 1.889680000000000063e+24
1.804189999999999827e+01 1.889390000000000051e+24
1.933889999999999887e+01 1.889390000000000051e+24
2.072919999999999874e+01 1.889139999999999911e+24
2.221950000000000003e+01 1.888359999999999990e+24
2.381690000000000040e+01 1.887199999999999941e+24
2.552909999999999968e+01 1.883610000000000014e+24
2.736439999999999984e+01 1.881860000000000108e+24
2.933170000000000144e+01 1.879919999999999870e+24
3.144040000000000035e+01 1.877920000000000092e+24
3.370060000000000144e+01 1.877249999999999953e+24
3.612339999999999662e+01 1.875959999999999918e+24
3.872039999999999793e+01 1.875660000000000072e+24
4.150399999999999778e+01 1.875210000000000035e+24
4.448780000000000001e+01 1.879260000000000102e+24
4.768610000000000326e+01 1.887110000000000095e+24
5.111430000000000007e+01 1.899489999999999962e+24
5.478900000000000148e+01 1.919549999999999963e+24
5.872789999999999822e+01 1.948280000000000019e+24
6.294989999999999952e+01 1.988040000000000099e+24
6.747539999999999338e+01 2.039340000000000047e+24
7.232630000000000337e+01 2.103759999999999912e+24
7.752599999999999625e+01 2.181500000000000127e+24
8.309940000000000282e+01 2.273230000000000026e+24
8.907349999999999568e+01 2.377760000000000059e+24
9.547719999999999629e+01 2.494640000000000189e+24
1.023409999999999940e+02 2.619790000000000042e+24
1.096989999999999981e+02 2.752119999999999750e+24
1.175849999999999937e+02 2.888090000000000165e+24
1.260379999999999967e+02 3.028299999999999905e+24
1.350989999999999895e+02 3.169520000000000038e+24
1.448120000000000118e+02 3.310459999999999993e+24
1.552230000000000132e+02 3.449710000000000118e+24
1.663820000000000050e+02 3.586860000000000249e+24
1.783429999999999893e+02 3.722199999999999859e+24
1.911639999999999873e+02 3.854279999999999964e+24
2.049070000000000107e+02 3.984109999999999883e+24
2.196390000000000100e+02 4.109679999999999736e+24
2.354290000000000020e+02 4.236399999999999803e+24
2.523540000000000134e+02 4.363449999999999754e+24
2.704959999999999809e+02 4.488700000000000093e+24
2.899420000000000073e+02 4.614169999999999997e+24
3.107869999999999777e+02 4.739519999999999748e+24
3.331299999999999955e+02 4.867320000000000120e+24
3.570779999999999745e+02 4.994590000000000172e+24
3.827490000000000236e+02 5.126849999999999970e+24
4.102660000000000196e+02 5.263420000000000077e+24
4.397599999999999909e+02 5.401969999999999488e+24
4.713750000000000000e+02 5.544040000000000526e+24
5.052629999999999768e+02 5.690700000000000441e+24
5.415869999999999891e+02 5.842559999999999832e+24
5.805230000000000246e+02 5.998960000000000004e+24
6.222569999999999482e+02 6.161909999999999764e+24
6.669919999999999618e+02 6.329639999999999537e+24
7.149429999999999836e+02 6.503289999999999704e+24
7.663410000000000082e+02 6.684499999999999852e+24
8.214349999999999454e+02 6.873929999999999750e+24
8.804880000000000564e+02 7.071150000000000101e+24
9.437880000000000109e+02 7.277659999999999598e+24
1.011639999999999986e+03 7.494289999999999479e+24
1.084369999999999891e+03 7.722199999999999792e+24
1.162319999999999936e+03 7.959850000000000362e+24
1.245880000000000109e+03 8.214720000000000352e+24
1.335450000000000045e+03 8.489009999999999706e+24
1.431460000000000036e+03 8.771659999999999703e+24
1.534369999999999891e+03 9.079280000000000239e+24
1.644680000000000064e+03 9.414999999999999759e+24
1.762910000000000082e+03 9.763349999999999822e+24
1.889650000000000091e+03 1.014910000000000107e+25
2.025500000000000000e+03 1.055810000000000031e+25
2.171119999999999891e+03 1.099799999999999923e+25
2.327199999999999818e+03 1.147439999999999927e+25
2.494510000000000218e+03 1.199249999999999989e+25
2.673840000000000146e+03 1.255859999999999948e+25
2.866070000000000164e+03 1.317630000000000047e+25
3.072110000000000127e+03 1.383930000000000019e+25
3.292969999999999800e+03 1.456809999999999939e+25
3.529710000000000036e+03 1.537529999999999912e+25
3.783460000000000036e+03 1.625190000000000076e+25
4.055460000000000036e+03 1.722330000000000095e+25
4.347010000000000218e+03 1.829559999999999922e+25
4.659520000000000437e+03 1.948129999999999828e+25
4.994510000000000218e+03 2.080350000000000075e+25
5.353560000000000400e+03 2.229150000000000072e+25
5.738439999999999600e+03 2.396240000000000174e+25
6.150989999999999782e+03 2.584680000000000204e+25
6.593189999999999600e+03 2.799009999999999871e+25
7.067180000000000291e+03 3.044539999999999828e+25
7.575250000000000000e+03 3.323059999999999961e+25
-----------------------


Townsend ioniz. coef. alpha/N (m2)
COMMENT: generated by bolsig_convert.py
-----------------------
1.000000000000000021e-02 0.000000000000000000e+00
1.071889999999999996e-02 0.000000000000000000e+00
1.148949999999999971e-02 0.000000000000000000e+00
1.231550000000000006e-02 0.000000000000000000e+00
1.320089999999999979e-02 0.000000000000000000e+00
1.414989999999999998e-02 0.000000000000000000e+00
1.516720000000000047e-02 0.000000000000000000e+00
1.625760000000000052e-02 0.000000000000000000e+00
1.742629999999999874e-02 0.000000000000000000e+00
1.867910000000000056e-02 0.000000000000000000e+00
2.002200000000000160e-02 0.000000000000000000e+00
2.146139999999999853e-02 0.000000000000000000e+00
2.300429999999999836e-02 0.000000000000000000e+00
2.465809999999999877e-02 0.000000000000000000e+00
2.643080000000000082e-02 0.000000000000000000e+00
2.833099999999999855e-02 0.000000000000000000e+00
3.036770000000000094e-02 0.000000000000000000e+00
3.255090000000000067e-02 0.000000000000000000e+00
3.489099999999999840e-02 0.000000000000000000e+00
3.739939999999999931e-02 0.000000000000000000e+00
4.008810000000000151e-02 0.000000000000000000e+00
4.297000000000000125e-02 0.000000000000000000e+00
4.605920000000000153e-02 0.000000000000000000e+00
4.937049999999999772e-02 0.000000000000000000e+00
5.291980000000000295e-02 0.000000000000000000e+00
5.672429999999999833e-02 0.000000000000000000e+00
6.080220000000000069e-02 0.000000000000000000e+00
6.517340000000000633e-02 0.000000000000000000e+00
6.985879999999999868e-02 0.000000000000000000e+00
7.488100000000000311e-02 0.000000000000000000e+00
8.026429999999999676e-02 0.000000000000000000e+00
8.603470000000000562e-02 0.000000000000000000e+00
9.221980000000000455e-02 0.000000000000000000e+00
9.884959999999999580e-02 0.000000000000000000e+00
1.059559999999999946e-01 0.000000000000000000e+00
1.135729999999999934e-01 0.000000000000000000e+00
1.217379999999999990e-01 0.000000000000000000e+00
1.304899999999999949e-01 0.000000000000000000e+00
1.398709999999999953e-01 0.000000000000000000e+00
1.499270000000000047e-01 0.000000000000000000e+00
1.607049999999999867e-01 0.000000000000000000e+00
1.722589999999999955e-01 0.000000000000000000e+00
1.846430000000000016e-01 0.000000000000000000e+00
1.979170000000000096e-01 0.000000000000000000e+00
2.121450000000000002e-01 0.000000000000000000e+00
2.273969999999999880e-01 0.000000000000000000e+00
2.437439999999999884e-01 0.000000000000000000e+00
2.612680000000000002e-01 0.000000000000000000e+00
2.800500000000000211e-01 0.000000000000000000e+00
3.001840000000000064e-01 0.000000000000000000e+00
3.217639999999999945e-01 0.000000000000000000e+00
3.448959999999999804e-01 0.000000000000000000e+00
3.696909999999999918e-01 0.000000000000000000e+00
3.962689999999999824e-01 0.000000000000000000e+00
4.247569999999999957e-01 0.000000000000000000e+00
4.552939999999999765e-01 0.000000000000000000e+00
4.880249999999999866e-01 0.000000000000000000e+00
5.231099999999999639e-01 0.000000000000000000e+00
5.607170000000000210e-01 0.000000000000000000e+00
6.010280000000000067e-01 0.000000000000000000e+00
6.442360000000000309e-01 0.000000000000000000e+00
6.905510000000000259e-01 0.000000000000000000e+00
7.401959999999999651e-01 0.000000000000000000e+00
7.934099999999999486e-01 0.000000000000000000e+00
8.504490000000000105e-01 0.000000000000000000e+00
9.115889999999999826e-01 0.000000000000000000e+00
9.771239999999999926e-01 0.000000000000000000e+00
1.047369999999999912e+00 0.000000000000000000e+00
1.122670000000000057e+00 0.000000000000000000e+00
1.203379999999999894e+00 0.000000000000000000e+00
1.289889999999999981e+00 0.000000000000000000e+00
1.382619999999999960e+00 0.000000000000000000e+00
1.482019999999999893e+00 0.000000000000000000e+00
1.588559999999999972e+00 0.000000000000000000e+00
1.702769999999999895e+00 0.000000000000000000e+00
1.825180000000000025e+00 0.000000000000000000e+00
1.956399999999999917e+00 0.000000000000000000e+00
2.097049999999999859e+00 0.000000000000000000e+00
2.247809999999999864e+00 0.000000000000000000e+00
2.409400000000000208e+00 0.000000000000000000e+00
2.582619999999999916e+00 0.000000000000000000e+00
2.768289999999999917e+00 0.000000000000000000e+00
2.967299999999999827e+00 0.000000000000000000e+00
3.180629999999999846e+00 0.000000000000000000e+00
3.409289999999999932e+00 0.000000000000000000e+00
3.654380000000000184e+00 0.000000000000000000e+00
3.917100000000000026e+00 0.000000000000000000e+00
4.198710000000000164e+00 0.000000000000000000e+00
4.500560000000000116e+00 0.000000000000000000e+00
4.824110000000000120e+00 0.000000000000000000e+00
5.170919999999999739e+00 0.000000000000000000e+00
5.542659999999999698e+00 0.000000000000000000e+00
5.941130000000000244e+00 0.000000000000000000e+00
6.368249999999999744e+00 0.000000000000000000e+00
6.826069999999999638e+00 0.000000000000000000e+00
7.316810000000000258e+00 0.000000000000000000e+00
7.842819999999999681e+00 0.000000000000000000e+00
8.406650000000000844e+00 0.000000000000000000e+00
9.011020000000000252e+00 0.000000000000000000e+00
9.658830000000000027e+00 0.000000000000000000e+00
1.035319999999999929e+01 0.000000000000000000e+00
1.109750000000000014e+01 0.000000000000000000e+00
1.189530000000000065e+01 0.000000000000000000e+00
1.275050000000000061e+01 0.000000000000000000e+00
1.366719999999999935e+01 0.000000000000000000e+00
1.464969999999999928e+01 0.000000000000000000e+00
1.570289999999999964e+01 0.000000000000000000e+00
1.683180000000000121e+01 0.000000000000000000e+00
1.804189999999999827e+01 0.000000000000000000e+00
1.933889999999999887e+01 0.000000000000000000e+00
2.072919999999999874e+01 6.937950000000000067e-33
2.221950000000000003e+01 3.813060000000000081e-32
2.381690000000000040e+01 1.869919999999999956e-31
2.552909999999999968e+01 1.016049999999999974e-30
2.736439999999999984e+01 4.165909999999999770e-30
2.933170000000000144e+01 1.560949999999999947e-29
3.144040000000000035e+01 5.375940000000000306e-29
3.370060000000000144e+01 1.765539999999999938e-28
3.612339999999999662e+01 5.229920000000000153e-28
3.872039999999999793e+01 1.449530000000000082e-27
4.150399999999999778e+01 3.810390000000000129e-27
4.448780000000000001e+01 9.371570000000000004e-27
4.768610000000000326e+01 2.187050000000000030e-26
5.111430000000000007e+01 4.879280000000000158e-26
5.478900000000000148e+01 1.035789999999999933e-25
5.872789999999999822e+01 2.108410000000000211e-25
6.294989999999999952e+01 4.158219999999999853e-25
6.747539999999999338e+01 7.832449999999999726e-25
7.232630000000000337e+01 1.424910000000000034e-24
7.752599999999999625e+01 2.507500000000000155e-24
8.309940000000000282e+01 4.276670000000000298e-24
8.907349999999999568e+01 7.079520000000000673e-24
9.547719999999999629e+01 1.141370000000000047e-23
1.023409999999999940e+02 1.787109999999999890e-23
1.096989999999999981e+02 2.728280000000000026e-23
1.175849999999999937e+02 4.069699999999999810e-23
1.260379999999999967e+02 5.932879999999999438e-23
1.350989999999999895e+02 8.471769999999999863e-23
1.448120000000000118e+02 1.186729999999999933e-22
1.552230000000000132e+02 1.632739999999999921e-22
1.663820000000000050e+02 2.209399999999999997e-22
1.783429999999999893e+02 2.944610000000000091e-22
1.911639999999999873e+02 3.867470000000000120e-22
2.049070000000000107e+02 5.012110000000000229e-22
2.196390000000000100e+02 6.415980000000000344e-22
2.354290000000000020e+02 8.115829999999999971e-22
2.523540000000000134e+02 1.015569999999999990e-21
2.704959999999999809e+02 1.257290000000000092e-21
2.899420000000000073e+02 1.541290000000000011e-21
3.107869999999999777e+02 1.871819999999999828e-21
3.331299999999999955e+02 2.253159999999999964e-21
3.570779999999999745e+02 2.689399999999999813e-21
3.827490000000000236e+02 3.184090000000000164e-21
4.102660000000000196e+02 3.741129999999999760e-21
4.397599999999999909e+02 4.362849999999999837e-21
4.713750000000000000e+02 5.052200000000000020e-21
5.052629999999999768e+02 5.811370000000000334e-21
5.415869999999999891e+02 6.641960000000000127e-21
5.805230000000000246e+02 7.544979999999999577e-21
6.222569999999999482e+02 8.520599999999999860e-21
6.669919999999999618e+02 9.569530000000000005e-21
7.149429999999999836e+02 1.069079999999999954e-20
7.663410000000000082e+02 1.188310000000000014e-20
8.214349999999999454e+02 1.314550000000000030e-20
8.804880000000000564e+02 1.447369999999999935e-20
9.437880000000000109e+02 1.586529999999999865e-20
1.011639999999999986e+03 1.731559999999999903e-20
1.084369999999999891e+03 1.882220000000000034e-20
1.162319999999999936e+03 2.038029999999999927e-20
1.245880000000000109e+03 2.198009999999999896e-20
1.335450000000000045e+03 2.361540000000000128e-20
1.431460000000000036e+03 2.528250000000000033e-20
1.534369999999999891e+03 2.696850000000000021e-20
1.644680000000000064e+03 2.866489999999999774e-20
1.762910000000000082e+03 3.036399999999999882e-20
1.889650000000000091e+03 3.205240000000000186e-20
2.025500000000000000e+03 3.372159999999999767e-20
2.171119999999999891e+03 3.536129999999999875e-20
2.327199999999999818e+03 3.695790000000000125e-20
2.494510000000000218e+03 3.849799999999999754e-20
2.673840000000000146e+03 3.997020000000000269e-20
2.866070000000000164e+03 4.136410000000000101e-20
3.072110000000000127e+03 4.267510000000000048e-20
3.292969999999999800e+03 4.388130000000000234e-20
3.529710000000000036e+03 4.497170000000000214e-20
3.783460000000000036e+03 4.594869999999999701e-20
4.055460000000000036e+03 4.679220000000000263e-20
4.347010000000000218e+03 4.749649999999999943e-20
4.659520000000000437e+03 4.805069999999999915e-20
4.994510000000000218e+03 4.845290000000000128e-20
5.353560000000000400e+03 4.868479999999999978e-20
5.738439999999999600e+03 4.874869999999999969e-20
6.150989999999999782e+03 4.864219999999999784e-20
6.593189999999999600e+03 4.835650000000000270e-20
7.067180000000000291e+03 4.788509999999999769e-20
7.575250000000000000e+03 4.724289999999999843e-20
-----------------------


Townsend attach. coef. eta/N (m2)
COMMENT: generated by bolsig_convert.py
-----------------------
1.000000000000000021e-02 1.061139999999999965e-39
1.071889999999999996e-02 1.000650000000000042e-39
1.148949999999999971e-02 9.446760000000000501e-40
1.231550000000000006e-02 8.929560000000000643e-40
1.320089999999999979e-02 8.452420000000000780e-40
1.414989999999999998e-02 8.013159999999999371e-40
1.516720000000000047e-02 7.609680000000000243e-40
1.625760000000000052e-02 7.240149999999999858e-40
1.742629999999999874e-02 6.902840000000000165e-40
1.867910000000000056e-02 6.596220000000000225e-40
2.002200000000000160e-02 6.318899999999999930e-40
2.146139999999999853e-02 6.069609999999999887e-40
2.300429999999999836e-02 5.847199999999999783e-40
2.465809999999999877e-02 5.650640000000000020e-40
2.643080000000000082e-02 5.479160000000000100e-40
2.833099999999999855e-02 5.331440000000000330e-40
3.036770000000000094e-02 5.206850000000000227e-40
3.255090000000000067e-02 5.104539999999999633e-40
3.489099999999999840e-02 5.023589999999999602e-40
3.739939999999999931e-02 4.963060000000000256e-40
4.008810000000000151e-02 4.921819999999999771e-40
4.297000000000000125e-02 4.898499999999999789e-40
4.605920000000000153e-02 4.891560000000000128e-40
4.937049999999999772e-02 4.899150000000000391e-40
5.291980000000000295e-02 4.918919999999999659e-40
5.672429999999999833e-02 4.948159999999999763e-40
6.080220000000000069e-02 4.983719999999999921e-40
6.517340000000000633e-02 5.022060000000000294e-40
6.985879999999999868e-02 5.059330000000000015e-40
7.488100000000000311e-02 5.091450000000000112e-40
8.026429999999999676e-02 5.114350000000000044e-40
8.603470000000000562e-02 5.124280000000000353e-40
9.221980000000000455e-02 5.117489999999999952e-40
9.884959999999999580e-02 5.091310000000000096e-40
1.059559999999999946e-01 5.043740000000000313e-40
1.135729999999999934e-01 4.973780000000000368e-40
1.217379999999999990e-01 4.881450000000000380e-40
1.304899999999999949e-01 4.767729999999999650e-40
1.398709999999999953e-01 4.634450000000000085e-40
1.499270000000000047e-01 4.484149999999999658e-40
1.607049999999999867e-01 4.319770000000000350e-40
1.722589999999999955e-01 4.144199999999999767e-40
1.846430000000000016e-01 3.961209999999999932e-40
1.979170000000000096e-01 3.773580000000000243e-40
2.121450000000000002e-01 3.584020000000000091e-40
2.273969999999999880e-01 3.394939999999999937e-40
2.437439999999999884e-01 3.208310000000000076e-40
2.612680000000000002e-01 3.025729999999999824e-40
2.800500000000000211e-01 2.848600000000000162e-40
3.001840000000000064e-01 2.677510000000000113e-40
3.217639999999999945e-01 2.513249999999999887e-40
3.448959999999999804e-01 2.356260000000000061e-40
3.696909999999999918e-01 2.206769999999999963e-40
3.962689999999999824e-01 2.064839999999999951e-40
4.247569999999999957e-01 1.930439999999999845e-40
4.552939999999999765e-01 1.803440000000000096e-40
4.880249999999999866e-01 1.683719999999999991e-40
5.231099999999999639e-01 1.570880000000000007e-40
5.607170000000000210e-01 1.464760000000000007e-40
6.010280000000000067e-01 1.365090000000000018e-40
6.442360000000000309e-01 1.271530000000000059e-40
6.905510000000000259e-01 1.183890000000000018e-40
7.401959999999999651e-01 1.101769999999999964e-40
7.934099999999999486e-01 1.024890000000000069e-40
8.504490000000000105e-01 9.529309999999999033e-41
9.115889999999999826e-01 8.856190000000000205e-41
9.771239999999999926e-01 8.227690000000000342e-41
1.047369999999999912e+00 7.639290000000000304e-41
1.122670000000000057e+00 7.089349999999999925e-41
1.203379999999999894e+00 6.575450000000000314e-41
1.289889999999999981e+00 6.095300000000000500e-41
1.382619999999999960e+00 5.646730000000000021e-41
1.482019999999999893e+00 5.227720000000000325e-41
1.588559999999999972e+00 4.836350000000000396e-41
1.702769999999999895e+00 4.470850000000000113e-41
1.825180000000000025e+00 4.129579999999999817e-41
1.956399999999999917e+00 3.811070000000000150e-41
2.097049999999999859e+00 3.514020000000000010e-41
2.247809999999999864e+00 3.237119999999999867e-41
2.409400000000000208e+00 2.979279999999999766e-41
2.582619999999999916e+00 2.739529999999999753e-41
2.768289999999999917e+00 2.516980000000000040e-41
2.967299999999999827e+00 2.310819999999999993e-41
3.180629999999999846e+00 2.120290000000000039e-41
3.409289999999999932e+00 1.944650000000000008e-41
3.654380000000000184e+00 1.783140000000000074e-41
3.917100000000000026e+00 1.635010000000000109e-41
4.198710000000000164e+00 1.499490000000000074e-41
4.500560000000000116e+00 1.375780000000000054e-41
4.824110000000000120e+00 1.263050000000000010e-41
5.170919999999999739e+00 1.160500000000000028e-41
5.542659999999999698e+00 1.067310000000000025e-41
5.941130000000000244e+00 9.826010000000000151e-42
6.368249999999999744e+00 9.057569999999999668e-42
6.826069999999999638e+00 8.359609999999999621e-42
7.316810000000000258e+00 7.725289999999999516e-42
7.842819999999999681e+00 7.148219999999999495e-42
8.406650000000000844e+00 6.622580000000000591e-42
9.011020000000000252e+00 6.143029999999999756e-42
9.658830000000000027e+00 5.706890000000000226e-42
1.035319999999999929e+01 5.305460000000000107e-42
1.109750000000000014e+01 4.937249999999999745e-42
1.189530000000000065e+01 4.598430000000000251e-42
1.275050000000000061e+01 5.505799999999999804e-33
1.366719999999999935e+01 5.692639999999999680e-31
1.464969999999999928e+01 2.496820000000000175e-30
1.570289999999999964e+01 9.915410000000000235e-30
1.683180000000000121e+01 3.504179999999999933e-29
1.804189999999999827e+01 1.187940000000000069e-28
1.933889999999999887e+01 3.540760000000000036e-28
2.072919999999999874e+01 1.025230000000000055e-27
2.221950000000000003e+01 2.629939999999999864e-27
2.381690000000000040e+01 6.325539999999999735e-27
2.552909999999999968e+01 1.456750000000000123e-26
2.736439999999999984e+01 3.102200000000000148e-26
2.933170000000000144e+01 6.264270000000000456e-26
3.144040000000000035e+01 1.203229999999999982e-25
3.370060000000000144e+01 2.249700000000000151e-25
3.612339999999999662e+01 3.932620000000000216e-25
3.872039999999999793e+01 6.597710000000000265e-25
4.150399999999999778e+01 1.071619999999999960e-24
4.448780000000000001e+01 1.665210000000000180e-24
4.768610000000000326e+01 2.499740000000000104e-24
5.111430000000000007e+01 3.639880000000000016e-24
5.478900000000000148e+01 5.118830000000000191e-24
5.872789999999999822e+01 6.984279999999999731e-24
6.294989999999999952e+01 9.321409999999999992e-24
6.747539999999999338e+01 1.199280000000000057e-23
7.232630000000000337e+01 1.501590000000000037e-23
7.752599999999999625e+01 1.830059999999999869e-23
8.309940000000000282e+01 2.176349999999999927e-23
8.907349999999999568e+01 2.526829999999999889e-23
9.547719999999999629e+01 2.872649999999999774e-23
1.023409999999999940e+02 3.191290000000000267e-23
1.096989999999999981e+02 3.476960000000000000e-23
1.175849999999999937e+02 3.722919999999999928e-23
1.260379999999999967e+02 3.920810000000000185e-23
1.350989999999999895e+02 4.070159999999999717e-23
1.448120000000000118e+02 4.171000000000000202e-23
1.552230000000000132e+02 4.226539999999999843e-23
1.663820000000000050e+02 4.240149999999999924e-23
1.783429999999999893e+02 4.217149999999999879e-23
1.911639999999999873e+02 4.161149999999999744e-23
2.049070000000000107e+02 4.078159999999999988e-23
2.196390000000000100e+02 3.972769999999999708e-23
2.354290000000000020e+02 3.850250000000000238e-23
2.523540000000000134e+02 3.715850000000000031e-23
2.704959999999999809e+02 3.569840000000000105e-23
2.899420000000000073e+02 3.417280000000000022e-23
3.107869999999999777e+02 3.260499999999999823e-23
3.331299999999999955e+02 3.102549999999999912e-23
3.570779999999999745e+02 2.945430000000000063e-23
3.827490000000000236e+02 2.789549999999999733e-23
4.102660000000000196e+02 2.636650000000000001e-23
4.397599999999999909e+02 2.488000000000000009e-23
4.713750000000000000e+02 2.344420000000000140e-23
5.052629999999999768e+02 2.206150000000000026e-23
5.415869999999999891e+02 2.074010000000000051e-23
5.805230000000000246e+02 1.947879999999999958e-23
6.222569999999999482e+02 1.828229999999999920e-23
6.669919999999999618e+02 1.715030000000000021e-23
7.149429999999999836e+02 1.608540000000000129e-23
7.663410000000000082e+02 1.508270000000000128e-23
8.214349999999999454e+02 1.414439999999999999e-23
8.804880000000000564e+02 1.326620000000000046e-23
9.437880000000000109e+02 1.244749999999999993e-23
1.011639999999999986e+03 1.168960000000000070e-23
1.084369999999999891e+03 1.098280000000000013e-23
1.162319999999999936e+03 1.032800000000000015e-23
1.245880000000000109e+03 9.722929999999999369e-24
1.335450000000000045e+03 9.164970000000000325e-24
1.431460000000000036e+03 8.652710000000000140e-24
1.534369999999999891e+03 8.179209999999999736e-24
1.644680000000000064e+03 7.743669999999999849e-24
1.762910000000000082e+03 7.346240000000000065e-24
1.889650000000000091e+03 6.980760000000000329e-24
2.025500000000000000e+03 6.646680000000000687e-24
2.171119999999999891e+03 6.342640000000000335e-24
2.327199999999999818e+03 6.065650000000000321e-24
2.494510000000000218e+03 5.811420000000000131e-24
2.673840000000000146e+03 5.579420000000000053e-24
2.866070000000000164e+03 5.368130000000000312e-24
3.072110000000000127e+03 5.178460000000000013e-24
3.292969999999999800e+03 5.003650000000000021e-24
3.529710000000000036e+03 4.843519999999999657e-24
3.783460000000000036e+03 4.699679999999999771e-24
4.055460000000000036e+03 4.567620000000000163e-24
4.347010000000000218e+03 4.447569999999999906e-24
4.659520000000000437e+03 4.336999999999999659e-24
4.994510000000000218e+03 4.236640000000000053e-24
5.353560000000000400e+03 4.142830000000000016e-24
5.738439999999999600e+03 4.056159999999999977e-24
6.150989999999999782e+03 3.976150000000000084e-24
6.593189999999999600e+03 3.901140000000000360e-24
7.067180000000000291e+03 3.829029999999999986e-24
7.575250000000000000e+03 3.761510000000000030e-24
-----------------------


C2 N2 Excitation 0.020 eV
COMMENT: generated by bolsig_convert.py
-----------------------
1.000000000000000021e-02 2.062410000000000106e-17
1.071889999999999996e-02 2.069049999999999941e-17
1.148949999999999971e-02 2.076539999999999891e-17
1.231550000000000006e-02 2.084980000000000133e-17
1.320089999999999979e-02 2.094510000000000112e-17
1.414989999999999998e-02 2.105260000000000152e-17
1.516720000000000047e-02 2.117359999999999956e-17
1.625760000000000052e-02 2.131000000000000139e-17
1.742629999999999874e-02 2.146339999999999936e-17
1.867910000000000056e-02 2.163580000000000008e-17
2.002200000000000160e-02 2.182939999999999880e-17
2.146139999999999853e-02 2.204650000000000052e-17
2.300429999999999836e-02 2.228950000000000146e-17
2.465809999999999877e-02 2.256090000000000142e-17
2.643080000000000082e-02 2.286320000000000019e-17
2.833099999999999855e-02 2.319999999999999981e-17
3.036770000000000094e-02 2.357380000000000009e-17
3.255090000000000067e-02 2.398749999999999967e-17
3.489099999999999840e-02 2.444400000000000028e-17
3.739939999999999931e-02 2.494620000000000058e-17
4.008810000000000151e-02 2.549670000000000085e-17
4.297000000000000125e-02 2.609769999999999942e-17
4.605920000000000153e-02 2.675159999999999869e-17
4.937049999999999772e-02 2.745989999999999977e-17
5.291980000000000295e-02 2.822379999999999923e-17
5.672429999999999833e-02 2.904389999999999997e-17
6.080220000000000069e-02 2.992000000000000103e-17
6.517340000000000633e-02 3.085119999999999805e-17
6.985879999999999868e-02 3.183549999999999981e-17
7.488100000000000311e-02 3.287009999999999892e-17
8.026429999999999676e-02 3.395069999999999916e-17
8.603470000000000562e-02 3.507090000000000033e-17
9.221980000000000455e-02 3.622629999999999959e-17
9.884959999999999580e-02 3.740740000000000019e-17
1.059559999999999946e-01 3.860510000000000114e-17
1.135729999999999934e-01 3.980900000000000134e-17
1.217379999999999990e-01 4.100839999999999820e-17
1.304899999999999949e-01 4.219260000000000150e-17
1.398709999999999953e-01 4.335139999999999876e-17
1.499270000000000047e-01 4.447639999999999855e-17
1.607049999999999867e-01 4.556059999999999776e-17
1.722589999999999955e-01 4.660750000000000102e-17
1.846430000000000016e-01 4.759959999999999746e-17
1.979170000000000096e-01 4.854419999999999781e-17
2.121450000000000002e-01 4.944339999999999993e-17
2.273969999999999880e-01 5.030109999999999807e-17
2.437439999999999884e-01 5.112229999999999798e-17
2.612680000000000002e-01 5.191299999999999794e-17
2.800500000000000211e-01 5.267670000000000259e-17
3.001840000000000064e-01 5.342559999999999712e-17
3.217639999999999945e-01 5.416270000000000223e-17
3.448959999999999804e-01 5.489409999999999820e-17
3.696909999999999918e-01 5.562529999999999937e-17
3.962689999999999824e-01 5.635909999999999465e-17
4.247569999999999957e-01 5.710119999999999935e-17
4.552939999999999765e-01 5.785530000000000060e-17
4.880249999999999866e-01 5.863159999999999854e-17
5.231099999999999639e-01 5.942139999999999414e-17
5.607170000000000210e-01 6.023169999999999667e-17
6.010280000000000067e-01 6.106499999999999978e-17
6.442360000000000309e-01 6.190960000000000220e-17
6.905510000000000259e-01 6.279359999999999843e-17
7.401959999999999651e-01 6.370960000000000187e-17
7.934099999999999486e-01 6.466199999999999690e-17
8.504490000000000105e-01 6.565630000000000400e-17
9.115889999999999826e-01 6.669989999999999743e-17
9.771239999999999926e-01 6.778170000000000349e-17
1.047369999999999912e+00 6.895509999999999757e-17
1.122670000000000057e+00 7.021809999999999463e-17
1.203379999999999894e+00 7.159380000000000187e-17
1.289889999999999981e+00 7.311220000000000452e-17
1.382619999999999960e+00 7.481150000000000286e-17
1.482019999999999893e+00 7.673910000000000484e-17
1.588559999999999972e+00 7.895180000000000232e-17
1.702769999999999895e+00 8.151500000000000421e-17
1.825180000000000025e+00 8.450150000000000600e-17
1.956399999999999917e+00 8.798760000000000165e-17
2.097049999999999859e+00 9.199800000000000613e-17
2.247809999999999864e+00 9.669919999999999464e-17
2.409400000000000208e+00 1.021090000000000042e-16
2.582619999999999916e+00 1.082759999999999992e-16
2.768289999999999917e+00 1.152300000000000008e-16
2.967299999999999827e+00 1.229879999999999930e-16
3.180629999999999846e+00 1.315499999999999880e-16
3.409289999999999932e+00 1.409100000000000059e-16
3.654380000000000184e+00 1.510540000000000037e-16
3.917100000000000026e+00 1.619699999999999971e-16
4.198710000000000164e+00 1.736509999999999891e-16
4.500560000000000116e+00 1.860979999999999969e-16
4.824110000000000120e+00 1.993249999999999898e-16
5.170919999999999739e+00 2.133560000000000101e-16
5.542659999999999698e+00 2.282249999999999762e-16
5.941130000000000244e+00 2.439790000000000050e-16
6.368249999999999744e+00 2.606839999999999974e-16
6.826069999999999638e+00 2.784010000000000149e-16
7.316810000000000258e+00 2.972080000000000166e-16
7.842819999999999681e+00 3.171920000000000175e-16
8.406650000000000844e+00 3.384510000000000243e-16
9.011020000000000252e+00 3.610950000000000034e-16
9.658830000000000027e+00 3.851020000000000205e-16
1.035319999999999929e+01 4.109029999999999836e-16
1.109750000000000014e+01 4.385100000000000001e-16
1.189530000000000065e+01 4.680379999999999743e-16
1.275050000000000061e+01 5.000089999999999962e-16
1.366719999999999935e+01 5.342959999999999556e-16
1.464969999999999928e+01 5.706960000000000146e-16
1.570289999999999964e+01 6.119409999999999580e-16
1.683180000000000121e+01 6.551230000000000353e-16
1.804189999999999827e+01 7.014740000000000070e-16
1.933889999999999887e+01 7.523820000000000445e-16
2.072919999999999874e+01 8.081890000000000065e-16
2.221950000000000003e+01 8.686119999999999630e-16
2.381690000000000040e+01 9.345159999999999784e-16
2.552909999999999968e+01 1.005069999999999981e-15
2.736439999999999984e+01 1.083519999999999904e-15
2.933170000000000144e+01 1.169230000000000069e-15
3.144040000000000035e+01 1.262830000000000051e-15
3.370060000000000144e+01 1.365679999999999938e-15
3.612339999999999662e+01 1.477110000000000054e-15
3.872039999999999793e+01 1.598110000000000048e-15
4.150399999999999778e+01 1.727380000000000076e-15
4.448780000000000001e+01 1.867680000000000009e-15
4.768610000000000326e+01 2.017139999999999878e-15
5.111430000000000007e+01 2.176319999999999833e-15
5.478900000000000148e+01 2.339979999999999815e-15
5.872789999999999822e+01 2.506979999999999965e-15
6.294989999999999952e+01 2.671700000000000006e-15
6.747539999999999338e+01 2.833629999999999859e-15
7.232630000000000337e+01 2.986210000000000062e-15
7.752599999999999625e+01 3.125370000000000138e-15
8.309940000000000282e+01 3.245020000000000022e-15
8.907349999999999568e+01 3.342260000000000000e-15
9.547719999999999629e+01 3.414249999999999815e-15
1.023409999999999940e+02 3.460209999999999876e-15
1.096989999999999981e+02 3.480070000000000163e-15
1.175849999999999937e+02 3.470089999999999950e-15
1.260379999999999967e+02 3.443070000000000154e-15
1.350989999999999895e+02 3.396100000000000102e-15
1.448120000000000118e+02 3.335389999999999950e-15
1.552230000000000132e+02 3.257229999999999879e-15
1.663820000000000050e+02 3.168119999999999896e-15
1.783429999999999893e+02 3.067799999999999875e-15
1.911639999999999873e+02 2.964699999999999837e-15
2.049070000000000107e+02 2.857329999999999830e-15
2.196390000000000100e+02 2.748640000000000030e-15
2.354290000000000020e+02 2.637120000000000143e-15
2.523540000000000134e+02 2.521489999999999879e-15
2.704959999999999809e+02 2.410340000000000035e-15
2.899420000000000073e+02 2.300200000000000182e-15
3.107869999999999777e+02 2.192839999999999952e-15
3.331299999999999955e+02 2.085949999999999905e-15
3.570779999999999745e+02 1.982779999999999848e-15
3.827490000000000236e+02 1.880500000000000087e-15
4.102660000000000196e+02 1.779919999999999940e-15
4.397599999999999909e+02 1.683340000000000055e-15
4.713750000000000000e+02 1.589719999999999926e-15
5.052629999999999768e+02 1.499289999999999953e-15
5.415869999999999891e+02 1.411949999999999997e-15
5.805230000000000246e+02 1.328049999999999955e-15
6.222569999999999482e+02 1.247290000000000000e-15
6.669919999999999618e+02 1.170129999999999945e-15
7.149429999999999836e+02 1.096749999999999924e-15
7.663410000000000082e+02 1.026270000000000010e-15
8.214349999999999454e+02 9.589619999999999422e-16
8.804880000000000564e+02 8.951090000000000463e-16
9.437880000000000109e+02 8.339540000000000416e-16
1.011639999999999986e+03 7.766199999999999860e-16
1.084369999999999891e+03 7.222880000000000135e-16
1.162319999999999936e+03 6.715560000000000403e-16
1.245880000000000109e+03 6.229750000000000305e-16
1.335450000000000045e+03 5.767679999999999681e-16
1.431460000000000036e+03 5.341060000000000452e-16
1.534369999999999891e+03 4.936299999999999965e-16
1.644680000000000064e+03 4.554629999999999622e-16
1.762910000000000082e+03 4.199560000000000047e-16
1.889650000000000091e+03 3.864289999999999827e-16
2.025500000000000000e+03 3.553250000000000102e-16
2.171119999999999891e+03 3.265379999999999923e-16
2.327199999999999818e+03 2.990860000000000246e-16
2.494510000000000218e+03 2.739089999999999806e-16
2.673840000000000146e+03 2.506899999999999873e-16
2.866070000000000164e+03 2.288760000000000138e-16
3.072110000000000127e+03 2.085430000000000096e-16
3.292969999999999800e+03 1.898689999999999994e-16
3.529710000000000036e+03 1.726300000000000066e-16
3.783460000000000036e+03 1.567510000000000005e-16
4.055460000000000036e+03 1.419490000000000017e-16
4.347010000000000218e+03 1.283349999999999939e-16
4.659520000000000437e+03 1.158829999999999988e-16
4.994510000000000218e+03 1.044880000000000005e-16
5.353560000000000400e+03 9.401510000000000443e-17
5.738439999999999600e+03 8.440699999999999776e-17
6.150989999999999782e+03 7.555079999999999399e-17
6.593189999999999600e+03 6.751549999999999485e-17
7.067180000000000291e+03 6.016849999999999843e-17
7.575250000000000000e+03 5.351820000000000231e-17
-----------------------


C3 N2 Excitation 0.29 eV
COMMENT: generated by bolsig_convert.py
-----------------------
1.000000000000000021e-02 2.323870000000000038e-22
1.071889999999999996e-02 2.350500000000000181e-22
1.148949999999999971e-02 2.381240000000000039e-22
1.231550000000000006e-02 2.416770000000000087e-22
1.320089999999999979e-02 2.457900000000000208e-22
1.414989999999999998e-02 2.505599999999999841e-22
1.516720000000000047e-02 2.561019999999999813e-22
1.625760000000000052e-02 2.625560000000000023e-22
1.742629999999999874e-02 2.700909999999999808e-22
1.867910000000000056e-02 2.789119999999999861e-22
2.002200000000000160e-02 2.892700000000000079e-22
2.146139999999999853e-02 3.014749999999999904e-22
2.300429999999999836e-02 3.159119999999999769e-22
2.465809999999999877e-02 3.330619999999999808e-22
2.643080000000000082e-02 3.534519999999999830e-22
2.833099999999999855e-02 3.779859999999999822e-22
3.036770000000000094e-02 4.075850000000000011e-22
3.255090000000000067e-02 4.435160000000000013e-22
3.489099999999999840e-02 4.874240000000000305e-22
3.739939999999999931e-02 5.414709999999999567e-22
4.008810000000000151e-02 6.085099999999999753e-22
4.297000000000000125e-02 6.923380000000000296e-22
4.605920000000000153e-02 7.980530000000000247e-22
4.937049999999999772e-02 9.325299999999999256e-22
5.291980000000000295e-02 1.105060000000000087e-21
5.672429999999999833e-02 1.328279999999999958e-21
6.080220000000000069e-02 1.619329999999999947e-21
6.517340000000000633e-02 2.001439999999999981e-21
6.985879999999999868e-02 2.505929999999999824e-21
7.488100000000000311e-02 3.174659999999999981e-21
8.026429999999999676e-02 4.062849999999999658e-21
8.603470000000000562e-02 5.235209999999999679e-21
9.221980000000000455e-02 6.796269999999999850e-21
9.884959999999999580e-02 8.854439999999999623e-21
1.059559999999999946e-01 1.154910000000000007e-20
1.135729999999999934e-01 1.504589999999999870e-20
1.217379999999999990e-01 1.953759999999999973e-20
1.304899999999999949e-01 2.524250000000000081e-20
1.398709999999999953e-01 3.240389999999999740e-20
1.499270000000000047e-01 4.128849999999999773e-20
1.607049999999999867e-01 5.218559999999999866e-20
1.722589999999999955e-01 6.578039999999999994e-20
1.846430000000000016e-01 8.172090000000000334e-20
1.979170000000000096e-01 1.006740000000000026e-19
2.121450000000000002e-01 1.230109999999999891e-19
2.273969999999999880e-01 1.491200000000000008e-19
2.437439999999999884e-01 1.794099999999999904e-19
2.612680000000000002e-01 2.142989999999999950e-19
2.800500000000000211e-01 2.541609999999999856e-19
3.001840000000000064e-01 2.995849999999999836e-19
3.217639999999999945e-01 3.509410000000000110e-19
3.448959999999999804e-01 4.086900000000000090e-19
3.696909999999999918e-01 4.718269999999999778e-19
3.962689999999999824e-01 5.435130000000000445e-19
4.247569999999999957e-01 6.230299999999999697e-19
4.552939999999999765e-01 7.109010000000000008e-19
4.880249999999999866e-01 8.113660000000000089e-19
5.231099999999999639e-01 9.180260000000000638e-19
5.607170000000000210e-01 1.034770000000000080e-18
6.010280000000000067e-01 1.162290000000000038e-18
6.442360000000000309e-01 1.295759999999999952e-18
6.905510000000000259e-01 1.446709999999999908e-18
7.401959999999999651e-01 1.611210000000000073e-18
7.934099999999999486e-01 1.790620000000000183e-18
8.504490000000000105e-01 1.986719999999999856e-18
9.115889999999999826e-01 2.201930000000000193e-18
9.771239999999999926e-01 2.434639999999999858e-18
1.047369999999999912e+00 2.699490000000000032e-18
1.122670000000000057e+00 2.998929999999999881e-18
1.203379999999999894e+00 3.343480000000000100e-18
1.289889999999999981e+00 3.748370000000000031e-18
1.382619999999999960e+00 4.235300000000000105e-18
1.482019999999999893e+00 4.834419999999999733e-18
1.588559999999999972e+00 5.586320000000000332e-18
1.702769999999999895e+00 6.543570000000000380e-18
1.825180000000000025e+00 7.771299999999999625e-18
1.956399999999999917e+00 9.346219999999999869e-18
2.097049999999999859e+00 1.131109999999999985e-17
2.247809999999999864e+00 1.382980000000000017e-17
2.409400000000000208e+00 1.695119999999999960e-17
2.582619999999999916e+00 2.074449999999999928e-17
2.768289999999999917e+00 2.525530000000000150e-17
2.967299999999999827e+00 3.049820000000000000e-17
3.180629999999999846e+00 3.645239999999999872e-17
3.409289999999999932e+00 4.306029999999999882e-17
3.654380000000000184e+00 5.023129999999999864e-17
3.917100000000000026e+00 5.784830000000000364e-17
4.198710000000000164e+00 6.577619999999999980e-17
4.500560000000000116e+00 7.387149999999999400e-17
4.824110000000000120e+00 8.199210000000000609e-17
5.170919999999999739e+00 9.000449999999999898e-17
5.542659999999999698e+00 9.779030000000000265e-17
5.941130000000000244e+00 1.052440000000000048e-16
6.368249999999999744e+00 1.122990000000000031e-16
6.826069999999999638e+00 1.188890000000000027e-16
7.316810000000000258e+00 1.249759999999999920e-16
7.842819999999999681e+00 1.305380000000000121e-16
8.406650000000000844e+00 1.355679999999999923e-16
9.011020000000000252e+00 1.400709999999999937e-16
9.658830000000000027e+00 1.440529999999999961e-16
1.035319999999999929e+01 1.475560000000000059e-16
1.109750000000000014e+01 1.505939999999999923e-16
1.189530000000000065e+01 1.531379999999999997e-16
1.275050000000000061e+01 1.554029999999999981e-16
1.366719999999999935e+01 1.572899999999999881e-16
1.464969999999999928e+01 1.586920000000000058e-16
1.570289999999999964e+01 1.600119999999999957e-16
1.683180000000000121e+01 1.608559999999999952e-16
1.804189999999999827e+01 1.614870000000000098e-16
1.933889999999999887e+01 1.618319999999999937e-16
2.072919999999999874e+01 1.619669999999999949e-16
2.221950000000000003e+01 1.619009999999999954e-16
2.381690000000000040e+01 1.616569999999999958e-16
2.552909999999999968e+01 1.612389999999999908e-16
2.736439999999999984e+01 1.607030000000000053e-16
2.933170000000000144e+01 1.600440000000000029e-16
3.144040000000000035e+01 1.592880000000000109e-16
3.370060000000000144e+01 1.585170000000000079e-16
3.612339999999999662e+01 1.576709999999999986e-16
3.872039999999999793e+01 1.568660000000000033e-16
4.150399999999999778e+01 1.562509999999999923e-16
4.448780000000000001e+01 1.558129999999999890e-16
4.768610000000000326e+01 1.557510000000000089e-16
5.111430000000000007e+01 1.562190000000000098e-16
5.478900000000000148e+01 1.574520000000000093e-16
5.872789999999999822e+01 1.596429999999999940e-16
6.294989999999999952e+01 1.632090000000000011e-16
6.747539999999999338e+01 1.679599999999999968e-16
7.232630000000000337e+01 1.742409999999999898e-16
7.752599999999999625e+01 1.821570000000000084e-16
8.309940000000000282e+01 1.916869999999999877e-16
8.907349999999999568e+01 2.027929999999999901e-16
9.547719999999999629e+01 2.153570000000000105e-16
1.023409999999999940e+02 2.291310000000000051e-16
1.096989999999999981e+02 2.438979999999999944e-16
1.175849999999999937e+02 2.595630000000000232e-16
1.260379999999999967e+02 2.755859999999999879e-16
1.350989999999999895e+02 2.919499999999999911e-16
1.448120000000000118e+02 3.083840000000000132e-16
1.552230000000000132e+02 3.250759999999999796e-16
1.663820000000000050e+02 3.418399999999999991e-16
1.783429999999999893e+02 3.588480000000000183e-16
1.911639999999999873e+02 3.757890000000000209e-16
2.049070000000000107e+02 3.929310000000000241e-16
2.196390000000000100e+02 4.102220000000000225e-16
2.354290000000000020e+02 4.280580000000000129e-16
2.523540000000000134e+02 4.465560000000000326e-16
2.704959999999999809e+02 4.654259999999999823e-16
2.899420000000000073e+02 4.849299999999999734e-16
3.107869999999999777e+02 5.049859999999999783e-16
3.331299999999999955e+02 5.258430000000000330e-16
3.570779999999999745e+02 5.472269999999999679e-16
3.827490000000000236e+02 5.692869999999999753e-16
4.102660000000000196e+02 5.918799999999999660e-16
4.397599999999999909e+02 6.146969999999999579e-16
4.713750000000000000e+02 6.376280000000000341e-16
5.052629999999999768e+02 6.605190000000000150e-16
5.415869999999999891e+02 6.830989999999999795e-16
5.805230000000000246e+02 7.052080000000000396e-16
6.222569999999999482e+02 7.266039999999999834e-16
6.669919999999999618e+02 7.469880000000000007e-16
7.149429999999999836e+02 7.661569999999999577e-16
7.663410000000000082e+02 7.838980000000000423e-16
8.214349999999999454e+02 7.999620000000000209e-16
8.804880000000000564e+02 8.142099999999999716e-16
9.437880000000000109e+02 8.264409999999999923e-16
1.011639999999999986e+03 8.364340000000000345e-16
1.084369999999999891e+03 8.440969999999999975e-16
1.162319999999999936e+03 8.492130000000000002e-16
1.245880000000000109e+03 8.518469999999999756e-16
1.335450000000000045e+03 8.518999999999999983e-16
1.431460000000000036e+03 8.490700000000000095e-16
1.534369999999999891e+03 8.436409999999999562e-16
1.644680000000000064e+03 8.355210000000000333e-16
1.762910000000000082e+03 8.247250000000000054e-16
1.889650000000000091e+03 8.112780000000000060e-16
2.025500000000000000e+03 7.953429999999999749e-16
2.171119999999999891e+03 7.770590000000000312e-16
2.327199999999999818e+03 7.565490000000000193e-16
2.494510000000000218e+03 7.339139999999999977e-16
2.673840000000000146e+03 7.093580000000000183e-16
2.866070000000000164e+03 6.832050000000000250e-16
3.072110000000000127e+03 6.557020000000000197e-16
3.292969999999999800e+03 6.268440000000000150e-16
3.529710000000000036e+03 5.969569999999999891e-16
3.783460000000000036e+03 5.664830000000000386e-16
4.055460000000000036e+03 5.354370000000000268e-16
4.347010000000000218e+03 5.042240000000000065e-16
4.659520000000000437e+03 4.728750000000000172e-16
4.994510000000000218e+03 4.418589999999999782e-16
5.353560000000000400e+03 4.111409999999999788e-16
5.738439999999999600e+03 3.810009999999999959e-16
6.150989999999999782e+03 3.516590000000000114e-16
6.593189999999999600e+03 3.232449999999999898e-16
7.067180000000000291e+03 2.957030000000000050e-16
7.575250000000000000e+03 2.693649999999999900e-16
-----------------------


C4 N2 Excitation 0.29 eV
COMMENT: generated by bolsig_convert.py
-----------------------
1.000000000000000021e-02 0.000000000000000000e+00
1.071889999999999996e-02 0.000000000000000000e+00
1.148949999999999971e-02 0.000000000000000000e+00
1.231550000000000006e-02 0.000000000000000000e+00
1.320089999999999979e-02 0.000000000000000000e+00
1.414989999999999998e-02 0.000000000000000000e+00
1.516720000000000047e-02 0.000000000000000000e+00
1.625760000000000052e-02 0.000000000000000000e+00
1.742629999999999874e-02 0.000000000000000000e+00
1.867910000000000056e-02 0.000000000000000000e+00
2.002200000000000160e-02 0.000000000000000000e+00
2.146139999999999853e-02 0.000000000000000000e+00
2.300429999999999836e-02 0.000000000000000000e+00
2.465809999999999877e-02 0.000000000000000000e+00
2.643080000000000082e-02 0.000000000000000000e+00
2.833099999999999855e-02 0.000000000000000000e+00
3.036770000000000094e-02 0.000000000000000000e+00
3.255090000000000067e-02 0.000000000000000000e+00
3.489099999999999840e-02 0.000000000000000000e+00
3.739939999999999931e-02 0.000000000000000000e+00
4.008810000000000151e-02 0.000000000000000000e+00
4.297000000000000125e-02 0.000000000000000000e+00
4.605920000000000153e-02 0.000000000000000000e+00
4.937049999999999772e-02 0.000000000000000000e+00
5.291980000000000295e-02 0.000000000000000000e+00
5.672429999999999833e-02 0.000000000000000000e+00
6.080220000000000069e-02 0.000000000000000000e+00
6.517340000000000633e-02 0.000000000000000000e+00
6.985879999999999868e-02 0.000000000000000000e+00
7.488100000000000311e-02 0.000000000000000000e+00
8.026429999999999676e-02 0.000000000000000000e+00
8.603470000000000562e-02 0.000000000000000000e+00
9.221980000000000455e-02 0.000000000000000000e+00
9.884959999999999580e-02 0.000000000000000000e+00
1.059559999999999946e-01 0.000000000000000000e+00
1.135729999999999934e-01 0.000000000000000000e+00
1.217379999999999990e-01 0.000000000000000000e+00
1.304899999999999949e-01 0.000000000000000000e+00
1.398709999999999953e-01 0.000000000000000000e+00
1.499270000000000047e-01 0.000000000000000000e+00
1.607049999999999867e-01 0.000000000000000000e+00
1.722589999999999955e-01 0.000000000000000000e+00
1.846430000000000016e-01 0.000000000000000000e+00
1.979170000000000096e-01 0.000000000000000000e+00
2.121450000000000002e-01 0.000000000000000000e+00
2.273969999999999880e-01 0.000000000000000000e+00
2.437439999999999884e-01 0.000000000000000000e+00
2.612680000000000002e-01 0.000000000000000000e+00
2.800500000000000211e-01 0.000000000000000000e+00
3.001840000000000064e-01 0.000000000000000000e+00
3.217639999999999945e-01 0.000000000000000000e+00
3.448959999999999804e-01 0.000000000000000000e+00
3.696909999999999918e-01 0.000000000000000000e+00
3.962689999999999824e-01 0.000000000000000000e+00
4.247569999999999957e-01 0.000000000000000000e+00
4.552939999999999765e-01 0.000000000000000000e+00
4.880249999999999866e-01 0.000000000000000000e+00
5.231099999999999639e-01 0.000000000000000000e+00
5.607170000000000210e-01 0.000000000000000000e+00
6.010280000000000067e-01 0.000000000000000000e+00
6.442360000000000309e-01 5.073590000000000347e-27
6.905510000000000259e-01 2.447890000000000113e-26
7.401959999999999651e-01 1.110349999999999887e-25
7.934099999999999486e-01 4.712830000000000422e-25
8.504490000000000105e-01 1.868140000000000055e-24
9.115889999999999826e-01 6.914490000000000599e-24
9.771239999999999926e-01 2.398289999999999978e-23
1.047369999999999912e+00 7.767229999999999819e-23
1.122670000000000057e+00 2.359369999999999934e-22
1.203379999999999894e+00 6.736680000000000329e-22
1.289889999999999981e+00 1.812219999999999817e-21
1.382619999999999960e+00 4.603480000000000359e-21
1.482019999999999893e+00 1.106780000000000008e-20
1.588559999999999972e+00 2.524029999999999992e-20
1.702769999999999895e+00 5.471490000000000189e-20
1.825180000000000025e+00 1.129770000000000056e-19
1.956399999999999917e+00 2.226399999999999955e-19
2.097049999999999859e+00 4.149949999999999920e-19
2.247809999999999864e+00 7.505050000000000367e-19
2.409400000000000208e+00 1.302630000000000094e-18
2.582619999999999916e+00 2.174289999999999930e-18
2.768289999999999917e+00 3.497329999999999863e-18
2.967299999999999827e+00 5.432419999999999941e-18
3.180629999999999846e+00 8.166260000000000487e-18
3.409289999999999932e+00 1.190620000000000063e-17
3.654380000000000184e+00 1.687299999999999950e-17
3.917100000000000026e+00 2.329290000000000029e-17
4.198710000000000164e+00 3.139009999999999755e-17
4.500560000000000116e+00 4.138000000000000014e-17
4.824110000000000120e+00 5.346499999999999708e-17
5.170919999999999739e+00 6.783210000000000131e-17
5.542659999999999698e+00 8.465299999999999475e-17
5.941130000000000244e+00 1.041009999999999979e-16
6.368249999999999744e+00 1.262939999999999968e-16
6.826069999999999638e+00 1.513809999999999990e-16
7.316810000000000258e+00 1.794940000000000034e-16
7.842819999999999681e+00 2.107609999999999896e-16
8.406650000000000844e+00 2.453090000000000187e-16
9.011020000000000252e+00 2.832670000000000135e-16
9.658830000000000027e+00 3.245130000000000235e-16
1.035319999999999929e+01 3.696689999999999825e-16
1.109750000000000014e+01 4.186399999999999849e-16
1.189530000000000065e+01 4.715260000000000223e-16
1.275050000000000061e+01 5.287439999999999592e-16
1.366719999999999935e+01 5.900539999999999635e-16
1.464969999999999928e+01 6.551259999999999883e-16
1.570289999999999964e+01 7.275030000000000400e-16
1.683180000000000121e+01 8.030539999999999733e-16
1.804189999999999827e+01 8.834400000000000138e-16
1.933889999999999887e+01 9.698550000000000582e-16
2.072919999999999874e+01 1.063320000000000089e-15
2.221950000000000003e+01 1.162100000000000089e-15
2.381690000000000040e+01 1.267609999999999904e-15
2.552909999999999968e+01 1.377650000000000012e-15
2.736439999999999984e+01 1.497959999999999989e-15
2.933170000000000144e+01 1.626520000000000050e-15
3.144040000000000035e+01 1.763850000000000055e-15
3.370060000000000144e+01 1.910240000000000054e-15
3.612339999999999662e+01 2.066740000000000132e-15
3.872039999999999793e+01 2.233049999999999870e-15
4.150399999999999778e+01 2.407660000000000157e-15
4.448780000000000001e+01 2.592409999999999856e-15
4.768610000000000326e+01 2.785079999999999888e-15
5.111430000000000007e+01 2.986219999999999840e-15
5.478900000000000148e+01 3.188110000000000050e-15
5.872789999999999822e+01 3.389370000000000089e-15
6.294989999999999952e+01 3.582549999999999809e-15
6.747539999999999338e+01 3.767650000000000391e-15
7.232630000000000337e+01 3.936460000000000071e-15
7.752599999999999625e+01 4.085020000000000261e-15
8.309940000000000282e+01 4.205430000000000180e-15
8.907349999999999568e+01 4.295629999999999950e-15
9.547719999999999629e+01 4.354240000000000324e-15
1.023409999999999940e+02 4.379159999999999948e-15
1.096989999999999981e+02 4.372509999999999732e-15
1.175849999999999937e+02 4.330499999999999666e-15
1.260379999999999967e+02 4.269720000000000284e-15
1.350989999999999895e+02 4.186900000000000252e-15
1.448120000000000118e+02 4.090679999999999646e-15
1.552230000000000132e+02 3.975019999999999656e-15
1.663820000000000050e+02 3.848740000000000294e-15
1.783429999999999893e+02 3.711279999999999832e-15
1.911639999999999873e+02 3.573070000000000294e-15
2.049070000000000107e+02 3.431930000000000134e-15
2.196390000000000100e+02 3.290989999999999860e-15
2.354290000000000020e+02 3.148680000000000117e-15
2.523540000000000134e+02 3.003800000000000019e-15
2.704959999999999809e+02 2.864769999999999809e-15
2.899420000000000073e+02 2.728149999999999967e-15
3.107869999999999777e+02 2.596689999999999996e-15
3.331299999999999955e+02 2.465810000000000126e-15
3.570779999999999745e+02 2.340029999999999885e-15
3.827490000000000236e+02 2.216149999999999930e-15
4.102660000000000196e+02 2.094879999999999835e-15
4.397599999999999909e+02 1.978859999999999974e-15
4.713750000000000000e+02 1.866989999999999992e-15
5.052629999999999768e+02 1.759029999999999910e-15
5.415869999999999891e+02 1.655419999999999988e-15
5.805230000000000246e+02 1.555719999999999965e-15
6.222569999999999482e+02 1.459809999999999951e-15
6.669919999999999618e+02 1.368539999999999949e-15
7.149429999999999836e+02 1.281630000000000081e-15
7.663410000000000082e+02 1.198590000000000017e-15
8.214349999999999454e+02 1.119409999999999981e-15
8.804880000000000564e+02 1.044380000000000022e-15
9.437880000000000109e+02 9.727000000000000088e-16
1.011639999999999986e+03 9.054240000000000965e-16
1.084369999999999891e+03 8.417670000000000169e-16
1.162319999999999936e+03 7.825149999999999565e-16
1.245880000000000109e+03 7.256650000000000287e-16
1.335450000000000045e+03 6.715560000000000403e-16
1.431460000000000036e+03 6.217850000000000052e-16
1.534369999999999891e+03 5.745210000000000324e-16
1.644680000000000064e+03 5.299720000000000455e-16
1.762910000000000082e+03 4.884760000000000315e-16
1.889650000000000091e+03 4.494710000000000021e-16
2.025500000000000000e+03 4.132270000000000092e-16
2.171119999999999891e+03 3.796449999999999794e-16
2.327199999999999818e+03 3.477200000000000079e-16
2.494510000000000218e+03 3.184150000000000178e-16
2.673840000000000146e+03 2.914019999999999968e-16
2.866070000000000164e+03 2.659919999999999941e-16
3.072110000000000127e+03 2.423490000000000160e-16
3.292969999999999800e+03 2.206350000000000097e-16
3.529710000000000036e+03 2.006099999999999949e-16
3.783460000000000036e+03 1.821359999999999929e-16
4.055460000000000036e+03 1.649209999999999932e-16
4.347010000000000218e+03 1.491069999999999940e-16
4.659520000000000437e+03 1.346360000000000099e-16
4.994510000000000218e+03 1.213880000000000015e-16
5.353560000000000400e+03 1.092230000000000050e-16
5.738439999999999600e+03 9.805800000000000008e-17
6.150989999999999782e+03 8.776039999999999719e-17
6.593189999999999600e+03 7.843609999999999820e-17
7.067180000000000291e+03 6.989589999999999799e-17
7.575250000000000000e+03 6.217010000000000170e-17
-----------------------


C5 N2 Excitation 0.59 eV
COMMENT: generated by bolsig_convert.py
-----------------------
1.000000000000000021e-02 0.000000000000000000e+00
1.071889999999999996e-02 0.000000000000000000e+00
1.148949999999999971e-02 0.000000000000000000e+00
1.231550000000000006e-02 0.000000000000000000e+00
1.320089999999999979e-02 0.000000000000000000e+00
1.414989999999999998e-02 0.000000000000000000e+00
1.516720000000000047e-02 0.000000000000000000e+00
1.625760000000000052e-02 0.000000000000000000e+00
1.742629999999999874e-02 0.000000000000000000e+00
1.867910000000000056e-02 0.000000000000000000e+00
2.002200000000000160e-02 0.000000000000000000e+00
2.146139999999999853e-02 0.000000000000000000e+00
2.300429999999999836e-02 0.000000000000000000e+00
2.465809999999999877e-02 0.000000000000000000e+00
2.643080000000000082e-02 0.000000000000000000e+00
2.833099999999999855e-02 0.000000000000000000e+00
3.036770000000000094e-02 0.000000000000000000e+00
3.255090000000000067e-02 0.000000000000000000e+00
3.489099999999999840e-02 0.000000000000000000e+00
3.739939999999999931e-02 0.000000000000000000e+00
4.008810000000000151e-02 0.000000000000000000e+00
4.297000000000000125e-02 0.000000000000000000e+00
4.605920000000000153e-02 0.000000000000000000e+00
4.937049999999999772e-02 0.000000000000000000e+00
5.291980000000000295e-02 0.000000000000000000e+00
5.672429999999999833e-02 0.000000000000000000e+00
6.080220000000000069e-02 0.000000000000000000e+00
6.517340000000000633e-02 0.000000000000000000e+00
6.985879999999999868e-02 0.000000000000000000e+00
7.488100000000000311e-02 0.000000000000000000e+00
8.026429999999999676e-02 0.000000000000000000e+00
8.603470000000000562e-02 0.000000000000000000e+00
9.221980000000000455e-02 0.000000000000000000e+00
9.884959999999999580e-02 0.000000000000000000e+00
1.059559999999999946e-01 0.000000000000000000e+00
1.135729999999999934e-01 0.000000000000000000e+00
1.217379999999999990e-01 0.000000000000000000e+00
1.304899999999999949e-01 0.000000000000000000e+00
1.398709999999999953e-01 0.000000000000000000e+00
1.499270000000000047e-01 0.000000000000000000e+00
1.607049999999999867e-01 0.000000000000000000e+00
1.722589999999999955e-01 0.000000000000000000e+00
1.846430000000000016e-01 0.000000000000000000e+00
1.979170000000000096e-01 0.000000000000000000e+00
2.121450000000000002e-01 0.000000000000000000e+00
2.273969999999999880e-01 0.000000000000000000e+00
2.437439999999999884e-01 0.000000000000000000e+00
2.612680000000000002e-01 0.000000000000000000e+00
2.800500000000000211e-01 0.000000000000000000e+00
3.001840000000000064e-01 0.000000000000000000e+00
3.217639999999999945e-01 0.000000000000000000e+00
3.448959999999999804e-01 0.000000000000000000e+00
3.696909999999999918e-01 0.000000000000000000e+00
3.962689999999999824e-01 0.000000000000000000e+00
4.247569999999999957e-01 0.000000000000000000e+00
4.552939999999999765e-01 0.000000000000000000e+00
4.880249999999999866e-01 0.000000000000000000e+00
5.231099999999999639e-01 0.000000000000000000e+00
5.607170000000000210e-01 0.000000000000000000e+00
6.010280000000000067e-01 0.000000000000000000e+00
6.442360000000000309e-01 2.487280000000000075e-30
6.905510000000000259e-01 1.256349999999999932e-29
7.401959999999999651e-01 6.307800000000000464e-29
7.934099999999999486e-01 3.084520000000000103e-28
8.504490000000000105e-01 1.443239999999999976e-27
9.115889999999999826e-01 6.381859999999999883e-27
9.771239999999999926e-01 4.032569999999999795e-26
1.047369999999999912e+00 1.592049999999999992e-25
1.122670000000000057e+00 5.966979999999999581e-25
1.203379999999999894e+00 2.117749999999999835e-24
1.289889999999999981e+00 7.107660000000000061e-24
1.382619999999999960e+00 2.254620000000000063e-23
1.482019999999999893e+00 6.759870000000000320e-23
1.588559999999999972e+00 1.916519999999999929e-22
1.702769999999999895e+00 5.141839999999999562e-22
1.825180000000000025e+00 1.306690000000000021e-21
1.956399999999999917e+00 3.148980000000000086e-21
2.097049999999999859e+00 7.113710000000000080e-21
2.247809999999999864e+00 1.550490000000000142e-20
2.409400000000000208e+00 3.218600000000000129e-20
2.582619999999999916e+00 6.375220000000000473e-20
2.768289999999999917e+00 1.207349999999999925e-19
2.967299999999999827e+00 2.190860000000000008e-19
3.180629999999999846e+00 3.818010000000000051e-19
3.409289999999999932e+00 6.405060000000000375e-19
3.654380000000000184e+00 1.036879999999999986e-18
3.917100000000000026e+00 1.623710000000000006e-18
4.198710000000000164e+00 2.465600000000000192e-18
4.500560000000000116e+00 3.639109999999999890e-18
4.824110000000000120e+00 5.232729999999999889e-18
5.170919999999999739e+00 7.346430000000000436e-18
5.542659999999999698e+00 1.009129999999999961e-17
5.941130000000000244e+00 1.359660000000000051e-17
6.368249999999999744e+00 1.798089999999999959e-17
6.826069999999999638e+00 2.339330000000000016e-17
7.316810000000000258e+00 2.998789999999999741e-17
7.842819999999999681e+00 3.792949999999999836e-17
8.406650000000000844e+00 4.739480000000000299e-17
9.011020000000000252e+00 5.857219999999999406e-17
9.658830000000000027e+00 7.157199999999999479e-17
1.035319999999999929e+01 8.677289999999999840e-17
1.109750000000000014e+01 1.043160000000000048e-16
1.189530000000000065e+01 1.244489999999999885e-16
1.275050000000000061e+01 1.473769999999999886e-16
1.366719999999999935e+01 1.731150000000000037e-16
1.464969999999999928e+01 2.018910000000000052e-16
1.570289999999999964e+01 2.355530000000000038e-16
1.683180000000000121e+01 2.721409999999999881e-16
1.804189999999999827e+01 3.122289999999999800e-16
1.933889999999999887e+01 3.571590000000000021e-16
2.072919999999999874e+01 4.070370000000000013e-16
2.221950000000000003e+01 4.614529999999999866e-16
2.381690000000000040e+01 5.210020000000000200e-16
2.552909999999999968e+01 5.843850000000000286e-16
2.736439999999999984e+01 6.549919999999999549e-16
2.933170000000000144e+01 7.316669999999999633e-16
3.144040000000000035e+01 8.147259999999999587e-16
3.370060000000000144e+01 9.042199999999999295e-16
3.612339999999999662e+01 1.001049999999999967e-15
3.872039999999999793e+01 1.104939999999999965e-15
4.150399999999999778e+01 1.215080000000000015e-15
4.448780000000000001e+01 1.332590000000000025e-15
4.768610000000000326e+01 1.456120000000000082e-15
5.111430000000000007e+01 1.585209999999999977e-15
5.478900000000000148e+01 1.716800000000000011e-15
5.872789999999999822e+01 1.849170000000000030e-15
6.294989999999999952e+01 1.978509999999999879e-15
6.747539999999999338e+01 2.102969999999999933e-15
7.232630000000000337e+01 2.218200000000000033e-15
7.752599999999999625e+01 2.321260000000000173e-15
8.309940000000000282e+01 2.407619999999999865e-15
8.907349999999999568e+01 2.475450000000000022e-15
9.547719999999999629e+01 2.522749999999999824e-15
1.023409999999999940e+02 2.549899999999999881e-15
1.096989999999999981e+02 2.556979999999999988e-15
1.175849999999999937e+02 2.541550000000000051e-15
1.260379999999999967e+02 2.513659999999999907e-15
1.350989999999999895e+02 2.471349999999999817e-15
1.448120000000000118e+02 2.419079999999999858e-15
1.552230000000000132e+02 2.354979999999999861e-15
1.663820000000000050e+02 2.283590000000000095e-15
1.783429999999999893e+02 2.205500000000000043e-15
1.911639999999999873e+02 2.125409999999999959e-15
2.049070000000000107e+02 2.043010000000000040e-15
2.196390000000000100e+02 1.959729999999999996e-15
2.354290000000000020e+02 1.875829999999999954e-15
2.523540000000000134e+02 1.789679999999999925e-15
2.704959999999999809e+02 1.707260000000000057e-15
2.899420000000000073e+02 1.626079999999999988e-15
3.107869999999999777e+02 1.547659999999999988e-15
3.331299999999999955e+02 1.469670000000000075e-15
3.570779999999999745e+02 1.395079999999999982e-15
3.827490000000000236e+02 1.321069999999999988e-15
4.102660000000000196e+02 1.248779999999999951e-15
4.397599999999999909e+02 1.179380000000000046e-15
4.713750000000000000e+02 1.112449999999999962e-15
5.052629999999999768e+02 1.047870000000000006e-15
5.415869999999999891e+02 9.855760000000000626e-16
5.805230000000000246e+02 9.260090000000000159e-16
6.222569999999999482e+02 8.684540000000000105e-16
6.669919999999999618e+02 8.139919999999999748e-16
7.149429999999999836e+02 7.622239999999999587e-16
7.663410000000000082e+02 7.126749999999999892e-16
8.214349999999999454e+02 6.657340000000000415e-16
8.804880000000000564e+02 6.209389999999999713e-16
9.437880000000000109e+02 5.779969999999999729e-16
1.011639999999999986e+03 5.377730000000000119e-16
1.084369999999999891e+03 4.998769999999999972e-16
1.162319999999999936e+03 4.647419999999999696e-16
1.245880000000000109e+03 4.308950000000000233e-16
1.335450000000000045e+03 3.986469999999999773e-16
1.431460000000000036e+03 3.690899999999999982e-16
1.534369999999999891e+03 3.409779999999999863e-16
1.644680000000000064e+03 3.144450000000000243e-16
1.762910000000000082e+03 2.898320000000000028e-16
1.889650000000000091e+03 2.666110000000000245e-16
2.025500000000000000e+03 2.450880000000000197e-16
2.171119999999999891e+03 2.251879999999999823e-16
2.327199999999999818e+03 2.061839999999999993e-16
2.494510000000000218e+03 1.887940000000000017e-16
2.673840000000000146e+03 1.727739999999999899e-16
2.866070000000000164e+03 1.577220000000000117e-16
3.072110000000000127e+03 1.436760000000000049e-16
3.292969999999999800e+03 1.307960000000000057e-16
3.529710000000000036e+03 1.189159999999999980e-16
3.783460000000000036e+03 1.079720000000000045e-16
4.055460000000000036e+03 9.776320000000000069e-17
4.347010000000000218e+03 8.837510000000000055e-17
4.659520000000000437e+03 7.979609999999999712e-17
4.994510000000000218e+03 7.194720000000000186e-17
5.353560000000000400e+03 6.473890000000000609e-17
5.738439999999999600e+03 5.812169999999999789e-17
6.150989999999999782e+03 5.201709999999999726e-17
6.593189999999999600e+03 4.648030000000000065e-17
7.067180000000000291e+03 4.142029999999999830e-17
7.575250000000000000e+03 3.684220000000000261e-17
-----------------------


C6 N2 Excitation 0.88 eV
COMMENT: generated by bolsig_convert.py
-----------------------
1.000000000000000021e-02 0.000000000000000000e+00
1.071889999999999996e-02 0.000000000000000000e+00
1.148949999999999971e-02 0.000000000000000000e+00
1.231550000000000006e-02 0.000000000000000000e+00
1.320089999999999979e-02 0.000000000000000000e+00
1.414989999999999998e-02 0.000000000000000000e+00
1.516720000000000047e-02 0.000000000000000000e+00
1.625760000000000052e-02 0.000000000000000000e+00
1.742629999999999874e-02 0.000000000000000000e+00
1.867910000000000056e-02 0.000000000000000000e+00
2.002200000000000160e-02 0.000000000000000000e+00
2.146139999999999853e-02 0.000000000000000000e+00
2.300429999999999836e-02 0.000000000000000000e+00
2.465809999999999877e-02 0.000000000000000000e+00
2.643080000000000082e-02 0.000000000000000000e+00
2.833099999999999855e-02 0.000000000000000000e+00
3.036770000000000094e-02 0.000000000000000000e+00
3.255090000000000067e-02 0.000000000000000000e+00
3.489099999999999840e-02 0.000000000000000000e+00
3.739939999999999931e-02 0.000000000000000000e+00
4.008810000000000151e-02 0.000000000000000000e+00
4.297000000000000125e-02 0.000000000000000000e+00
4.605920000000000153e-02 0.000000000000000000e+00
4.937049999999999772e-02 0.000000000000000000e+00
5.291980000000000295e-02 0.000000000000000000e+00
5.672429999999999833e-02 0.000000000000000000e+00
6.080220000000000069e-02 0.000000000000000000e+00
6.517340000000000633e-02 0.000000000000000000e+00
6.985879999999999868e-02 0.000000000000000000e+00
7.488100000000000311e-02 0.000000000000000000e+00
8.026429999999999676e-02 0.000000000000000000e+00
8.603470000000000562e-02 0.000000000000000000e+00
9.221980000000000455e-02 0.000000000000000000e+00
9.884959999999999580e-02 0.000000000000000000e+00
1.059559999999999946e-01 0.000000000000000000e+00
1.135729999999999934e-01 0.000000000000000000e+00
1.217379999999999990e-01 0.000000000000000000e+00
1.304899999999999949e-01 0.000000000000000000e+00
1.398709999999999953e-01 0.000000000000000000e+00
1.499270000000000047e-01 0.000000000000000000e+00
1.607049999999999867e-01 0.000000000000000000e+00
1.722589999999999955e-01 0.000000000000000000e+00
1.846430000000000016e-01 0.000000000000000000e+00
1.979170000000000096e-01 0.000000000000000000e+00
2.121450000000000002e-01 0.000000000000000000e+00
2.273969999999999880e-01 0.000000000000000000e+00
2.437439999999999884e-01 0.000000000000000000e+00
2.612680000000000002e-01 0.000000000000000000e+00
2.800500000000000211e-01 0.000000000000000000e+00
3.001840000000000064e-01 0.000000000000000000e+00
3.217639999999999945e-01 0.000000000000000000e+00
3.448959999999999804e-01 0.000000000000000000e+00
3.696909999999999918e-01 0.000000000000000000e+00
3.962689999999999824e-01 0.000000000000000000e+00
4.247569999999999957e-01 0.000000000000000000e+00
4.552939999999999765e-01 0.000000000000000000e+00
4.880249999999999866e-01 0.000000000000000000e+00
5.231099999999999639e-01 0.000000000000000000e+00
5.607170000000000210e-01 0.000000000000000000e+00
6.010280000000000067e-01 0.000000000000000000e+00
6.442360000000000309e-01 0.000000000000000000e+00
6.905510000000000259e-01 0.000000000000000000e+00
7.401959999999999651e-01 0.000000000000000000e+00
7.934099999999999486e-01 0.000000000000000000e+00
8.504490000000000105e-01 0.000000000000000000e+00
9.115889999999999826e-01 0.000000000000000000e+00
9.771239999999999926e-01 3.921310000000000097e-28
1.047369999999999912e+00 1.331240000000000056e-27
1.122670000000000057e+00 4.320989999999999763e-27
1.203379999999999894e+00 1.356349999999999879e-26
1.289889999999999981e+00 4.170589999999999804e-26
1.382619999999999960e+00 1.271240000000000047e-25
1.482019999999999893e+00 3.870939999999999895e-25
1.588559999999999972e+00 1.178640000000000079e-24
1.702769999999999895e+00 3.567390000000000249e-24
1.825180000000000025e+00 1.062160000000000005e-23
1.956399999999999917e+00 3.075410000000000118e-23
2.097049999999999859e+00 8.613600000000000150e-23
2.247809999999999864e+00 2.293290000000000209e-22
2.409400000000000208e+00 5.815769999999999860e-22
2.582619999999999916e+00 1.402170000000000008e-21
2.768289999999999917e+00 3.212960000000000148e-21
2.967299999999999827e+00 7.002770000000000506e-21
3.180629999999999846e+00 1.454090000000000059e-20
3.409289999999999932e+00 2.882579999999999701e-20
3.654380000000000184e+00 5.468940000000000441e-20
3.917100000000000026e+00 9.956319999999999997e-20
4.198710000000000164e+00 1.744010000000000052e-19
4.500560000000000116e+00 2.947370000000000018e-19
4.824110000000000120e+00 4.818599999999999921e-19
5.170919999999999739e+00 7.640699999999999526e-19
5.542659999999999698e+00 1.178009999999999943e-18
5.941130000000000244e+00 1.769380000000000133e-18
6.368249999999999744e+00 2.596769999999999934e-18
6.826069999999999638e+00 3.729899999999999697e-18
7.316810000000000258e+00 5.253130000000000181e-18
7.842819999999999681e+00 7.266580000000000048e-18
8.406650000000000844e+00 9.887700000000000165e-18
9.011020000000000252e+00 1.325279999999999931e-17
9.658830000000000027e+00 1.749480000000000031e-17
1.035319999999999929e+01 2.283369999999999892e-17
1.109750000000000014e+01 2.945000000000000276e-17
1.189530000000000065e+01 3.760439999999999999e-17
1.275050000000000061e+01 4.747899999999999827e-17
1.366719999999999935e+01 5.920929999999999509e-17
1.464969999999999928e+01 7.316099999999999458e-17
1.570289999999999964e+01 9.026439999999999557e-17
1.683180000000000121e+01 1.098660000000000038e-16
1.804189999999999827e+01 1.324020000000000016e-16
1.933889999999999887e+01 1.586839999999999916e-16
2.072919999999999874e+01 1.888909999999999912e-16
2.221950000000000003e+01 2.231710000000000029e-16
2.381690000000000040e+01 2.619220000000000088e-16
2.552909999999999968e+01 3.043029999999999869e-16
2.736439999999999984e+01 3.527719999999999961e-16
2.933170000000000144e+01 4.065569999999999915e-16
3.144040000000000035e+01 4.658890000000000453e-16
3.370060000000000144e+01 5.314750000000000228e-16
3.612339999999999662e+01 6.024930000000000065e-16
3.872039999999999793e+01 6.793559999999999895e-16
4.150399999999999778e+01 7.605790000000000079e-16
4.448780000000000001e+01 8.483509999999999874e-16
4.768610000000000326e+01 9.407829999999999282e-16
5.111430000000000007e+01 1.037609999999999914e-15
5.478900000000000148e+01 1.135899999999999979e-15
5.872789999999999822e+01 1.234539999999999941e-15
6.294989999999999952e+01 1.329930000000000096e-15
6.747539999999999338e+01 1.422070000000000051e-15
7.232630000000000337e+01 1.507000000000000033e-15
7.752599999999999625e+01 1.582640000000000016e-15
8.309940000000000282e+01 1.645640000000000053e-15
8.907349999999999568e+01 1.694780000000000099e-15
9.547719999999999629e+01 1.728380000000000092e-15
1.023409999999999940e+02 1.747590000000000063e-15
1.096989999999999981e+02 1.752199999999999955e-15
1.175849999999999937e+02 1.740109999999999989e-15
1.260379999999999967e+02 1.719699999999999920e-15
1.350989999999999895e+02 1.689099999999999975e-15
1.448120000000000118e+02 1.652009999999999997e-15
1.552230000000000132e+02 1.606240000000000044e-15
1.663820000000000050e+02 1.555530000000000055e-15
1.783429999999999893e+02 1.500010000000000091e-15
1.911639999999999873e+02 1.443680000000000022e-15
2.049070000000000107e+02 1.385949999999999969e-15
2.196390000000000100e+02 1.328359999999999954e-15
2.354290000000000020e+02 1.269950000000000056e-15
2.523540000000000134e+02 1.209630000000000094e-15
2.704959999999999809e+02 1.152699999999999975e-15
2.899420000000000073e+02 1.096780000000000045e-15
3.107869999999999777e+02 1.043040000000000083e-15
3.331299999999999955e+02 9.895710000000000418e-16
3.570779999999999745e+02 9.384570000000000162e-16
3.827490000000000236e+02 8.879640000000000061e-16
4.102660000000000196e+02 8.384990000000000001e-16
4.397599999999999909e+02 7.913620000000000389e-16
4.713750000000000000e+02 7.458120000000000186e-16
5.052629999999999768e+02 7.021060000000000141e-16
5.415869999999999891e+02 6.599640000000000483e-16
5.805230000000000246e+02 6.197580000000000020e-16
6.222569999999999482e+02 5.811520000000000212e-16
6.669919999999999618e+02 5.444350000000000401e-16
7.149429999999999836e+02 5.099150000000000235e-16
7.663410000000000082e+02 4.765210000000000176e-16
8.214349999999999454e+02 4.447619999999999881e-16
8.804880000000000564e+02 4.146710000000000086e-16
9.437880000000000109e+02 3.856620000000000237e-16
1.011639999999999986e+03 3.590260000000000185e-16
1.084369999999999891e+03 3.336020000000000219e-16
1.162319999999999936e+03 3.098639999999999899e-16
1.245880000000000109e+03 2.872299999999999854e-16
1.335450000000000045e+03 2.657180000000000216e-16
1.431460000000000036e+03 2.458979999999999776e-16
1.534369999999999891e+03 2.271319999999999898e-16
1.644680000000000064e+03 2.094830000000000061e-16
1.762910000000000082e+03 1.930160000000000089e-16
1.889650000000000091e+03 1.776150000000000028e-16
2.025500000000000000e+03 1.632440000000000105e-16
2.171119999999999891e+03 1.499279999999999929e-16
2.327199999999999818e+03 1.372280000000000035e-16
2.494510000000000218e+03 1.256449999999999936e-16
2.673840000000000146e+03 1.150290000000000001e-16
2.866070000000000164e+03 1.049679999999999980e-16
3.072110000000000127e+03 9.560220000000000117e-17
3.292969999999999800e+03 8.702799999999999637e-17
3.529710000000000036e+03 7.912150000000000535e-17
3.783460000000000036e+03 7.184629999999999957e-17
4.055460000000000036e+03 6.504379999999999898e-17
4.347010000000000218e+03 5.879150000000000337e-17
4.659520000000000437e+03 5.308330000000000165e-17
4.994510000000000218e+03 4.786470000000000077e-17
5.353560000000000400e+03 4.306960000000000076e-17
5.738439999999999600e+03 3.866559999999999862e-17
6.150989999999999782e+03 3.460139999999999832e-17
6.593189999999999600e+03 3.091660000000000080e-17
7.067180000000000291e+03 2.755379999999999894e-17
7.575250000000000000e+03 2.450830000000000078e-17
-----------------------


C7 N2 Excitation 1.17 eV
COMMENT: generated by bolsig_convert.py
-----------------------
1.000000000000000021e-02 0.000000000000000000e+00
1.071889999999999996e-02 0.000000000000000000e+00
1.148949999999999971e-02 0.000000000000000000e+00
1.231550000000000006e-02 0.000000000000000000e+00
1.320089999999999979e-02 0.000000000000000000e+00
1.414989999999999998e-02 0.000000000000000000e+00
1.516720000000000047e-02 0.000000000000000000e+00
1.625760000000000052e-02 0.000000000000000000e+00
1.742629999999999874e-02 0.000000000000000000e+00
1.867910000000000056e-02 0.000000000000000000e+00
2.002200000000000160e-02 0.000000000000000000e+00
2.146139999999999853e-02 0.000000000000000000e+00
2.300429999999999836e-02 0.000000000000000000e+00
2.465809999999999877e-02 0.000000000000000000e+00
2.643080000000000082e-02 0.000000000000000000e+00
2.833099999999999855e-02 0.000000000000000000e+00
3.036770000000000094e-02 0.000000000000000000e+00
3.255090000000000067e-02 0.000000000000000000e+00
3.489099999999999840e-02 0.000000000000000000e+00
3.739939999999999931e-02 0.000000000000000000e+00
4.008810000000000151e-02 0.000000000000000000e+00
4.297000000000000125e-02 0.000000000000000000e+00
4.605920000000000153e-02 0.000000000000000000e+00
4.937049999999999772e-02 0.000000000000000000e+00
5.291980000000000295e-02 0.000000000000000000e+00
5.672429999999999833e-02 0.000000000000000000e+00
6.080220000000000069e-02 0.000000000000000000e+00
6.517340000000000633e-02 0.000000000000000000e+00
6.985879999999999868e-02 0.000000000000000000e+00
7.488100000000000311e-02 0.000000000000000000e+00
8.026429999999999676e-02 0.000000000000000000e+00
8.603470000000000562e-02 0.000000000000000000e+00
9.221980000000000455e-02 0.000000000000000000e+00
9.884959999999999580e-02 0.000000000000000000e+00
1.059559999999999946e-01 0.000000000000000000e+00
1.135729999999999934e-01 0.000000000000000000e+00
1.217379999999999990e-01 0.000000000000000000e+00
1.304899999999999949e-01 0.000000000000000000e+00
1.398709999999999953e-01 0.000000000000000000e+00
1.499270000000000047e-01 0.000000000000000000e+00
1.607049999999999867e-01 0.000000000000000000e+00
1.722589999999999955e-01 0.000000000000000000e+00
1.846430000000000016e-01 0.000000000000000000e+00
1.979170000000000096e-01 0.000000000000000000e+00
2.121450000000000002e-01 0.000000000000000000e+00
2.273969999999999880e-01 0.000000000000000000e+00
2.437439999999999884e-01 0.000000000000000000e+00
2.612680000000000002e-01 0.000000000000000000e+00
2.800500000000000211e-01 0.000000000000000000e+00
3.001840000000000064e-01 0.000000000000000000e+00
3.217639999999999945e-01 0.000000000000000000e+00
3.448959999999999804e-01 0.000000000000000000e+00
3.696909999999999918e-01 0.000000000000000000e+00
3.962689999999999824e-01 0.000000000000000000e+00
4.247569999999999957e-01 0.000000000000000000e+00
4.552939999999999765e-01 0.000000000000000000e+00
4.880249999999999866e-01 0.000000000000000000e+00
5.231099999999999639e-01 0.000000000000000000e+00
5.607170000000000210e-01 0.000000000000000000e+00
6.010280000000000067e-01 0.000000000000000000e+00
6.442360000000000309e-01 0.000000000000000000e+00
6.905510000000000259e-01 0.000000000000000000e+00
7.401959999999999651e-01 0.000000000000000000e+00
7.934099999999999486e-01 0.000000000000000000e+00
8.504490000000000105e-01 0.000000000000000000e+00
9.115889999999999826e-01 0.000000000000000000e+00
9.771239999999999926e-01 1.879960000000000114e-30
1.047369999999999912e+00 7.196459999999999968e-30
1.122670000000000057e+00 2.574340000000000028e-29
1.203379999999999894e+00 8.599090000000000173e-29
1.289889999999999981e+00 2.683780000000000189e-28
1.382619999999999960e+00 7.838719999999999721e-28
1.482019999999999893e+00 2.148049999999999953e-27
1.588559999999999972e+00 5.542870000000000220e-27
1.702769999999999895e+00 1.353849999999999886e-26
1.825180000000000025e+00 3.152689999999999862e-26
1.956399999999999917e+00 7.068919999999999510e-26
2.097049999999999859e+00 2.055339999999999939e-25
2.247809999999999864e+00 4.539440000000000298e-25
2.409400000000000208e+00 9.984260000000000916e-25
2.582619999999999916e+00 2.213640000000000087e-24
2.768289999999999917e+00 4.987460000000000003e-24
2.967299999999999827e+00 1.142829999999999988e-23
3.180629999999999846e+00 2.645299999999999949e-23
3.409289999999999932e+00 6.115910000000000123e-23
3.654380000000000184e+00 1.396099999999999915e-22
3.917100000000000026e+00 3.117850000000000034e-22
4.198710000000000164e+00 6.771819999999999807e-22
4.500560000000000116e+00 1.425999999999999974e-21
4.824110000000000120e+00 2.908439999999999833e-21
5.170919999999999739e+00 5.747209999999999734e-21
5.542659999999999698e+00 1.101490000000000011e-20
5.941130000000000244e+00 2.084889999999999959e-20
6.368249999999999744e+00 3.767320000000000251e-20
6.826069999999999638e+00 6.634520000000000559e-20
7.316810000000000258e+00 1.140309999999999895e-19
7.842819999999999681e+00 1.915219999999999986e-19
8.406650000000000844e+00 3.146760000000000156e-19
9.011020000000000252e+00 5.062529999999999824e-19
9.658830000000000027e+00 8.016529999999999667e-19
1.035319999999999929e+01 1.238499999999999997e-18
1.109750000000000014e+01 1.877879999999999979e-18
1.189530000000000065e+01 2.809510000000000083e-18
1.275050000000000061e+01 4.137739999999999678e-18
1.366719999999999935e+01 5.965399999999999858e-18
1.464969999999999928e+01 8.424159999999999708e-18
1.570289999999999964e+01 1.182860000000000037e-17
1.683180000000000121e+01 1.615760000000000098e-17
1.804189999999999827e+01 2.171199999999999972e-17
1.933889999999999887e+01 2.885510000000000295e-17
2.072919999999999874e+01 3.780509999999999923e-17
2.221950000000000003e+01 4.897429999999999986e-17
2.381690000000000040e+01 6.269639999999999558e-17
2.552909999999999968e+01 7.916540000000000248e-17
2.736439999999999984e+01 9.910649999999999877e-17
2.933170000000000144e+01 1.227850000000000072e-16
3.144040000000000035e+01 1.506020000000000064e-16
3.370060000000000144e+01 1.838580000000000088e-16
3.612339999999999662e+01 2.211500000000000042e-16
3.872039999999999793e+01 2.635850000000000223e-16
4.150399999999999778e+01 3.097270000000000037e-16
4.448780000000000001e+01 3.626609999999999779e-16
4.768610000000000326e+01 4.207419999999999942e-16
5.111430000000000007e+01 4.853580000000000269e-16
5.478900000000000148e+01 5.520830000000000413e-16
5.872789999999999822e+01 6.215740000000000300e-16
6.294989999999999952e+01 6.901729999999999837e-16
6.747539999999999338e+01 7.603110000000000399e-16
7.232630000000000337e+01 8.279180000000000161e-16
7.752599999999999625e+01 8.905899999999999427e-16
8.309940000000000282e+01 9.470830000000000503e-16
8.907349999999999568e+01 9.953690000000000228e-16
9.547719999999999629e+01 1.033879999999999950e-15
1.023409999999999940e+02 1.062689999999999919e-15
1.096989999999999981e+02 1.081310000000000013e-15
1.175849999999999937e+02 1.088200000000000012e-15
1.260379999999999967e+02 1.088139999999999968e-15
1.350989999999999895e+02 1.080029999999999921e-15
1.448120000000000118e+02 1.066179999999999903e-15
1.552230000000000132e+02 1.045290000000000070e-15
1.663820000000000050e+02 1.019770000000000003e-15
1.783429999999999893e+02 9.894299999999999868e-16
1.911639999999999873e+02 9.578320000000000599e-16
2.049070000000000107e+02 9.242799999999999044e-16
2.196390000000000100e+02 8.900330000000000403e-16
2.354290000000000020e+02 8.543370000000000417e-16
2.523540000000000134e+02 8.166569999999999895e-16
2.704959999999999809e+02 7.806700000000000222e-16
2.899420000000000073e+02 7.448669999999999609e-16
3.107869999999999777e+02 7.096670000000000003e-16
3.331299999999999955e+02 6.747980000000000050e-16
3.570779999999999745e+02 6.412749999999999531e-16
3.827490000000000236e+02 6.078390000000000148e-16
4.102660000000000196e+02 5.748710000000000282e-16
4.397599999999999909e+02 5.433040000000000420e-16
4.713750000000000000e+02 5.126499999999999584e-16
5.052629999999999768e+02 4.831329999999999760e-16
5.415869999999999891e+02 4.546500000000000021e-16
5.805230000000000246e+02 4.273099999999999858e-16
6.222569999999999482e+02 4.012470000000000097e-16
6.669919999999999618e+02 3.761190000000000183e-16
7.149429999999999836e+02 3.523839999999999886e-16
7.663410000000000082e+02 3.294719999999999922e-16
8.214349999999999454e+02 3.073399999999999809e-16
8.804880000000000564e+02 2.866950000000000171e-16
9.437880000000000109e+02 2.669589999999999860e-16
1.011639999999999986e+03 2.486300000000000090e-16
1.084369999999999891e+03 2.310840000000000193e-16
1.162319999999999936e+03 2.145730000000000060e-16
1.245880000000000109e+03 1.989559999999999881e-16
1.335450000000000045e+03 1.842600000000000102e-16
1.431460000000000036e+03 1.703950000000000058e-16
1.534369999999999891e+03 1.574230000000000043e-16
1.644680000000000064e+03 1.453249999999999998e-16
1.762910000000000082e+03 1.338750000000000060e-16
1.889650000000000091e+03 1.231440000000000097e-16
2.025500000000000000e+03 1.131980000000000104e-16
2.171119999999999891e+03 1.040180000000000023e-16
2.327199999999999818e+03 9.520149999999999991e-17
2.494510000000000218e+03 8.717120000000000035e-17
2.673840000000000146e+03 7.980199999999999491e-17
2.866070000000000164e+03 7.284390000000000418e-17
3.072110000000000127e+03 6.634210000000000077e-17
3.292969999999999800e+03 6.039379999999999984e-17
3.529710000000000036e+03 5.490110000000000133e-17
3.783460000000000036e+03 4.986420000000000003e-17
4.055460000000000036e+03 4.514170000000000070e-17
4.347010000000000218e+03 4.080249999999999840e-17
4.659520000000000437e+03 3.684129999999999825e-17
4.994510000000000218e+03 3.321939999999999751e-17
5.353560000000000400e+03 2.989129999999999748e-17
5.738439999999999600e+03 2.683879999999999928e-17
6.150989999999999782e+03 2.401719999999999882e-17
6.593189999999999600e+03 2.145720000000000012e-17
7.067180000000000291e+03 1.912390000000000037e-17
7.575250000000000000e+03 1.701019999999999905e-17
-----------------------


C8 N2 Excitation 1.47 eV
COMMENT: generated by bolsig_convert.py
-----------------------
1.000000000000000021e-02 0.000000000000000000e+00
1.071889999999999996e-02 0.000000000000000000e+00
1.148949999999999971e-02 0.000000000000000000e+00
1.231550000000000006e-02 0.000000000000000000e+00
1.320089999999999979e-02 0.000000000000000000e+00
1.414989999999999998e-02 0.000000000000000000e+00
1.516720000000000047e-02 0.000000000000000000e+00
1.625760000000000052e-02 0.000000000000000000e+00
1.742629999999999874e-02 0.000000000000000000e+00
1.867910000000000056e-02 0.000000000000000000e+00
2.002200000000000160e-02 0.000000000000000000e+00
2.146139999999999853e-02 0.000000000000000000e+00
2.300429999999999836e-02 0.000000000000000000e+00
2.465809999999999877e-02 0.000000000000000000e+00
2.643080000000000082e-02 0.000000000000000000e+00
2.833099999999999855e-02 0.000000000000000000e+00
3.036770000000000094e-02 0.000000000000000000e+00
3.255090000000000067e-02 0.000000000000000000e+00
3.489099999999999840e-02 0.000000000000000000e+00
3.739939999999999931e-02 0.000000000000000000e+00
4.008810000000000151e-02 0.000000000000000000e+00
4.297000000000000125e-02 0.000000000000000000e+00
4.605920000000000153e-02 0.000000000000000000e+00
4.937049999999999772e-02 0.000000000000000000e+00
5.291980000000000295e-02 0.000000000000000000e+00
5.672429999999999833e-02 0.000000000000000000e+00
6.080220000000000069e-02 0.000000000000000000e+00
6.517340000000000633e-02 0.000000000000000000e+00
6.985879999999999868e-02 0.000000000000000000e+00
7.488100000000000311e-02 0.000000000000000000e+00
8.026429999999999676e-02 0.000000000000000000e+00
8.603470000000000562e-02 0.000000000000000000e+00
9.221980000000000455e-02 0.000000000000000000e+00
9.884959999999999580e-02 0.000000000000000000e+00
1.059559999999999946e-01 0.000000000000000000e+00
1.135729999999999934e-01 0.000000000000000000e+00
1.217379999999999990e-01 0.000000000000000000e+00
1.304899999999999949e-01 0.000000000000000000e+00
1.398709999999999953e-01 0.000000000000000000e+00
1.499270000000000047e-01 0.000000000000000000e+00
1.607049999999999867e-01 0.000000000000000000e+00
1.722589999999999955e-01 0.000000000000000000e+00
1.846430000000000016e-01 0.000000000000000000e+00
1.979170000000000096e-01 0.000000000000000000e+00
2.121450000000000002e-01 0.000000000000000000e+00
2.273969999999999880e-01 0.000000000000000000e+00
2.437439999999999884e-01 0.000000000000000000e+00
2.612680000000000002e-01 0.000000000000000000e+00
2.800500000000000211e-01 0.000000000000000000e+00
3.001840000000000064e-01 0.000000000000000000e+00
3.217639999999999945e-01 0.000000000000000000e+00
3.448959999999999804e-01 0.000000000000000000e+00
3.696909999999999918e-01 0.000000000000000000e+00
3.962689999999999824e-01 0.000000000000000000e+00
4.247569999999999957e-01 0.000000000000000000e+00
4.552939999999999765e-01 0.000000000000000000e+00
4.880249999999999866e-01 0.000000000000000000e+00
5.231099999999999639e-01 0.000000000000000000e+00
5.607170000000000210e-01 0.000000000000000000e+00
6.010280000000000067e-01 0.000000000000000000e+00
6.442360000000000309e-01 0.000000000000000000e+00
6.905510000000000259e-01 0.000000000000000000e+00
7.401959999999999651e-01 0.000000000000000000e+00
7.934099999999999486e-01 0.000000000000000000e+00
8.504490000000000105e-01 0.000000000000000000e+00
9.115889999999999826e-01 0.000000000000000000e+00
9.771239999999999926e-01 5.564789999999999829e-34
1.047369999999999912e+00 2.344480000000000155e-33
1.122670000000000057e+00 9.327039999999999484e-33
1.203379999999999894e+00 3.475289999999999998e-32
1.289889999999999981e+00 1.208240000000000067e-31
1.382619999999999960e+00 3.915049999999999925e-31
1.482019999999999893e+00 1.182780000000000015e-30
1.588559999999999972e+00 3.335009999999999816e-30
1.702769999999999895e+00 8.786839999999999635e-30
1.825180000000000025e+00 2.165460000000000081e-29
1.956399999999999917e+00 4.995199999999999721e-29
2.097049999999999859e+00 2.080980000000000137e-26
2.247809999999999864e+00 4.743659999999999867e-26
2.409400000000000208e+00 1.028910000000000053e-25
2.582619999999999916e+00 2.136940000000000213e-25
2.768289999999999917e+00 4.291410000000000458e-25
2.967299999999999827e+00 8.455060000000000103e-25
3.180629999999999846e+00 1.667399999999999871e-24
3.409289999999999932e+00 3.370220000000000064e-24
3.654380000000000184e+00 7.128509999999999864e-24
3.917100000000000026e+00 1.590579999999999996e-23
4.198710000000000164e+00 3.708180000000000025e-23
4.500560000000000116e+00 8.840459999999999857e-23
4.824110000000000120e+00 2.106590000000000007e-22
5.170919999999999739e+00 4.930410000000000324e-22
5.542659999999999698e+00 1.121130000000000013e-21
5.941130000000000244e+00 2.540790000000000075e-21
6.368249999999999744e+00 5.351359999999999695e-21
6.826069999999999638e+00 1.086279999999999989e-20
7.316810000000000258e+00 2.126530000000000037e-20
7.842819999999999681e+00 4.019440000000000108e-20
8.406650000000000844e+00 7.346229999999999900e-20
9.011020000000000252e+00 1.300400000000000029e-19
9.658830000000000027e+00 2.252179999999999887e-19
1.035319999999999929e+01 3.752769999999999985e-19
1.109750000000000014e+01 6.088820000000000162e-19
1.189530000000000065e+01 9.700289999999999404e-19
1.275050000000000061e+01 1.513240000000000085e-18
1.366719999999999935e+01 2.301050000000000171e-18
1.464969999999999928e+01 3.401889999999999853e-18
1.570289999999999964e+01 4.977799999999999813e-18
1.683180000000000121e+01 7.056510000000000672e-18
1.804189999999999827e+01 9.832529999999999865e-18
1.933889999999999887e+01 1.350299999999999972e-17
2.072919999999999874e+01 1.825240000000000004e-17
2.221950000000000003e+01 2.436210000000000074e-17
2.381690000000000040e+01 3.209709999999999848e-17
2.552909999999999968e+01 4.170420000000000031e-17
2.736439999999999984e+01 5.361850000000000169e-17
2.933170000000000144e+01 6.816310000000000363e-17
3.144040000000000035e+01 8.571789999999999900e-17
3.370060000000000144e+01 1.072659999999999961e-16
3.612339999999999662e+01 1.320569999999999930e-16
3.872039999999999793e+01 1.609760000000000100e-16
4.150399999999999778e+01 1.933439999999999967e-16
4.448780000000000001e+01 2.311679999999999828e-16
4.768610000000000326e+01 2.736350000000000081e-16
5.111430000000000007e+01 3.218549999999999811e-16
5.478900000000000148e+01 3.728800000000000065e-16
5.872789999999999822e+01 4.272290000000000245e-16
6.294989999999999952e+01 4.827100000000000084e-16
6.747539999999999338e+01 5.401889999999999904e-16
7.232630000000000337e+01 5.970170000000000335e-16
7.752599999999999625e+01 6.509710000000000223e-16
8.309940000000000282e+01 7.013940000000000135e-16
8.907349999999999568e+01 7.462270000000000461e-16
9.547719999999999629e+01 7.840199999999999682e-16
1.023409999999999940e+02 8.143900000000000061e-16
1.096989999999999981e+02 8.367540000000000082e-16
1.175849999999999937e+02 8.498630000000000206e-16
1.260379999999999967e+02 8.568120000000000474e-16
1.350989999999999895e+02 8.568259999999999920e-16
1.448120000000000118e+02 8.514729999999999620e-16
1.552230000000000132e+02 8.400290000000000466e-16
1.663820000000000050e+02 8.242050000000000482e-16
1.783429999999999893e+02 8.035750000000000463e-16
1.911639999999999873e+02 7.815880000000000107e-16
2.049070000000000107e+02 7.574390000000000200e-16
2.196390000000000100e+02 7.323020000000000220e-16
2.354290000000000020e+02 7.053719999999999965e-16
2.523540000000000134e+02 6.762899999999999906e-16
2.704959999999999809e+02 6.483509999999999916e-16
2.899420000000000073e+02 6.202319999999999581e-16
3.107869999999999777e+02 5.924170000000000179e-16
3.331299999999999955e+02 5.645070000000000239e-16
3.570779999999999745e+02 5.373219999999999578e-16
3.827490000000000236e+02 5.102109999999999794e-16
4.102660000000000196e+02 4.832740000000000309e-16
4.397599999999999909e+02 4.574209999999999637e-16
4.713750000000000000e+02 4.322240000000000199e-16
5.052629999999999768e+02 4.078479999999999764e-16
5.415869999999999891e+02 3.842189999999999922e-16
5.805230000000000246e+02 3.614970000000000048e-16
6.222569999999999482e+02 3.397209999999999937e-16
6.669919999999999618e+02 3.187360000000000087e-16
7.149429999999999836e+02 2.987780000000000106e-16
7.663410000000000082e+02 2.795739999999999947e-16
8.214349999999999454e+02 2.610760000000000243e-16
8.804880000000000564e+02 2.436909999999999893e-16
9.437880000000000109e+02 2.271549999999999904e-16
1.011639999999999986e+03 2.114689999999999954e-16
1.084369999999999891e+03 1.966539999999999953e-16
1.162319999999999936e+03 1.827680000000000000e-16
1.245880000000000109e+03 1.695320000000000005e-16
1.335450000000000045e+03 1.570389999999999915e-16
1.431460000000000036e+03 1.453050000000000014e-16
1.534369999999999891e+03 1.342819999999999947e-16
1.644680000000000064e+03 1.239550000000000095e-16
1.762910000000000082e+03 1.142549999999999949e-16
1.889650000000000091e+03 1.050710000000000043e-16
2.025500000000000000e+03 9.660949999999999735e-17
2.171119999999999891e+03 8.883059999999999631e-17
2.327199999999999818e+03 8.131799999999999825e-17
2.494510000000000218e+03 7.446729999999999818e-17
2.673840000000000146e+03 6.815059999999999850e-17
2.866070000000000164e+03 6.223560000000000494e-17
3.072110000000000127e+03 5.669249999999999628e-17
3.292969999999999800e+03 5.161240000000000125e-17
3.529710000000000036e+03 4.691579999999999806e-17
3.783460000000000036e+03 4.261049999999999987e-17
4.055460000000000036e+03 3.858409999999999794e-17
4.347010000000000218e+03 3.487629999999999984e-17
4.659520000000000437e+03 3.149120000000000081e-17
4.994510000000000218e+03 2.839450000000000094e-17
5.353560000000000400e+03 2.554940000000000058e-17
5.738439999999999600e+03 2.294200000000000011e-17
6.150989999999999782e+03 2.053029999999999929e-17
6.593189999999999600e+03 1.834460000000000021e-17
7.067180000000000291e+03 1.634789999999999912e-17
7.575250000000000000e+03 1.454099999999999989e-17
-----------------------


C9 N2 Excitation 1.76 eV
COMMENT: generated by bolsig_convert.py
-----------------------
1.000000000000000021e-02 0.000000000000000000e+00
1.071889999999999996e-02 0.000000000000000000e+00
1.148949999999999971e-02 0.000000000000000000e+00
1.231550000000000006e-02 0.000000000000000000e+00
1.320089999999999979e-02 0.000000000000000000e+00
1.414989999999999998e-02 0.000000000000000000e+00
1.516720000000000047e-02 0.000000000000000000e+00
1.625760000000000052e-02 0.000000000000000000e+00
1.742629999999999874e-02 0.000000000000000000e+00
1.867910000000000056e-02 0.000000000000000000e+00
2.002200000000000160e-02 0.000000000000000000e+00
2.146139999999999853e-02 0.000000000000000000e+00
2.300429999999999836e-02 0.000000000000000000e+00
2.465809999999999877e-02 0.000000000000000000e+00
2.643080000000000082e-02 0.000000000000000000e+00
2.833099999999999855e-02 0.000000000000000000e+00
3.036770000000000094e-02 0.000000000000000000e+00
3.255090000000000067e-02 0.000000000000000000e+00
3.489099999999999840e-02 0.000000000000000000e+00
3.739939999999999931e-02 0.000000000000000000e+00
4.008810000000000151e-02 0.000000000000000000e+00
4.297000000000000125e-02 0.000000000000000000e+00
4.605920000000000153e-02 0.000000000000000000e+00
4.937049999999999772e-02 0.000000000000000000e+00
5.291980000000000295e-02 0.000000000000000000e+00
5.672429999999999833e-02 0.000000000000000000e+00
6.080220000000000069e-02 0.000000000000000000e+00
6.517340000000000633e-02 0.000000000000000000e+00
6.985879999999999868e-02 0.000000000000000000e+00
7.488100000000000311e-02 0.000000000000000000e+00
8.026429999999999676e-02 0.000000000000000000e+00
8.603470000000000562e-02 0.000000000000000000e+00
9.221980000000000455e-02 0.000000000000000000e+00
9.884959999999999580e-02 0.000000000000000000e+00
1.059559999999999946e-01 0.000000000000000000e+00
1.135729999999999934e-01 0.000000000000000000e+00
1.217379999999999990e-01 0.000000000000000000e+00
1.304899999999999949e-01 0.000000000000000000e+00
1.398709999999999953e-01 0.000000000000000000e+00
1.499270000000000047e-01 0.000000000000000000e+00
1.607049999999999867e-01 0.000000000000000000e+00
1.722589999999999955e-01 0.000000000000000000e+00
1.846430000000000016e-01 0.000000000000000000e+00
1.979170000000000096e-01 0.000000000000000000e+00
2.121450000000000002e-01 0.000000000000000000e+00
2.273969999999999880e-01 0.000000000000000000e+00
2.437439999999999884e-01 0.000000000000000000e+00
2.612680000000000002e-01 0.000000000000000000e+00
2.800500000000000211e-01 0.000000000000000000e+00
3.001840000000000064e-01 0.000000000000000000e+00
3.217639999999999945e-01 0.000000000000000000e+00
3.448959999999999804e-01 0.000000000000000000e+00
3.696909999999999918e-01 0.000000000000000000e+00
3.962689999999999824e-01 0.000000000000000000e+00
4.247569999999999957e-01 0.000000000000000000e+00
4.552939999999999765e-01 0.000000000000000000e+00
4.880249999999999866e-01 0.000000000000000000e+00
5.231099999999999639e-01 0.000000000000000000e+00
5.607170000000000210e-01 0.000000000000000000e+00
6.010280000000000067e-01 0.000000000000000000e+00
6.442360000000000309e-01 0.000000000000000000e+00
6.905510000000000259e-01 0.000000000000000000e+00
7.401959999999999651e-01 0.000000000000000000e+00
7.934099999999999486e-01 0.000000000000000000e+00
8.504490000000000105e-01 0.000000000000000000e+00
9.115889999999999826e-01 0.000000000000000000e+00
9.771239999999999926e-01 0.000000000000000000e+00
1.047369999999999912e+00 0.000000000000000000e+00
1.122670000000000057e+00 0.000000000000000000e+00
1.203379999999999894e+00 0.000000000000000000e+00
1.289889999999999981e+00 0.000000000000000000e+00
1.382619999999999960e+00 0.000000000000000000e+00
1.482019999999999893e+00 0.000000000000000000e+00
1.588559999999999972e+00 0.000000000000000000e+00
1.702769999999999895e+00 0.000000000000000000e+00
1.825180000000000025e+00 0.000000000000000000e+00
1.956399999999999917e+00 0.000000000000000000e+00
2.097049999999999859e+00 9.446460000000000156e-30
2.247809999999999864e+00 2.167889999999999883e-29
2.409400000000000208e+00 4.957170000000000040e-29
2.582619999999999916e+00 1.135690000000000072e-28
2.768289999999999917e+00 2.611749999999999776e-28
2.967299999999999827e+00 6.019239999999999640e-28
3.180629999999999846e+00 1.384650000000000030e-27
3.409289999999999932e+00 3.164630000000000094e-27
3.654380000000000184e+00 7.165479999999999574e-27
3.917100000000000026e+00 1.609379999999999934e-26
4.198710000000000164e+00 3.613669999999999994e-26
4.500560000000000116e+00 8.239410000000000071e-26
4.824110000000000120e+00 1.948409999999999975e-25
5.170919999999999739e+00 4.865380000000000128e-25
5.542659999999999698e+00 1.287230000000000020e-24
5.941130000000000244e+00 3.815709999999999693e-24
6.368249999999999744e+00 1.069159999999999948e-23
6.826069999999999638e+00 2.970780000000000093e-23
7.316810000000000258e+00 8.054330000000000310e-23
7.842819999999999681e+00 2.109820000000000032e-22
8.406650000000000844e+00 5.311790000000000350e-22
9.011020000000000252e+00 1.282380000000000062e-21
9.658830000000000027e+00 3.041450000000000089e-21
1.035319999999999929e+01 6.718759999999999721e-21
1.109750000000000014e+01 1.425740000000000033e-20
1.189530000000000065e+01 2.964020000000000041e-20
1.275050000000000061e+01 6.001719999999999629e-20
1.366719999999999935e+01 1.172419999999999979e-19
1.464969999999999928e+01 2.156299999999999987e-19
1.570289999999999964e+01 3.860340000000000195e-19
1.683180000000000121e+01 6.541119999999999673e-19
1.804189999999999827e+01 1.088750000000000081e-18
1.933889999999999887e+01 1.748880000000000127e-18
2.072919999999999874e+01 2.761689999999999978e-18
2.221950000000000003e+01 4.227910000000000177e-18
2.381690000000000040e+01 6.335930000000000305e-18
2.552909999999999968e+01 9.340169999999999813e-18
2.736439999999999984e+01 1.343060000000000001e-17
2.933170000000000144e+01 1.895800000000000035e-17
3.144040000000000035e+01 2.628819999999999852e-17
3.370060000000000144e+01 3.605929999999999732e-17
3.612339999999999662e+01 4.830490000000000248e-17
3.872039999999999793e+01 6.368339999999999811e-17
4.150399999999999778e+01 8.241189999999999518e-17
4.448780000000000001e+01 1.053280000000000053e-16
4.768610000000000326e+01 1.325769999999999995e-16
5.111430000000000007e+01 1.650450000000000027e-16
5.478900000000000148e+01 2.013400000000000087e-16
5.872789999999999822e+01 2.418380000000000162e-16
6.294989999999999952e+01 2.856820000000000242e-16
6.747539999999999338e+01 3.323610000000000082e-16
7.232630000000000337e+01 3.805099999999999944e-16
7.752599999999999625e+01 4.285019999999999961e-16
8.309940000000000282e+01 4.751869999999999845e-16
8.907349999999999568e+01 5.188610000000000312e-16
9.547719999999999629e+01 5.581900000000000042e-16
1.023409999999999940e+02 5.920639999999999705e-16
1.096989999999999981e+02 6.198309999999999738e-16
1.175849999999999937e+02 6.403359999999999984e-16
1.260379999999999967e+02 6.552840000000000393e-16
1.350989999999999895e+02 6.640840000000000048e-16
1.448120000000000118e+02 6.669879999999999826e-16
1.552230000000000132e+02 6.650970000000000471e-16
1.663820000000000050e+02 6.588059999999999810e-16
1.783429999999999893e+02 6.479819999999999653e-16
1.911639999999999873e+02 6.349829999999999684e-16
2.049070000000000107e+02 6.194649999999999991e-16
2.196390000000000100e+02 6.023210000000000108e-16
2.354290000000000020e+02 5.832310000000000299e-16
2.523540000000000134e+02 5.619170000000000153e-16
2.704959999999999809e+02 5.409330000000000475e-16
2.899420000000000073e+02 5.193780000000000354e-16
3.107869999999999777e+02 4.974939999999999938e-16
3.331299999999999955e+02 4.754679999999999786e-16
3.570779999999999745e+02 4.538899999999999660e-16
3.827490000000000236e+02 4.319979999999999842e-16
4.102660000000000196e+02 4.100529999999999797e-16
4.397599999999999909e+02 3.888379999999999889e-16
4.713750000000000000e+02 3.680280000000000018e-16
5.052629999999999768e+02 3.477899999999999775e-16
5.415869999999999891e+02 3.280269999999999756e-16
5.805230000000000246e+02 3.090059999999999965e-16
6.222569999999999482e+02 2.906609999999999913e-16
6.669919999999999618e+02 2.729849999999999876e-16
7.149429999999999836e+02 2.560940000000000056e-16
7.663410000000000082e+02 2.398370000000000158e-16
8.214349999999999454e+02 2.242280000000000120e-16
8.804880000000000564e+02 2.094310000000000006e-16
9.437880000000000109e+02 1.952980000000000034e-16
1.011639999999999986e+03 1.817729999999999957e-16
1.084369999999999891e+03 1.691350000000000110e-16
1.162319999999999936e+03 1.574420000000000101e-16
1.245880000000000109e+03 1.460879999999999887e-16
1.335450000000000045e+03 1.352270000000000031e-16
1.431460000000000036e+03 1.252900000000000105e-16
1.534369999999999891e+03 1.158120000000000121e-16
1.644680000000000064e+03 1.068300000000000024e-16
1.762910000000000082e+03 9.859070000000000033e-17
1.889650000000000091e+03 9.060949999999999846e-17
2.025500000000000000e+03 8.333269999999999724e-17
2.171119999999999891e+03 7.669389999999999525e-17
2.327199999999999818e+03 7.020150000000000043e-17
2.494510000000000218e+03 6.429299999999999524e-17
2.673840000000000146e+03 5.881650000000000131e-17
2.866070000000000164e+03 5.375289999999999999e-17
3.072110000000000127e+03 4.895950000000000206e-17
3.292969999999999800e+03 4.457449999999999959e-17
3.529710000000000036e+03 4.051929999999999978e-17
3.783460000000000036e+03 3.679699999999999918e-17
4.055460000000000036e+03 3.332889999999999835e-17
4.347010000000000218e+03 3.012539999999999841e-17
4.659520000000000437e+03 2.720190000000000006e-17
4.994510000000000218e+03 2.452719999999999996e-17
5.353560000000000400e+03 2.206930000000000012e-17
5.738439999999999600e+03 1.981909999999999957e-17
6.150989999999999782e+03 1.773659999999999851e-17
6.593189999999999600e+03 1.584529999999999996e-17
7.067180000000000291e+03 1.412230000000000073e-17
7.575250000000000000e+03 1.256150000000000053e-17
-----------------------


C10 N2 Excitation 2.06 eV
COMMENT: generated by bolsig_convert.py
-----------------------
1.000000000000000021e-02 0.000000000000000000e+00
1.071889999999999996e-02 0.000000000000000000e+00
1.148949999999999971e-02 0.000000000000000000e+00
1.231550000000000006e-02 0.000000000000000000e+00
1.320089999999999979e-02 0.000000000000000000e+00
1.414989999999999998e-02 0.000000000000000000e+00
1.516720000000000047e-02 0.000000000000000000e+00
1.625760000000000052e-02 0.000000000000000000e+00
1.742629999999999874e-02 0.000000000000000000e+00
1.867910000000000056e-02 0.000000000000000000e+00
2.002200000000000160e-02 0.000000000000000000e+00
2.146139999999999853e-02 0.000000000000000000e+00
2.300429999999999836e-02 0.000000000000000000e+00
2.465809999999999877e-02 0.000000000000000000e+00
2.643080000000000082e-02 0.000000000000000000e+00
2.833099999999999855e-02 0.000000000000000000e+00
3.036770000000000094e-02 0.000000000000000000e+00
3.255090000000000067e-02 0.000000000000000000e+00
3.489099999999999840e-02 0.000000000000000000e+00
3.739939999999999931e-02 0.000000000000000000e+00
4.008810000000000151e-02 0.000000000000000000e+00
4.297000000000000125e-02 0.000000000000000000e+00
4.605920000000000153e-02 0.000000000000000000e+00
4.937049999999999772e-02 0.000000000000000000e+00
5.291980000000000295e-02 0.000000000000000000e+00
5.672429999999999833e-02 0.000000000000000000e+00
6.080220000000000069e-02 0.000000000000000000e+00
6.517340000000000633e-02 0.000000000000000000e+00
6.985879999999999868e-02 0.000000000000000000e+00
7.488100000000000311e-02 0.000000000000000000e+00
8.026429999999999676e-02 0.000000000000000000e+00
8.603470000000000562e-02 0.000000000000000000e+00
9.221980000000000455e-02 0.000000000000000000e+00
9.884959999999999580e-02 0.000000000000000000e+00
1.059559999999999946e-01 0.000000000000000000e+00
1.135729999999999934e-01 0.000000000000000000e+00
1.217379999999999990e-01 0.000000000000000000e+00
1.304899999999999949e-01 0.000000000000000000e+00
1.398709999999999953e-01 0.000000000000000000e+00
1.499270000000000047e-01 0.000000000000000000e+00
1.607049999999999867e-01 0.000000000000000000e+00
1.722589999999999955e-01 0.000000000000000000e+00
1.846430000000000016e-01 0.000000000000000000e+00
1.979170000000000096e-01 0.000000000000000000e+00
2.121450000000000002e-01 0.000000000000000000e+00
2.273969999999999880e-01 0.000000000000000000e+00
2.437439999999999884e-01 0.000000000000000000e+00
2.612680000000000002e-01 0.000000000000000000e+00
2.800500000000000211e-01 0.000000000000000000e+00
3.001840000000000064e-01 0.000000000000000000e+00
3.217639999999999945e-01 0.000000000000000000e+00
3.448959999999999804e-01 0.000000000000000000e+00
3.696909999999999918e-01 0.000000000000000000e+00
3.962689999999999824e-01 0.000000000000000000e+00
4.247569999999999957e-01 0.000000000000000000e+00
4.552939999999999765e-01 0.000000000000000000e+00
4.880249999999999866e-01 0.000000000000000000e+00
5.231099999999999639e-01 0.000000000000000000e+00
5.607170000000000210e-01 0.000000000000000000e+00
6.010280000000000067e-01 0.000000000000000000e+00
6.442360000000000309e-01 0.000000000000000000e+00
6.905510000000000259e-01 0.000000000000000000e+00
7.401959999999999651e-01 0.000000000000000000e+00
7.934099999999999486e-01 0.000000000000000000e+00
8.504490000000000105e-01 0.000000000000000000e+00
9.115889999999999826e-01 0.000000000000000000e+00
9.771239999999999926e-01 0.000000000000000000e+00
1.047369999999999912e+00 0.000000000000000000e+00
1.122670000000000057e+00 0.000000000000000000e+00
1.203379999999999894e+00 0.000000000000000000e+00
1.289889999999999981e+00 0.000000000000000000e+00
1.382619999999999960e+00 0.000000000000000000e+00
1.482019999999999893e+00 0.000000000000000000e+00
1.588559999999999972e+00 0.000000000000000000e+00
1.702769999999999895e+00 0.000000000000000000e+00
1.825180000000000025e+00 0.000000000000000000e+00
1.956399999999999917e+00 0.000000000000000000e+00
2.097049999999999859e+00 1.566060000000000066e-31
2.247809999999999864e+00 3.442320000000000128e-31
2.409400000000000208e+00 7.384819999999999721e-31
2.582619999999999916e+00 1.566750000000000075e-30
2.768289999999999917e+00 3.335999999999999886e-30
2.967299999999999827e+00 7.220589999999999399e-30
3.180629999999999846e+00 1.598710000000000055e-29
3.409289999999999932e+00 3.612750000000000168e-29
3.654380000000000184e+00 8.269399999999999551e-29
3.917100000000000026e+00 1.904169999999999925e-28
4.198710000000000164e+00 4.408439999999999987e-28
4.500560000000000116e+00 1.035509999999999930e-27
4.824110000000000120e+00 2.514400000000000053e-27
5.170919999999999739e+00 6.450780000000000128e-27
5.542659999999999698e+00 1.768989999999999900e-26
5.941130000000000244e+00 6.798930000000000072e-26
6.368249999999999744e+00 2.090609999999999894e-25
6.826069999999999638e+00 6.480140000000000405e-25
7.316810000000000258e+00 1.981379999999999845e-24
7.842819999999999681e+00 5.891210000000000337e-24
8.406650000000000844e+00 1.689059999999999938e-23
9.011020000000000252e+00 4.649099999999999969e-23
9.658830000000000027e+00 1.269239999999999955e-22
1.035319999999999929e+01 3.187419999999999773e-22
1.109750000000000014e+01 7.674050000000000072e-22
1.189530000000000065e+01 1.816469999999999898e-21
1.275050000000000061e+01 4.206490000000000173e-21
1.366719999999999935e+01 9.384159999999999896e-21
1.464969999999999928e+01 1.939489999999999935e-20
1.570289999999999964e+01 3.893359999999999953e-20
1.683180000000000121e+01 7.295949999999999877e-20
1.804189999999999827e+01 1.348520000000000096e-19
1.933889999999999887e+01 2.377690000000000134e-19
2.072919999999999874e+01 4.137819999999999912e-19
2.221950000000000003e+01 6.901469999999999647e-19
2.381690000000000040e+01 1.123049999999999968e-18
2.552909999999999968e+01 1.796380000000000066e-18
2.736439999999999984e+01 2.784509999999999831e-18
2.933170000000000144e+01 4.222609999999999905e-18
3.144040000000000035e+01 6.268920000000000074e-18
3.370060000000000144e+01 9.200050000000000592e-18
3.612339999999999662e+01 1.309830000000000063e-17
3.872039999999999793e+01 1.829140000000000114e-17
4.150399999999999778e+01 2.505870000000000056e-17
4.448780000000000001e+01 3.368599999999999779e-17
4.768610000000000326e+01 4.445690000000000262e-17
5.111430000000000007e+01 5.782010000000000251e-17
5.478900000000000148e+01 7.350320000000000190e-17
5.872789999999999822e+01 9.173060000000000399e-17
6.294989999999999952e+01 1.123599999999999907e-16
6.747539999999999338e+01 1.350339999999999919e-16
7.232630000000000337e+01 1.592869999999999937e-16
7.752599999999999625e+01 1.845649999999999974e-16
8.309940000000000282e+01 2.098299999999999998e-16
8.907349999999999568e+01 2.343829999999999769e-16
9.547719999999999629e+01 2.575629999999999907e-16
1.023409999999999940e+02 2.783640000000000204e-16
1.096989999999999981e+02 2.964229999999999950e-16
1.175849999999999937e+02 3.109220000000000162e-16
1.260379999999999967e+02 3.226559999999999816e-16
1.350989999999999895e+02 3.311449999999999802e-16
1.448120000000000118e+02 3.361600000000000232e-16
1.552230000000000132e+02 3.387049999999999985e-16
1.663820000000000050e+02 3.386589999999999973e-16
1.783429999999999893e+02 3.363310000000000017e-16
1.911639999999999873e+02 3.320609999999999836e-16
2.049070000000000107e+02 3.261430000000000125e-16
2.196390000000000100e+02 3.187439999999999981e-16
2.354290000000000020e+02 3.103799999999999770e-16
2.523540000000000134e+02 3.008529999999999999e-16
2.704959999999999809e+02 2.909260000000000064e-16
2.899420000000000073e+02 2.804790000000000065e-16
3.107869999999999777e+02 2.695360000000000178e-16
3.331299999999999955e+02 2.584940000000000052e-16
3.570779999999999745e+02 2.474229999999999876e-16
3.827490000000000236e+02 2.361839999999999937e-16
4.102660000000000196e+02 2.248220000000000075e-16
4.397599999999999909e+02 2.137190000000000073e-16
4.713750000000000000e+02 2.027599999999999904e-16
5.052629999999999768e+02 1.920119999999999980e-16
5.415869999999999891e+02 1.814409999999999885e-16
5.805230000000000246e+02 1.712260000000000039e-16
6.222569999999999482e+02 1.613220000000000110e-16
6.669919999999999618e+02 1.517439999999999962e-16
7.149429999999999836e+02 1.425710000000000097e-16
7.663410000000000082e+02 1.336930000000000111e-16
8.214349999999999454e+02 1.250939999999999970e-16
8.804880000000000564e+02 1.169719999999999905e-16
9.437880000000000109e+02 1.091790000000000012e-16
1.011639999999999986e+03 1.018019999999999949e-16
1.084369999999999891e+03 9.480070000000000432e-17
1.162319999999999936e+03 8.826020000000000434e-17
1.245880000000000109e+03 8.195669999999999470e-17
1.335450000000000045e+03 7.589950000000000200e-17
1.431460000000000036e+03 7.039830000000000542e-17
1.534369999999999891e+03 6.510710000000000387e-17
1.644680000000000064e+03 6.005699999999999405e-17
1.762910000000000082e+03 5.548119999999999718e-17
1.889650000000000091e+03 5.101350000000000053e-17
2.025500000000000000e+03 4.693200000000000265e-17
2.171119999999999891e+03 4.318520000000000037e-17
2.327199999999999818e+03 3.956490000000000122e-17
2.494510000000000218e+03 3.624289999999999995e-17
2.673840000000000146e+03 3.315619999999999926e-17
2.866070000000000164e+03 3.030430000000000291e-17
3.072110000000000127e+03 2.761640000000000044e-17
3.292969999999999800e+03 2.514580000000000066e-17
3.529710000000000036e+03 2.285609999999999966e-17
3.783460000000000036e+03 2.075640000000000150e-17
4.055460000000000036e+03 1.880709999999999910e-17
4.347010000000000218e+03 1.700090000000000019e-17
4.659520000000000437e+03 1.535179999999999869e-17
4.994510000000000218e+03 1.384160000000000037e-17
5.353560000000000400e+03 1.245410000000000062e-17
5.738439999999999600e+03 1.118429999999999988e-17
6.150989999999999782e+03 1.001550000000000036e-17
6.593189999999999600e+03 8.946059999999999990e-18
7.067180000000000291e+03 7.971220000000000638e-18
7.575250000000000000e+03 7.090280000000000455e-18
-----------------------


C11 N2 Excitation 2.35 eV
COMMENT: generated by bolsig_convert.py
-----------------------
1.000000000000000021e-02 0.000000000000000000e+00
1.071889999999999996e-02 0.000000000000000000e+00
1.148949999999999971e-02 0.000000000000000000e+00
1.231550000000000006e-02 0.000000000000000000e+00
1.320089999999999979e-02 0.000000000000000000e+00
1.414989999999999998e-02 0.000000000000000000e+00
1.516720000000000047e-02 0.000000000000000000e+00
1.625760000000000052e-02 0.000000000000000000e+00
1.742629999999999874e-02 0.000000000000000000e+00
1.867910000000000056e-02 0.000000000000000000e+00
2.002200000000000160e-02 0.000000000000000000e+00
2.146139999999999853e-02 0.000000000000000000e+00
2.300429999999999836e-02 0.000000000000000000e+00
2.465809999999999877e-02 0.000000000000000000e+00
2.643080000000000082e-02 0.000000000000000000e+00
2.833099999999999855e-02 0.000000000000000000e+00
3.036770000000000094e-02 0.000000000000000000e+00
3.255090000000000067e-02 0.000000000000000000e+00
3.489099999999999840e-02 0.000000000000000000e+00
3.739939999999999931e-02 0.000000000000000000e+00
4.008810000000000151e-02 0.000000000000000000e+00
4.297000000000000125e-02 0.000000000000000000e+00
4.605920000000000153e-02 0.000000000000000000e+00
4.937049999999999772e-02 0.000000000000000000e+00
5.291980000000000295e-02 0.000000000000000000e+00
5.672429999999999833e-02 0.000000000000000000e+00
6.080220000000000069e-02 0.000000000000000000e+00
6.517340000000000633e-02 0.000000000000000000e+00
6.985879999999999868e-02 0.000000000000000000e+00
7.488100000000000311e-02 0.000000000000000000e+00
8.026429999999999676e-02 0.000000000000000000e+00
8.603470000000000562e-02 0.000000000000000000e+00
9.221980000000000455e-02 0.000000000000000000e+00
9.884959999999999580e-02 0.000000000000000000e+00
1.059559999999999946e-01 0.000000000000000000e+00
1.135729999999999934e-01 0.000000000000000000e+00
1.217379999999999990e-01 0.000000000000000000e+00
1.304899999999999949e-01 0.000000000000000000e+00
1.398709999999999953e-01 0.000000000000000000e+00
1.499270000000000047e-01 0.000000000000000000e+00
1.607049999999999867e-01 0.000000000000000000e+00
1.722589999999999955e-01 0.000000000000000000e+00
1.846430000000000016e-01 0.000000000000000000e+00
1.979170000000000096e-01 0.000000000000000000e+00
2.121450000000000002e-01 0.000000000000000000e+00
2.273969999999999880e-01 0.000000000000000000e+00
2.437439999999999884e-01 0.000000000000000000e+00
2.612680000000000002e-01 0.000000000000000000e+00
2.800500000000000211e-01 0.000000000000000000e+00
3.001840000000000064e-01 0.000000000000000000e+00
3.217639999999999945e-01 0.000000000000000000e+00
3.448959999999999804e-01 0.000000000000000000e+00
3.696909999999999918e-01 0.000000000000000000e+00
3.962689999999999824e-01 0.000000000000000000e+00
4.247569999999999957e-01 0.000000000000000000e+00
4.552939999999999765e-01 0.000000000000000000e+00
4.880249999999999866e-01 0.000000000000000000e+00
5.231099999999999639e-01 0.000000000000000000e+00
5.607170000000000210e-01 0.000000000000000000e+00
6.010280000000000067e-01 0.000000000000000000e+00
6.442360000000000309e-01 0.000000000000000000e+00
6.905510000000000259e-01 0.000000000000000000e+00
7.401959999999999651e-01 0.000000000000000000e+00
7.934099999999999486e-01 0.000000000000000000e+00
8.504490000000000105e-01 0.000000000000000000e+00
9.115889999999999826e-01 0.000000000000000000e+00
9.771239999999999926e-01 0.000000000000000000e+00
1.047369999999999912e+00 0.000000000000000000e+00
1.122670000000000057e+00 0.000000000000000000e+00
1.203379999999999894e+00 0.000000000000000000e+00
1.289889999999999981e+00 0.000000000000000000e+00
1.382619999999999960e+00 0.000000000000000000e+00
1.482019999999999893e+00 0.000000000000000000e+00
1.588559999999999972e+00 0.000000000000000000e+00
1.702769999999999895e+00 0.000000000000000000e+00
1.825180000000000025e+00 0.000000000000000000e+00
1.956399999999999917e+00 0.000000000000000000e+00
2.097049999999999859e+00 0.000000000000000000e+00
2.247809999999999864e+00 0.000000000000000000e+00
2.409400000000000208e+00 0.000000000000000000e+00
2.582619999999999916e+00 0.000000000000000000e+00
2.768289999999999917e+00 0.000000000000000000e+00
2.967299999999999827e+00 0.000000000000000000e+00
3.180629999999999846e+00 0.000000000000000000e+00
3.409289999999999932e+00 0.000000000000000000e+00
3.654380000000000184e+00 0.000000000000000000e+00
3.917100000000000026e+00 0.000000000000000000e+00
4.198710000000000164e+00 0.000000000000000000e+00
4.500560000000000116e+00 0.000000000000000000e+00
4.824110000000000120e+00 0.000000000000000000e+00
5.170919999999999739e+00 0.000000000000000000e+00
5.542659999999999698e+00 0.000000000000000000e+00
5.941130000000000244e+00 9.181620000000000446e-29
6.368249999999999744e+00 3.731680000000000190e-28
6.826069999999999638e+00 1.581749999999999948e-27
7.316810000000000258e+00 6.722770000000000478e-27
7.842819999999999681e+00 2.783810000000000089e-26
8.406650000000000844e+00 1.103170000000000100e-25
9.011020000000000252e+00 4.142609999999999594e-25
9.658830000000000027e+00 1.564199999999999979e-24
1.035319999999999929e+01 5.179940000000000046e-24
1.109750000000000014e+01 1.617679999999999901e-23
1.189530000000000065e+01 4.952970000000000055e-23
1.275050000000000061e+01 1.475320000000000077e-22
1.366719999999999935e+01 4.167920000000000233e-22
1.464969999999999928e+01 1.053530000000000061e-21
1.570289999999999964e+01 2.545289999999999983e-21
1.683180000000000121e+01 5.590439999999999930e-21
1.804189999999999827e+01 1.211319999999999928e-20
1.933889999999999887e+01 2.449180000000000107e-20
2.072919999999999874e+01 4.894830000000000179e-20
2.221950000000000003e+01 9.181839999999999429e-20
2.381690000000000040e+01 1.667139999999999994e-19
2.552909999999999968e+01 2.971470000000000144e-19
2.736439999999999984e+01 5.058779999999999940e-19
2.933170000000000144e+01 8.369429999999999538e-19
3.144040000000000035e+01 1.346949999999999986e-18
3.370060000000000144e+01 2.136789999999999937e-18
3.612339999999999662e+01 3.257270000000000002e-18
3.872039999999999793e+01 4.844040000000000303e-18
4.150399999999999778e+01 7.038710000000000659e-18
4.448780000000000001e+01 9.974190000000000696e-18
4.768610000000000326e+01 1.381330000000000029e-17
5.111430000000000007e+01 1.878590000000000109e-17
5.478900000000000148e+01 2.485080000000000030e-17
5.872789999999999822e+01 3.215539999999999763e-17
6.294989999999999952e+01 4.074350000000000203e-17
6.747539999999999338e+01 5.043589999999999831e-17
7.232630000000000337e+01 6.110620000000000230e-17
7.752599999999999625e+01 7.248380000000000253e-17
8.309940000000000282e+01 8.421789999999999928e-17
8.907349999999999568e+01 9.593309999999999685e-17
9.547719999999999629e+01 1.073419999999999947e-16
1.023409999999999940e+02 1.178530000000000091e-16
1.096989999999999981e+02 1.272869999999999915e-16
1.175849999999999937e+02 1.352309999999999979e-16
1.260379999999999967e+02 1.419450000000000070e-16
1.350989999999999895e+02 1.471800000000000072e-16
1.448120000000000118e+02 1.508420000000000113e-16
1.552230000000000132e+02 1.532449999999999885e-16
1.663820000000000050e+02 1.543679999999999970e-16
1.783429999999999893e+02 1.544320000000000115e-16
1.911639999999999873e+02 1.533829999999999919e-16
2.049070000000000107e+02 1.514620000000000096e-16
2.196390000000000100e+02 1.485810000000000077e-16
2.354290000000000020e+02 1.453310000000000042e-16
2.523540000000000134e+02 1.415909999999999918e-16
2.704959999999999809e+02 1.374190000000000050e-16
2.899420000000000073e+02 1.329260000000000028e-16
3.107869999999999777e+02 1.280660000000000087e-16
3.331299999999999955e+02 1.231659999999999931e-16
3.570779999999999745e+02 1.181890000000000111e-16
3.827490000000000236e+02 1.130879999999999948e-16
4.102660000000000196e+02 1.079110000000000046e-16
4.397599999999999909e+02 1.027900000000000023e-16
4.713750000000000000e+02 9.769460000000000092e-17
5.052629999999999768e+02 9.267950000000000054e-17
5.415869999999999891e+02 8.771900000000000602e-17
5.805230000000000246e+02 8.290730000000000565e-17
6.222569999999999482e+02 7.822009999999999873e-17
6.669919999999999618e+02 7.367299999999999925e-17
7.149429999999999836e+02 6.928439999999999781e-17
7.663410000000000082e+02 6.504480000000000383e-17
8.214349999999999454e+02 6.092800000000000120e-17
8.804880000000000564e+02 5.702800000000000193e-17
9.437880000000000109e+02 5.329460000000000298e-17
1.011639999999999986e+03 4.973809999999999883e-17
1.084369999999999891e+03 4.635210000000000159e-17
1.162319999999999936e+03 4.315839999999999986e-17
1.245880000000000109e+03 4.010390000000000121e-17
1.335450000000000045e+03 3.718630000000000065e-17
1.431460000000000036e+03 3.449540000000000212e-17
1.534369999999999891e+03 3.191919999999999884e-17
1.644680000000000064e+03 2.946380000000000187e-17
1.762910000000000082e+03 2.722149999999999956e-17
1.889650000000000091e+03 2.504680000000000142e-17
2.025500000000000000e+03 2.304979999999999887e-17
2.171119999999999891e+03 2.120300000000000035e-17
2.327199999999999818e+03 1.944259999999999853e-17
2.494510000000000218e+03 1.781390000000000041e-17
2.673840000000000146e+03 1.629839999999999950e-17
2.866070000000000164e+03 1.489499999999999971e-17
3.072110000000000127e+03 1.358220000000000004e-17
3.292969999999999800e+03 1.236839999999999961e-17
3.529710000000000036e+03 1.124169999999999928e-17
3.783460000000000036e+03 1.020959999999999997e-17
4.055460000000000036e+03 9.253909999999999472e-18
4.347010000000000218e+03 8.365899999999999527e-18
4.659520000000000437e+03 7.554739999999999292e-18
4.994510000000000218e+03 6.810829999999999989e-18
5.353560000000000400e+03 6.127949999999999814e-18
5.738439999999999600e+03 5.503209999999999855e-18
6.150989999999999782e+03 4.930710000000000012e-18
6.593189999999999600e+03 4.402899999999999891e-18
7.067180000000000291e+03 3.922999999999999848e-18
7.575250000000000000e+03 3.489469999999999814e-18
-----------------------


C12 N2 Excitation 6.17 eV
COMMENT: generated by bolsig_convert.py
-----------------------
1.000000000000000021e-02 0.000000000000000000e+00
1.071889999999999996e-02 0.000000000000000000e+00
1.148949999999999971e-02 0.000000000000000000e+00
1.231550000000000006e-02 0.000000000000000000e+00
1.320089999999999979e-02 0.000000000000000000e+00
1.414989999999999998e-02 0.000000000000000000e+00
1.516720000000000047e-02 0.000000000000000000e+00
1.625760000000000052e-02 0.000000000000000000e+00
1.742629999999999874e-02 0.000000000000000000e+00
1.867910000000000056e-02 0.000000000000000000e+00
2.002200000000000160e-02 0.000000000000000000e+00
2.146139999999999853e-02 0.000000000000000000e+00
2.300429999999999836e-02 0.000000000000000000e+00
2.465809999999999877e-02 0.000000000000000000e+00
2.643080000000000082e-02 0.000000000000000000e+00
2.833099999999999855e-02 0.000000000000000000e+00
3.036770000000000094e-02 0.000000000000000000e+00
3.255090000000000067e-02 0.000000000000000000e+00
3.489099999999999840e-02 0.000000000000000000e+00
3.739939999999999931e-02 0.000000000000000000e+00
4.008810000000000151e-02 0.000000000000000000e+00
4.297000000000000125e-02 0.000000000000000000e+00
4.605920000000000153e-02 0.000000000000000000e+00
4.937049999999999772e-02 0.000000000000000000e+00
5.291980000000000295e-02 0.000000000000000000e+00
5.672429999999999833e-02 0.000000000000000000e+00
6.080220000000000069e-02 0.000000000000000000e+00
6.517340000000000633e-02 0.000000000000000000e+00
6.985879999999999868e-02 0.000000000000000000e+00
7.488100000000000311e-02 0.000000000000000000e+00
8.026429999999999676e-02 0.000000000000000000e+00
8.603470000000000562e-02 0.000000000000000000e+00
9.221980000000000455e-02 0.000000000000000000e+00
9.884959999999999580e-02 0.000000000000000000e+00
1.059559999999999946e-01 0.000000000000000000e+00
1.135729999999999934e-01 0.000000000000000000e+00
1.217379999999999990e-01 0.000000000000000000e+00
1.304899999999999949e-01 0.000000000000000000e+00
1.398709999999999953e-01 0.000000000000000000e+00
1.499270000000000047e-01 0.000000000000000000e+00
1.607049999999999867e-01 0.000000000000000000e+00
1.722589999999999955e-01 0.000000000000000000e+00
1.846430000000000016e-01 0.000000000000000000e+00
1.979170000000000096e-01 0.000000000000000000e+00
2.121450000000000002e-01 0.000000000000000000e+00
2.273969999999999880e-01 0.000000000000000000e+00
2.437439999999999884e-01 0.000000000000000000e+00
2.612680000000000002e-01 0.000000000000000000e+00
2.800500000000000211e-01 0.000000000000000000e+00
3.001840000000000064e-01 0.000000000000000000e+00
3.217639999999999945e-01 0.000000000000000000e+00
3.448959999999999804e-01 0.000000000000000000e+00
3.696909999999999918e-01 0.000000000000000000e+00
3.962689999999999824e-01 0.000000000000000000e+00
4.247569999999999957e-01 0.000000000000000000e+00
4.552939999999999765e-01 0.000000000000000000e+00
4.880249999999999866e-01 0.000000000000000000e+00
5.231099999999999639e-01 0.000000000000000000e+00
5.607170000000000210e-01 0.000000000000000000e+00
6.010280000000000067e-01 0.000000000000000000e+00
6.442360000000000309e-01 0.000000000000000000e+00
6.905510000000000259e-01 0.000000000000000000e+00
7.401959999999999651e-01 0.000000000000000000e+00
7.934099999999999486e-01 0.000000000000000000e+00
8.504490000000000105e-01 0.000000000000000000e+00
9.115889999999999826e-01 0.000000000000000000e+00
9.771239999999999926e-01 0.000000000000000000e+00
1.047369999999999912e+00 0.000000000000000000e+00
1.122670000000000057e+00 0.000000000000000000e+00
1.203379999999999894e+00 0.000000000000000000e+00
1.289889999999999981e+00 0.000000000000000000e+00
1.382619999999999960e+00 0.000000000000000000e+00
1.482019999999999893e+00 0.000000000000000000e+00
1.588559999999999972e+00 0.000000000000000000e+00
1.702769999999999895e+00 0.000000000000000000e+00
1.825180000000000025e+00 0.000000000000000000e+00
1.956399999999999917e+00 0.000000000000000000e+00
2.097049999999999859e+00 0.000000000000000000e+00
2.247809999999999864e+00 0.000000000000000000e+00
2.409400000000000208e+00 0.000000000000000000e+00
2.582619999999999916e+00 0.000000000000000000e+00
2.768289999999999917e+00 0.000000000000000000e+00
2.967299999999999827e+00 0.000000000000000000e+00
3.180629999999999846e+00 0.000000000000000000e+00
3.409289999999999932e+00 0.000000000000000000e+00
3.654380000000000184e+00 0.000000000000000000e+00
3.917100000000000026e+00 0.000000000000000000e+00
4.198710000000000164e+00 0.000000000000000000e+00
4.500560000000000116e+00 0.000000000000000000e+00
4.824110000000000120e+00 0.000000000000000000e+00
5.170919999999999739e+00 0.000000000000000000e+00
5.542659999999999698e+00 0.000000000000000000e+00
5.941130000000000244e+00 0.000000000000000000e+00
6.368249999999999744e+00 0.000000000000000000e+00
6.826069999999999638e+00 0.000000000000000000e+00
7.316810000000000258e+00 0.000000000000000000e+00
7.842819999999999681e+00 0.000000000000000000e+00
8.406650000000000844e+00 0.000000000000000000e+00
9.011020000000000252e+00 0.000000000000000000e+00
9.658830000000000027e+00 0.000000000000000000e+00
1.035319999999999929e+01 0.000000000000000000e+00
1.109750000000000014e+01 0.000000000000000000e+00
1.189530000000000065e+01 0.000000000000000000e+00
1.275050000000000061e+01 0.000000000000000000e+00
1.366719999999999935e+01 1.451999999999999964e-27
1.464969999999999928e+01 1.493469999999999994e-26
1.570289999999999964e+01 7.110460000000000420e-26
1.683180000000000121e+01 2.920340000000000015e-25
1.804189999999999827e+01 1.146469999999999977e-24
1.933889999999999887e+01 3.950449999999999697e-24
2.072919999999999874e+01 1.320349999999999999e-23
2.221950000000000003e+01 3.900299999999999738e-23
2.381690000000000040e+01 1.078739999999999888e-22
2.552909999999999968e+01 2.848369999999999850e-22
2.736439999999999984e+01 6.960959999999999628e-22
2.933170000000000144e+01 1.612010000000000010e-21
3.144040000000000035e+01 3.549199999999999687e-21
3.370060000000000144e+01 7.619200000000000738e-21
3.612339999999999662e+01 1.525820000000000047e-20
3.872039999999999793e+01 2.932119999999999752e-20
4.150399999999999778e+01 5.443539999999999887e-20
4.448780000000000001e+01 9.687590000000000330e-20
4.768610000000000326e+01 1.665419999999999975e-19
5.111430000000000007e+01 2.779499999999999828e-19
5.478900000000000148e+01 4.476150000000000252e-19
5.872789999999999822e+01 6.993690000000000262e-19
6.294989999999999952e+01 1.068469999999999947e-18
6.747539999999999338e+01 1.574340000000000091e-18
7.232630000000000337e+01 2.257750000000000178e-18
7.752599999999999625e+01 3.152489999999999855e-18
8.309940000000000282e+01 4.295550000000000227e-18
8.907349999999999568e+01 5.715710000000000072e-18
9.547719999999999629e+01 7.446540000000000129e-18
1.023409999999999940e+02 9.485990000000000475e-18
1.096989999999999981e+02 1.185370000000000034e-17
1.175849999999999937e+02 1.455469999999999852e-17
1.260379999999999967e+02 1.758609999999999920e-17
1.350989999999999895e+02 2.094500000000000064e-17
1.448120000000000118e+02 2.461669999999999937e-17
1.552230000000000132e+02 2.861109999999999716e-17
1.663820000000000050e+02 3.291160000000000289e-17
1.783429999999999893e+02 3.752749999999999695e-17
1.911639999999999873e+02 4.241000000000000159e-17
2.049070000000000107e+02 4.756860000000000125e-17
2.196390000000000100e+02 5.295709999999999996e-17
2.354290000000000020e+02 5.862689999999999424e-17
2.523540000000000134e+02 6.455239999999999557e-17
2.704959999999999809e+02 7.065100000000000409e-17
2.899420000000000073e+02 7.692670000000000221e-17
3.107869999999999777e+02 8.332440000000000014e-17
3.331299999999999955e+02 8.986050000000000344e-17
3.570779999999999745e+02 9.644109999999999445e-17
3.827490000000000236e+02 1.030859999999999952e-16
4.102660000000000196e+02 1.097379999999999996e-16
4.397599999999999909e+02 1.163210000000000022e-16
4.713750000000000000e+02 1.227990000000000012e-16
5.052629999999999768e+02 1.291440000000000086e-16
5.415869999999999891e+02 1.352960000000000048e-16
5.805230000000000246e+02 1.412300000000000042e-16
6.222569999999999482e+02 1.469049999999999929e-16
6.669919999999999618e+02 1.522610000000000005e-16
7.149429999999999836e+02 1.572670000000000122e-16
7.663410000000000082e+02 1.618979999999999932e-16
8.214349999999999454e+02 1.661100000000000013e-16
8.804880000000000564e+02 1.698849999999999985e-16
9.437880000000000109e+02 1.731940000000000046e-16
1.011639999999999986e+03 1.760000000000000003e-16
1.084369999999999891e+03 1.782959999999999887e-16
1.162319999999999936e+03 1.800419999999999977e-16
1.245880000000000109e+03 1.812629999999999884e-16
1.335450000000000045e+03 1.819449999999999914e-16
1.431460000000000036e+03 1.820209999999999900e-16
1.534369999999999891e+03 1.815580000000000010e-16
1.644680000000000064e+03 1.805439999999999909e-16
1.762910000000000082e+03 1.789600000000000030e-16
1.889650000000000091e+03 1.768309999999999984e-16
2.025500000000000000e+03 1.741719999999999881e-16
2.171119999999999891e+03 1.710089999999999996e-16
2.327199999999999818e+03 1.673660000000000014e-16
2.494510000000000218e+03 1.632520000000000000e-16
2.673840000000000146e+03 1.587009999999999878e-16
2.866070000000000164e+03 1.537819999999999911e-16
3.072110000000000127e+03 1.485229999999999977e-16
3.292969999999999800e+03 1.429259999999999928e-16
3.529710000000000036e+03 1.370479999999999937e-16
3.783460000000000036e+03 1.309759999999999909e-16
4.055460000000000036e+03 1.247110000000000015e-16
4.347010000000000218e+03 1.183250000000000048e-16
4.659520000000000437e+03 1.118270000000000075e-16
4.994510000000000218e+03 1.053109999999999968e-16
5.353560000000000400e+03 9.877589999999999839e-17
5.738439999999999600e+03 9.227429999999999595e-17
6.150989999999999782e+03 8.586460000000000147e-17
6.593189999999999600e+03 7.957229999999999682e-17
7.067180000000000291e+03 7.338949999999999918e-17
7.575250000000000000e+03 6.740079999999999961e-17
-----------------------


C13 N2 Excitation 7.00 eV
COMMENT: generated by bolsig_convert.py
-----------------------
1.000000000000000021e-02 0.000000000000000000e+00
1.071889999999999996e-02 0.000000000000000000e+00
1.148949999999999971e-02 0.000000000000000000e+00
1.231550000000000006e-02 0.000000000000000000e+00
1.320089999999999979e-02 0.000000000000000000e+00
1.414989999999999998e-02 0.000000000000000000e+00
1.516720000000000047e-02 0.000000000000000000e+00
1.625760000000000052e-02 0.000000000000000000e+00
1.742629999999999874e-02 0.000000000000000000e+00
1.867910000000000056e-02 0.000000000000000000e+00
2.002200000000000160e-02 0.000000000000000000e+00
2.146139999999999853e-02 0.000000000000000000e+00
2.300429999999999836e-02 0.000000000000000000e+00
2.465809999999999877e-02 0.000000000000000000e+00
2.643080000000000082e-02 0.000000000000000000e+00
2.833099999999999855e-02 0.000000000000000000e+00
3.036770000000000094e-02 0.000000000000000000e+00
3.255090000000000067e-02 0.000000000000000000e+00
3.489099999999999840e-02 0.000000000000000000e+00
3.739939999999999931e-02 0.000000000000000000e+00
4.008810000000000151e-02 0.000000000000000000e+00
4.297000000000000125e-02 0.000000000000000000e+00
4.605920000000000153e-02 0.000000000000000000e+00
4.937049999999999772e-02 0.000000000000000000e+00
5.291980000000000295e-02 0.000000000000000000e+00
5.672429999999999833e-02 0.000000000000000000e+00
6.080220000000000069e-02 0.000000000000000000e+00
6.517340000000000633e-02 0.000000000000000000e+00
6.985879999999999868e-02 0.000000000000000000e+00
7.488100000000000311e-02 0.000000000000000000e+00
8.026429999999999676e-02 0.000000000000000000e+00
8.603470000000000562e-02 0.000000000000000000e+00
9.221980000000000455e-02 0.000000000000000000e+00
9.884959999999999580e-02 0.000000000000000000e+00
1.059559999999999946e-01 0.000000000000000000e+00
1.135729999999999934e-01 0.000000000000000000e+00
1.217379999999999990e-01 0.000000000000000000e+00
1.304899999999999949e-01 0.000000000000000000e+00
1.398709999999999953e-01 0.000000000000000000e+00
1.499270000000000047e-01 0.000000000000000000e+00
1.607049999999999867e-01 0.000000000000000000e+00
1.722589999999999955e-01 0.000000000000000000e+00
1.846430000000000016e-01 0.000000000000000000e+00
1.979170000000000096e-01 0.000000000000000000e+00
2.121450000000000002e-01 0.000000000000000000e+00
2.273969999999999880e-01 0.000000000000000000e+00
2.437439999999999884e-01 0.000000000000000000e+00
2.612680000000000002e-01 0.000000000000000000e+00
2.800500000000000211e-01 0.000000000000000000e+00
3.001840000000000064e-01 0.000000000000000000e+00
3.217639999999999945e-01 0.000000000000000000e+00
3.448959999999999804e-01 0.000000000000000000e+00
3.696909999999999918e-01 0.000000000000000000e+00
3.962689999999999824e-01 0.000000000000000000e+00
4.247569999999999957e-01 0.000000000000000000e+00
4.552939999999999765e-01 0.000000000000000000e+00
4.880249999999999866e-01 0.000000000000000000e+00
5.231099999999999639e-01 0.000000000000000000e+00
5.607170000000000210e-01 0.000000000000000000e+00
6.010280000000000067e-01 0.000000000000000000e+00
6.442360000000000309e-01 0.000000000000000000e+00
6.905510000000000259e-01 0.000000000000000000e+00
7.401959999999999651e-01 0.000000000000000000e+00
7.934099999999999486e-01 0.000000000000000000e+00
8.504490000000000105e-01 0.000000000000000000e+00
9.115889999999999826e-01 0.000000000000000000e+00
9.771239999999999926e-01 0.000000000000000000e+00
1.047369999999999912e+00 0.000000000000000000e+00
1.122670000000000057e+00 0.000000000000000000e+00
1.203379999999999894e+00 0.000000000000000000e+00
1.289889999999999981e+00 0.000000000000000000e+00
1.382619999999999960e+00 0.000000000000000000e+00
1.482019999999999893e+00 0.000000000000000000e+00
1.588559999999999972e+00 0.000000000000000000e+00
1.702769999999999895e+00 0.000000000000000000e+00
1.825180000000000025e+00 0.000000000000000000e+00
1.956399999999999917e+00 0.000000000000000000e+00
2.097049999999999859e+00 0.000000000000000000e+00
2.247809999999999864e+00 0.000000000000000000e+00
2.409400000000000208e+00 0.000000000000000000e+00
2.582619999999999916e+00 0.000000000000000000e+00
2.768289999999999917e+00 0.000000000000000000e+00
2.967299999999999827e+00 0.000000000000000000e+00
3.180629999999999846e+00 0.000000000000000000e+00
3.409289999999999932e+00 0.000000000000000000e+00
3.654380000000000184e+00 0.000000000000000000e+00
3.917100000000000026e+00 0.000000000000000000e+00
4.198710000000000164e+00 0.000000000000000000e+00
4.500560000000000116e+00 0.000000000000000000e+00
4.824110000000000120e+00 0.000000000000000000e+00
5.170919999999999739e+00 0.000000000000000000e+00
5.542659999999999698e+00 0.000000000000000000e+00
5.941130000000000244e+00 0.000000000000000000e+00
6.368249999999999744e+00 0.000000000000000000e+00
6.826069999999999638e+00 0.000000000000000000e+00
7.316810000000000258e+00 0.000000000000000000e+00
7.842819999999999681e+00 0.000000000000000000e+00
8.406650000000000844e+00 0.000000000000000000e+00
9.011020000000000252e+00 0.000000000000000000e+00
9.658830000000000027e+00 0.000000000000000000e+00
1.035319999999999929e+01 0.000000000000000000e+00
1.109750000000000014e+01 0.000000000000000000e+00
1.189530000000000065e+01 0.000000000000000000e+00
1.275050000000000061e+01 0.000000000000000000e+00
1.366719999999999935e+01 8.910430000000000208e-29
1.464969999999999928e+01 1.837610000000000036e-26
1.570289999999999964e+01 1.124680000000000067e-25
1.683180000000000121e+01 4.916710000000000433e-25
1.804189999999999827e+01 2.050610000000000007e-24
1.933889999999999887e+01 7.467339999999999630e-24
2.072919999999999874e+01 2.628789999999999931e-23
2.221950000000000003e+01 8.154359999999999504e-23
2.381690000000000040e+01 2.361629999999999813e-22
2.552909999999999968e+01 6.512589999999999801e-22
2.736439999999999984e+01 1.658200000000000000e-21
2.933170000000000144e+01 3.991640000000000305e-21
3.144040000000000035e+01 9.115619999999999376e-21
3.370060000000000144e+01 2.025489999999999961e-20
3.612339999999999662e+01 4.190190000000000119e-20
3.872039999999999793e+01 8.302169999999999539e-20
4.150399999999999778e+01 1.586219999999999898e-19
4.448780000000000001e+01 2.900110000000000201e-19
4.768610000000000326e+01 5.113290000000000238e-19
5.111430000000000007e+01 8.737950000000000563e-19
5.478900000000000148e+01 1.438599999999999995e-18
5.872789999999999822e+01 2.294510000000000127e-18
6.294989999999999952e+01 3.573350000000000326e-18
6.747539999999999338e+01 5.360149999999999940e-18
7.232630000000000337e+01 7.815880000000000662e-18
7.752599999999999625e+01 1.108340000000000067e-17
8.309940000000000282e+01 1.532110000000000085e-17
8.907349999999999568e+01 2.066150000000000057e-17
9.547719999999999629e+01 2.725620000000000138e-17
1.023409999999999940e+02 3.512690000000000065e-17
1.096989999999999981e+02 4.437290000000000214e-17
1.175849999999999937e+02 5.503659999999999879e-17
1.260379999999999967e+02 6.713009999999999996e-17
1.350989999999999895e+02 8.066089999999999887e-17
1.448120000000000118e+02 9.558639999999999853e-17
1.552230000000000132e+02 1.119579999999999893e-16
1.663820000000000050e+02 1.297210000000000079e-16
1.783429999999999893e+02 1.489180000000000022e-16
1.911639999999999873e+02 1.693630000000000070e-16
2.049070000000000107e+02 1.910929999999999923e-16
2.196390000000000100e+02 2.139210000000000006e-16
2.354290000000000020e+02 2.380540000000000123e-16
2.523540000000000134e+02 2.633810000000000193e-16
2.704959999999999809e+02 2.895639999999999855e-16
2.899420000000000073e+02 3.166090000000000137e-16
3.107869999999999777e+02 3.442769999999999932e-16
3.331299999999999955e+02 3.726259999999999831e-16
3.570779999999999745e+02 4.012519999999999970e-16
3.827490000000000236e+02 4.302260000000000217e-16
4.102660000000000196e+02 4.592999999999999889e-16
4.397599999999999909e+02 4.881329999999999586e-16
4.713750000000000000e+02 5.165640000000000256e-16
5.052629999999999768e+02 5.444640000000000451e-16
5.415869999999999891e+02 5.715599999999999631e-16
5.805230000000000246e+02 5.977400000000000257e-16
6.222569999999999482e+02 6.228150000000000436e-16
6.669919999999999618e+02 6.465179999999999675e-16
7.149429999999999836e+02 6.687039999999999695e-16
7.663410000000000082e+02 6.892570000000000295e-16
8.214349999999999454e+02 7.079839999999999885e-16
8.804880000000000564e+02 7.247970000000000114e-16
9.437880000000000109e+02 7.395650000000000179e-16
1.011639999999999986e+03 7.521170000000000294e-16
1.084369999999999891e+03 7.624259999999999766e-16
1.162319999999999936e+03 7.703240000000000312e-16
1.245880000000000109e+03 7.759000000000000453e-16
1.335450000000000045e+03 7.790980000000000432e-16
1.431460000000000036e+03 7.796339999999999793e-16
1.534369999999999891e+03 7.778000000000000367e-16
1.644680000000000064e+03 7.735419999999999782e-16
1.762910000000000082e+03 7.667889999999999649e-16
1.889650000000000091e+03 7.576460000000000251e-16
2.025500000000000000e+03 7.461839999999999978e-16
2.171119999999999891e+03 7.325270000000000404e-16
2.327199999999999818e+03 7.167810000000000011e-16
2.494510000000000218e+03 6.989909999999999625e-16
2.673840000000000146e+03 6.793110000000000056e-16
2.866070000000000164e+03 6.580450000000000264e-16
3.072110000000000127e+03 6.353149999999999509e-16
3.292969999999999800e+03 6.111400000000000068e-16
3.529710000000000036e+03 5.857730000000000030e-16
3.783460000000000036e+03 5.595850000000000003e-16
4.055460000000000036e+03 5.325830000000000202e-16
4.347010000000000218e+03 5.050889999999999723e-16
4.659520000000000437e+03 4.771360000000000286e-16
4.994510000000000218e+03 4.491299999999999636e-16
5.353560000000000400e+03 4.210689999999999895e-16
5.738439999999999600e+03 3.931779999999999766e-16
6.150989999999999782e+03 3.657030000000000084e-16
6.593189999999999600e+03 3.387580000000000212e-16
7.067180000000000291e+03 3.123020000000000011e-16
7.575250000000000000e+03 2.866980000000000194e-16
-----------------------


C14 N2 Excitation 7.35 eV
COMMENT: generated by bolsig_convert.py
-----------------------
1.000000000000000021e-02 0.000000000000000000e+00
1.071889999999999996e-02 0.000000000000000000e+00
1.148949999999999971e-02 0.000000000000000000e+00
1.231550000000000006e-02 0.000000000000000000e+00
1.320089999999999979e-02 0.000000000000000000e+00
1.414989999999999998e-02 0.000000000000000000e+00
1.516720000000000047e-02 0.000000000000000000e+00
1.625760000000000052e-02 0.000000000000000000e+00
1.742629999999999874e-02 0.000000000000000000e+00
1.867910000000000056e-02 0.000000000000000000e+00
2.002200000000000160e-02 0.000000000000000000e+00
2.146139999999999853e-02 0.000000000000000000e+00
2.300429999999999836e-02 0.000000000000000000e+00
2.465809999999999877e-02 0.000000000000000000e+00
2.643080000000000082e-02 0.000000000000000000e+00
2.833099999999999855e-02 0.000000000000000000e+00
3.036770000000000094e-02 0.000000000000000000e+00
3.255090000000000067e-02 0.000000000000000000e+00
3.489099999999999840e-02 0.000000000000000000e+00
3.739939999999999931e-02 0.000000000000000000e+00
4.008810000000000151e-02 0.000000000000000000e+00
4.297000000000000125e-02 0.000000000000000000e+00
4.605920000000000153e-02 0.000000000000000000e+00
4.937049999999999772e-02 0.000000000000000000e+00
5.291980000000000295e-02 0.000000000000000000e+00
5.672429999999999833e-02 0.000000000000000000e+00
6.080220000000000069e-02 0.000000000000000000e+00
6.517340000000000633e-02 0.000000000000000000e+00
6.985879999999999868e-02 0.000000000000000000e+00
7.488100000000000311e-02 0.000000000000000000e+00
8.026429999999999676e-02 0.000000000000000000e+00
8.603470000000000562e-02 0.000000000000000000e+00
9.221980000000000455e-02 0.000000000000000000e+00
9.884959999999999580e-02 0.000000000000000000e+00
1.059559999999999946e-01 0.000000000000000000e+00
1.135729999999999934e-01 0.000000000000000000e+00
1.217379999999999990e-01 0.000000000000000000e+00
1.304899999999999949e-01 0.000000000000000000e+00
1.398709999999999953e-01 0.000000000000000000e+00
1.499270000000000047e-01 0.000000000000000000e+00
1.607049999999999867e-01 0.000000000000000000e+00
1.722589999999999955e-01 0.000000000000000000e+00
1.846430000000000016e-01 0.000000000000000000e+00
1.979170000000000096e-01 0.000000000000000000e+00
2.121450000000000002e-01 0.000000000000000000e+00
2.273969999999999880e-01 0.000000000000000000e+00
2.437439999999999884e-01 0.000000000000000000e+00
2.612680000000000002e-01 0.000000000000000000e+00
2.800500000000000211e-01 0.000000000000000000e+00
3.001840000000000064e-01 0.000000000000000000e+00
3.217639999999999945e-01 0.000000000000000000e+00
3.448959999999999804e-01 0.000000000000000000e+00
3.696909999999999918e-01 0.000000000000000000e+00
3.962689999999999824e-01 0.000000000000000000e+00
4.247569999999999957e-01 0.000000000000000000e+00
4.552939999999999765e-01 0.000000000000000000e+00
4.880249999999999866e-01 0.000000000000000000e+00
5.231099999999999639e-01 0.000000000000000000e+00
5.607170000000000210e-01 0.000000000000000000e+00
6.010280000000000067e-01 0.000000000000000000e+00
6.442360000000000309e-01 0.000000000000000000e+00
6.905510000000000259e-01 0.000000000000000000e+00
7.401959999999999651e-01 0.000000000000000000e+00
7.934099999999999486e-01 0.000000000000000000e+00
8.504490000000000105e-01 0.000000000000000000e+00
9.115889999999999826e-01 0.000000000000000000e+00
9.771239999999999926e-01 0.000000000000000000e+00
1.047369999999999912e+00 0.000000000000000000e+00
1.122670000000000057e+00 0.000000000000000000e+00
1.203379999999999894e+00 0.000000000000000000e+00
1.289889999999999981e+00 0.000000000000000000e+00
1.382619999999999960e+00 0.000000000000000000e+00
1.482019999999999893e+00 0.000000000000000000e+00
1.588559999999999972e+00 0.000000000000000000e+00
1.702769999999999895e+00 0.000000000000000000e+00
1.825180000000000025e+00 0.000000000000000000e+00
1.956399999999999917e+00 0.000000000000000000e+00
2.097049999999999859e+00 0.000000000000000000e+00
2.247809999999999864e+00 0.000000000000000000e+00
2.409400000000000208e+00 0.000000000000000000e+00
2.582619999999999916e+00 0.000000000000000000e+00
2.768289999999999917e+00 0.000000000000000000e+00
2.967299999999999827e+00 0.000000000000000000e+00
3.180629999999999846e+00 0.000000000000000000e+00
3.409289999999999932e+00 0.000000000000000000e+00
3.654380000000000184e+00 0.000000000000000000e+00
3.917100000000000026e+00 0.000000000000000000e+00
4.198710000000000164e+00 0.000000000000000000e+00
4.500560000000000116e+00 0.000000000000000000e+00
4.824110000000000120e+00 0.000000000000000000e+00
5.170919999999999739e+00 0.000000000000000000e+00
5.542659999999999698e+00 0.000000000000000000e+00
5.941130000000000244e+00 0.000000000000000000e+00
6.368249999999999744e+00 0.000000000000000000e+00
6.826069999999999638e+00 0.000000000000000000e+00
7.316810000000000258e+00 0.000000000000000000e+00
7.842819999999999681e+00 0.000000000000000000e+00
8.406650000000000844e+00 0.000000000000000000e+00
9.011020000000000252e+00 0.000000000000000000e+00
9.658830000000000027e+00 0.000000000000000000e+00
1.035319999999999929e+01 0.000000000000000000e+00
1.109750000000000014e+01 0.000000000000000000e+00
1.189530000000000065e+01 0.000000000000000000e+00
1.275050000000000061e+01 0.000000000000000000e+00
1.366719999999999935e+01 0.000000000000000000e+00
1.464969999999999928e+01 6.547980000000000461e-26
1.570289999999999964e+01 4.251579999999999662e-25
1.683180000000000121e+01 1.885789999999999868e-24
1.804189999999999827e+01 7.974319999999999977e-24
1.933889999999999887e+01 2.937609999999999883e-23
2.072919999999999874e+01 1.044710000000000052e-22
2.221950000000000003e+01 3.270210000000000198e-22
2.381690000000000040e+01 9.547870000000000214e-22
2.552909999999999968e+01 2.651900000000000073e-21
2.736439999999999984e+01 6.795059999999999660e-21
2.933170000000000144e+01 1.644849999999999945e-20
3.144040000000000035e+01 3.774589999999999996e-20
3.370060000000000144e+01 8.422150000000000287e-20
3.612339999999999662e+01 1.748449999999999881e-19
3.872039999999999793e+01 3.474209999999999808e-19
4.150399999999999778e+01 6.652620000000000004e-19
4.448780000000000001e+01 1.218229999999999988e-18
4.768610000000000326e+01 2.149919999999999882e-18
5.111430000000000007e+01 3.674930000000000367e-18
5.478900000000000148e+01 6.047870000000000006e-18
5.872789999999999822e+01 9.635489999999999564e-18
6.294989999999999952e+01 1.497840000000000036e-17
6.747539999999999338e+01 2.241039999999999902e-17
7.232630000000000337e+01 3.256859999999999786e-17
7.752599999999999625e+01 4.599289999999999814e-17
8.309940000000000282e+01 6.326339999999999573e-17
8.907349999999999568e+01 8.482040000000000513e-17
9.547719999999999629e+01 1.111489999999999992e-16
1.023409999999999940e+02 1.421690000000000083e-16
1.096989999999999981e+02 1.780839999999999963e-16
1.175849999999999937e+02 2.188390000000000047e-16
1.260379999999999967e+02 2.642339999999999762e-16
1.350989999999999895e+02 3.140319999999999819e-16
1.448120000000000118e+02 3.677949999999999939e-16
1.552230000000000132e+02 4.254499999999999910e-16
1.663820000000000050e+02 4.865139999999999613e-16
1.783429999999999893e+02 5.508980000000000033e-16
1.911639999999999873e+02 6.176680000000000016e-16
2.049070000000000107e+02 6.867710000000000321e-16
2.196390000000000100e+02 7.573729999999999712e-16
2.354290000000000020e+02 8.300909999999999628e-16
2.523540000000000134e+02 9.044629999999999612e-16
2.704959999999999809e+02 9.792390000000000940e-16
2.899420000000000073e+02 1.054479999999999930e-15
3.107869999999999777e+02 1.129479999999999965e-15
3.331299999999999955e+02 1.204489999999999975e-15
3.570779999999999745e+02 1.278419999999999975e-15
3.827490000000000236e+02 1.351560000000000016e-15
4.102660000000000196e+02 1.423349999999999946e-15
4.397599999999999909e+02 1.492959999999999907e-15
4.713750000000000000e+02 1.560129999999999971e-15
5.052629999999999768e+02 1.624639999999999909e-15
5.415869999999999891e+02 1.685939999999999939e-15
5.805230000000000246e+02 1.743859999999999902e-15
6.222569999999999482e+02 1.798089999999999996e-15
6.669919999999999618e+02 1.847969999999999931e-15
7.149429999999999836e+02 1.893340000000000114e-15
7.663410000000000082e+02 1.933959999999999974e-15
8.214349999999999454e+02 1.969529999999999879e-15
8.804880000000000564e+02 1.999840000000000169e-15
9.437880000000000109e+02 2.024699999999999945e-15
1.011639999999999986e+03 2.043890000000000165e-15
1.084369999999999891e+03 2.057210000000000152e-15
1.162319999999999936e+03 2.064379999999999833e-15
1.245880000000000109e+03 2.065840000000000058e-15
1.335450000000000045e+03 2.061509999999999847e-15
1.431460000000000036e+03 2.050739999999999872e-15
1.534369999999999891e+03 2.034220000000000147e-15
1.644680000000000064e+03 2.011990000000000179e-15
1.762910000000000082e+03 1.983929999999999877e-15
1.889650000000000091e+03 1.950360000000000004e-15
2.025500000000000000e+03 1.911489999999999828e-15
2.171119999999999891e+03 1.867739999999999856e-15
2.327199999999999818e+03 1.819419999999999891e-15
2.494510000000000218e+03 1.766570000000000029e-15
2.673840000000000146e+03 1.709670000000000031e-15
2.866070000000000164e+03 1.649530000000000004e-15
3.072110000000000127e+03 1.586469999999999922e-15
3.292969999999999800e+03 1.520489999999999982e-15
3.529710000000000036e+03 1.452260000000000055e-15
3.783460000000000036e+03 1.382660000000000068e-15
4.055460000000000036e+03 1.311740000000000091e-15
4.347010000000000218e+03 1.240220000000000064e-15
4.659520000000000437e+03 1.168179999999999982e-15
4.994510000000000218e+03 1.096610000000000084e-15
5.353560000000000400e+03 1.025420000000000006e-15
5.738439999999999600e+03 9.551420000000000103e-16
6.150989999999999782e+03 8.863180000000000381e-16
6.593189999999999600e+03 8.192629999999999770e-16
7.067180000000000291e+03 7.537180000000000134e-16
7.575250000000000000e+03 6.905990000000000028e-16
-----------------------


C15 N2 Excitation 7.36 eV
COMMENT: generated by bolsig_convert.py
-----------------------
1.000000000000000021e-02 0.000000000000000000e+00
1.071889999999999996e-02 0.000000000000000000e+00
1.148949999999999971e-02 0.000000000000000000e+00
1.231550000000000006e-02 0.000000000000000000e+00
1.320089999999999979e-02 0.000000000000000000e+00
1.414989999999999998e-02 0.000000000000000000e+00
1.516720000000000047e-02 0.000000000000000000e+00
1.625760000000000052e-02 0.000000000000000000e+00
1.742629999999999874e-02 0.000000000000000000e+00
1.867910000000000056e-02 0.000000000000000000e+00
2.002200000000000160e-02 0.000000000000000000e+00
2.146139999999999853e-02 0.000000000000000000e+00
2.300429999999999836e-02 0.000000000000000000e+00
2.465809999999999877e-02 0.000000000000000000e+00
2.643080000000000082e-02 0.000000000000000000e+00
2.833099999999999855e-02 0.000000000000000000e+00
3.036770000000000094e-02 0.000000000000000000e+00
3.255090000000000067e-02 0.000000000000000000e+00
3.489099999999999840e-02 0.000000000000000000e+00
3.739939999999999931e-02 0.000000000000000000e+00
4.008810000000000151e-02 0.000000000000000000e+00
4.297000000000000125e-02 0.000000000000000000e+00
4.605920000000000153e-02 0.000000000000000000e+00
4.937049999999999772e-02 0.000000000000000000e+00
5.291980000000000295e-02 0.000000000000000000e+00
5.672429999999999833e-02 0.000000000000000000e+00
6.080220000000000069e-02 0.000000000000000000e+00
6.517340000000000633e-02 0.000000000000000000e+00
6.985879999999999868e-02 0.000000000000000000e+00
7.488100000000000311e-02 0.000000000000000000e+00
8.026429999999999676e-02 0.000000000000000000e+00
8.603470000000000562e-02 0.000000000000000000e+00
9.221980000000000455e-02 0.000000000000000000e+00
9.884959999999999580e-02 0.000000000000000000e+00
1.059559999999999946e-01 0.000000000000000000e+00
1.135729999999999934e-01 0.000000000000000000e+00
1.217379999999999990e-01 0.000000000000000000e+00
1.304899999999999949e-01 0.000000000000000000e+00
1.398709999999999953e-01 0.000000000000000000e+00
1.499270000000000047e-01 0.000000000000000000e+00
1.607049999999999867e-01 0.000000000000000000e+00
1.722589999999999955e-01 0.000000000000000000e+00
1.846430000000000016e-01 0.000000000000000000e+00
1.979170000000000096e-01 0.000000000000000000e+00
2.121450000000000002e-01 0.000000000000000000e+00
2.273969999999999880e-01 0.000000000000000000e+00
2.437439999999999884e-01 0.000000000000000000e+00
2.612680000000000002e-01 0.000000000000000000e+00
2.800500000000000211e-01 0.000000000000000000e+00
3.001840000000000064e-01 0.000000000000000000e+00
3.217639999999999945e-01 0.000000000000000000e+00
3.448959999999999804e-01 0.000000000000000000e+00
3.696909999999999918e-01 0.000000000000000000e+00
3.962689999999999824e-01 0.000000000000000000e+00
4.247569999999999957e-01 0.000000000000000000e+00
4.552939999999999765e-01 0.000000000000000000e+00
4.880249999999999866e-01 0.000000000000000000e+00
5.231099999999999639e-01 0.000000000000000000e+00
5.607170000000000210e-01 0.000000000000000000e+00
6.010280000000000067e-01 0.000000000000000000e+00
6.442360000000000309e-01 0.000000000000000000e+00
6.905510000000000259e-01 0.000000000000000000e+00
7.401959999999999651e-01 0.000000000000000000e+00
7.934099999999999486e-01 0.000000000000000000e+00
8.504490000000000105e-01 0.000000000000000000e+00
9.115889999999999826e-01 0.000000000000000000e+00
9.771239999999999926e-01 0.000000000000000000e+00
1.047369999999999912e+00 0.000000000000000000e+00
1.122670000000000057e+00 0.000000000000000000e+00
1.203379999999999894e+00 0.000000000000000000e+00
1.289889999999999981e+00 0.000000000000000000e+00
1.382619999999999960e+00 0.000000000000000000e+00
1.482019999999999893e+00 0.000000000000000000e+00
1.588559999999999972e+00 0.000000000000000000e+00
1.702769999999999895e+00 0.000000000000000000e+00
1.825180000000000025e+00 0.000000000000000000e+00
1.956399999999999917e+00 0.000000000000000000e+00
2.097049999999999859e+00 0.000000000000000000e+00
2.247809999999999864e+00 0.000000000000000000e+00
2.409400000000000208e+00 0.000000000000000000e+00
2.582619999999999916e+00 0.000000000000000000e+00
2.768289999999999917e+00 0.000000000000000000e+00
2.967299999999999827e+00 0.000000000000000000e+00
3.180629999999999846e+00 0.000000000000000000e+00
3.409289999999999932e+00 0.000000000000000000e+00
3.654380000000000184e+00 0.000000000000000000e+00
3.917100000000000026e+00 0.000000000000000000e+00
4.198710000000000164e+00 0.000000000000000000e+00
4.500560000000000116e+00 0.000000000000000000e+00
4.824110000000000120e+00 0.000000000000000000e+00
5.170919999999999739e+00 0.000000000000000000e+00
5.542659999999999698e+00 0.000000000000000000e+00
5.941130000000000244e+00 0.000000000000000000e+00
6.368249999999999744e+00 0.000000000000000000e+00
6.826069999999999638e+00 0.000000000000000000e+00
7.316810000000000258e+00 0.000000000000000000e+00
7.842819999999999681e+00 0.000000000000000000e+00
8.406650000000000844e+00 0.000000000000000000e+00
9.011020000000000252e+00 0.000000000000000000e+00
9.658830000000000027e+00 0.000000000000000000e+00
1.035319999999999929e+01 0.000000000000000000e+00
1.109750000000000014e+01 0.000000000000000000e+00
1.189530000000000065e+01 0.000000000000000000e+00
1.275050000000000061e+01 0.000000000000000000e+00
1.366719999999999935e+01 0.000000000000000000e+00
1.464969999999999928e+01 7.121339999999999829e-27
1.570289999999999964e+01 1.111320000000000031e-25
1.683180000000000121e+01 5.172029999999999673e-25
1.804189999999999827e+01 2.312070000000000167e-24
1.933889999999999887e+01 8.905920000000000645e-24
2.072919999999999874e+01 3.305219999999999917e-23
2.221950000000000003e+01 1.076829999999999984e-22
2.381690000000000040e+01 3.265229999999999826e-22
2.552909999999999968e+01 9.400329999999999453e-22
2.736439999999999984e+01 2.492130000000000079e-21
2.933170000000000144e+01 6.231219999999999635e-21
3.144040000000000035e+01 1.474800000000000053e-20
3.370060000000000144e+01 3.389260000000000022e-20
3.612339999999999662e+01 7.238360000000000257e-20
3.872039999999999793e+01 1.478039999999999927e-19
4.150399999999999778e+01 2.905810000000000006e-19
4.448780000000000001e+01 5.459110000000000413e-19
4.768610000000000326e+01 9.877799999999999933e-19
5.111430000000000007e+01 1.730329999999999944e-18
5.478900000000000148e+01 2.917250000000000019e-18
5.872789999999999822e+01 4.760459999999999705e-18
6.294989999999999952e+01 7.579020000000000521e-18
6.747539999999999338e+01 1.161449999999999933e-17
7.232630000000000337e+01 1.729150000000000078e-17
7.752599999999999625e+01 2.502250000000000071e-17
8.309940000000000282e+01 3.528259999999999744e-17
8.907349999999999568e+01 4.851450000000000174e-17
9.547719999999999629e+01 6.523090000000000009e-17
1.023409999999999940e+02 8.565629999999999619e-17
1.096989999999999981e+02 1.102090000000000027e-16
1.175849999999999937e+02 1.391769999999999983e-16
1.260379999999999967e+02 1.727769999999999921e-16
1.350989999999999895e+02 2.112000000000000102e-16
1.448120000000000118e+02 2.544920000000000045e-16
1.552230000000000132e+02 3.029300000000000236e-16
1.663820000000000050e+02 3.564820000000000110e-16
1.783429999999999893e+02 4.153520000000000190e-16
1.911639999999999873e+02 4.790830000000000384e-16
2.049070000000000107e+02 5.477880000000000376e-16
2.196390000000000100e+02 6.209109999999999835e-16
2.354290000000000020e+02 6.989840000000000395e-16
2.523540000000000134e+02 7.815959999999999509e-16
2.704959999999999809e+02 8.676500000000000077e-16
2.899420000000000073e+02 9.569830000000000731e-16
3.107869999999999777e+02 1.048690000000000086e-15
3.331299999999999955e+02 1.142760000000000055e-15
3.570779999999999745e+02 1.237709999999999951e-15
3.827490000000000236e+02 1.333609999999999990e-15
4.102660000000000196e+02 1.429440000000000011e-15
4.397599999999999909e+02 1.523930000000000093e-15
4.713750000000000000e+02 1.616349999999999927e-15
5.052629999999999768e+02 1.706160000000000098e-15
5.415869999999999891e+02 1.792299999999999956e-15
5.805230000000000246e+02 1.874300000000000105e-15
6.222569999999999482e+02 1.951429999999999841e-15
6.669919999999999618e+02 2.022760000000000154e-15
7.149429999999999836e+02 2.087770000000000002e-15
7.663410000000000082e+02 2.146079999999999957e-15
8.214349999999999454e+02 2.197059999999999851e-15
8.804880000000000564e+02 2.240519999999999970e-15
9.437880000000000109e+02 2.276119999999999996e-15
1.011639999999999986e+03 2.303399999999999918e-15
1.084369999999999891e+03 2.322489999999999998e-15
1.162319999999999936e+03 2.333069999999999866e-15
1.245880000000000109e+03 2.335549999999999859e-15
1.335450000000000045e+03 2.330050000000000066e-15
1.431460000000000036e+03 2.315970000000000042e-15
1.534369999999999891e+03 2.294430000000000090e-15
1.644680000000000064e+03 2.265549999999999905e-15
1.762910000000000082e+03 2.229489999999999867e-15
1.889650000000000091e+03 2.186699999999999817e-15
2.025500000000000000e+03 2.137710000000000178e-15
2.171119999999999891e+03 2.083160000000000110e-15
2.327199999999999818e+03 2.023510000000000019e-15
2.494510000000000218e+03 1.959070000000000100e-15
2.673840000000000146e+03 1.890479999999999906e-15
2.866070000000000164e+03 1.818749999999999823e-15
3.072110000000000127e+03 1.744270000000000041e-15
3.292969999999999800e+03 1.667119999999999961e-15
3.529710000000000036e+03 1.588130000000000032e-15
3.783460000000000036e+03 1.508259999999999979e-15
4.055460000000000036e+03 1.427469999999999902e-15
4.347010000000000218e+03 1.346719999999999921e-15
4.659520000000000437e+03 1.265910000000000093e-15
4.994510000000000218e+03 1.186180000000000078e-15
5.353560000000000400e+03 1.107310000000000041e-15
5.738439999999999600e+03 1.029890000000000057e-15
6.150989999999999782e+03 9.544330000000000612e-16
6.593189999999999600e+03 8.811780000000000177e-16
7.067180000000000291e+03 8.099029999999999590e-16
7.575250000000000000e+03 7.414430000000000259e-16
-----------------------


C16 N2 Excitation 7.80 eV
COMMENT: generated by bolsig_convert.py
-----------------------
1.000000000000000021e-02 0.000000000000000000e+00
1.071889999999999996e-02 0.000000000000000000e+00
1.148949999999999971e-02 0.000000000000000000e+00
1.231550000000000006e-02 0.000000000000000000e+00
1.320089999999999979e-02 0.000000000000000000e+00
1.414989999999999998e-02 0.000000000000000000e+00
1.516720000000000047e-02 0.000000000000000000e+00
1.625760000000000052e-02 0.000000000000000000e+00
1.742629999999999874e-02 0.000000000000000000e+00
1.867910000000000056e-02 0.000000000000000000e+00
2.002200000000000160e-02 0.000000000000000000e+00
2.146139999999999853e-02 0.000000000000000000e+00
2.300429999999999836e-02 0.000000000000000000e+00
2.465809999999999877e-02 0.000000000000000000e+00
2.643080000000000082e-02 0.000000000000000000e+00
2.833099999999999855e-02 0.000000000000000000e+00
3.036770000000000094e-02 0.000000000000000000e+00
3.255090000000000067e-02 0.000000000000000000e+00
3.489099999999999840e-02 0.000000000000000000e+00
3.739939999999999931e-02 0.000000000000000000e+00
4.008810000000000151e-02 0.000000000000000000e+00
4.297000000000000125e-02 0.000000000000000000e+00
4.605920000000000153e-02 0.000000000000000000e+00
4.937049999999999772e-02 0.000000000000000000e+00
5.291980000000000295e-02 0.000000000000000000e+00
5.672429999999999833e-02 0.000000000000000000e+00
6.080220000000000069e-02 0.000000000000000000e+00
6.517340000000000633e-02 0.000000000000000000e+00
6.985879999999999868e-02 0.000000000000000000e+00
7.488100000000000311e-02 0.000000000000000000e+00
8.026429999999999676e-02 0.000000000000000000e+00
8.603470000000000562e-02 0.000000000000000000e+00
9.221980000000000455e-02 0.000000000000000000e+00
9.884959999999999580e-02 0.000000000000000000e+00
1.059559999999999946e-01 0.000000000000000000e+00
1.135729999999999934e-01 0.000000000000000000e+00
1.217379999999999990e-01 0.000000000000000000e+00
1.304899999999999949e-01 0.000000000000000000e+00
1.398709999999999953e-01 0.000000000000000000e+00
1.499270000000000047e-01 0.000000000000000000e+00
1.607049999999999867e-01 0.000000000000000000e+00
1.722589999999999955e-01 0.000000000000000000e+00
1.846430000000000016e-01 0.000000000000000000e+00
1.979170000000000096e-01 0.000000000000000000e+00
2.121450000000000002e-01 0.000000000000000000e+00
2.273969999999999880e-01 0.000000000000000000e+00
2.437439999999999884e-01 0.000000000000000000e+00
2.612680000000000002e-01 0.000000000000000000e+00
2.800500000000000211e-01 0.000000000000000000e+00
3.001840000000000064e-01 0.000000000000000000e+00
3.217639999999999945e-01 0.000000000000000000e+00
3.448959999999999804e-01 0.000000000000000000e+00
3.696909999999999918e-01 0.000000000000000000e+00
3.962689999999999824e-01 0.000000000000000000e+00
4.247569999999999957e-01 0.000000000000000000e+00
4.552939999999999765e-01 0.000000000000000000e+00
4.880249999999999866e-01 0.000000000000000000e+00
5.231099999999999639e-01 0.000000000000000000e+00
5.607170000000000210e-01 0.000000000000000000e+00
6.010280000000000067e-01 0.000000000000000000e+00
6.442360000000000309e-01 0.000000000000000000e+00
6.905510000000000259e-01 0.000000000000000000e+00
7.401959999999999651e-01 0.000000000000000000e+00
7.934099999999999486e-01 0.000000000000000000e+00
8.504490000000000105e-01 0.000000000000000000e+00
9.115889999999999826e-01 0.000000000000000000e+00
9.771239999999999926e-01 0.000000000000000000e+00
1.047369999999999912e+00 0.000000000000000000e+00
1.122670000000000057e+00 0.000000000000000000e+00
1.203379999999999894e+00 0.000000000000000000e+00
1.289889999999999981e+00 0.000000000000000000e+00
1.382619999999999960e+00 0.000000000000000000e+00
1.482019999999999893e+00 0.000000000000000000e+00
1.588559999999999972e+00 0.000000000000000000e+00
1.702769999999999895e+00 0.000000000000000000e+00
1.825180000000000025e+00 0.000000000000000000e+00
1.956399999999999917e+00 0.000000000000000000e+00
2.097049999999999859e+00 0.000000000000000000e+00
2.247809999999999864e+00 0.000000000000000000e+00
2.409400000000000208e+00 0.000000000000000000e+00
2.582619999999999916e+00 0.000000000000000000e+00
2.768289999999999917e+00 0.000000000000000000e+00
2.967299999999999827e+00 0.000000000000000000e+00
3.180629999999999846e+00 0.000000000000000000e+00
3.409289999999999932e+00 0.000000000000000000e+00
3.654380000000000184e+00 0.000000000000000000e+00
3.917100000000000026e+00 0.000000000000000000e+00
4.198710000000000164e+00 0.000000000000000000e+00
4.500560000000000116e+00 0.000000000000000000e+00
4.824110000000000120e+00 0.000000000000000000e+00
5.170919999999999739e+00 0.000000000000000000e+00
5.542659999999999698e+00 0.000000000000000000e+00
5.941130000000000244e+00 0.000000000000000000e+00
6.368249999999999744e+00 0.000000000000000000e+00
6.826069999999999638e+00 0.000000000000000000e+00
7.316810000000000258e+00 0.000000000000000000e+00
7.842819999999999681e+00 0.000000000000000000e+00
8.406650000000000844e+00 0.000000000000000000e+00
9.011020000000000252e+00 0.000000000000000000e+00
9.658830000000000027e+00 0.000000000000000000e+00
1.035319999999999929e+01 0.000000000000000000e+00
1.109750000000000014e+01 0.000000000000000000e+00
1.189530000000000065e+01 0.000000000000000000e+00
1.275050000000000061e+01 0.000000000000000000e+00
1.366719999999999935e+01 0.000000000000000000e+00
1.464969999999999928e+01 1.394519999999999974e-27
1.570289999999999964e+01 2.309090000000000081e-26
1.683180000000000121e+01 1.090050000000000036e-25
1.804189999999999827e+01 5.143100000000000407e-25
1.933889999999999887e+01 2.025279999999999996e-24
2.072919999999999874e+01 7.686800000000000644e-24
2.221950000000000003e+01 2.561590000000000122e-23
2.381690000000000040e+01 7.945590000000000453e-23
2.552909999999999968e+01 2.339659999999999984e-22
2.736439999999999984e+01 6.342560000000000174e-22
2.933170000000000144e+01 1.620939999999999974e-21
3.144040000000000035e+01 3.918989999999999656e-21
3.370060000000000144e+01 9.193459999999999488e-21
3.612339999999999662e+01 2.002450000000000008e-20
3.872039999999999793e+01 4.166059999999999833e-20
4.150399999999999778e+01 8.335689999999999554e-20
4.448780000000000001e+01 1.591900000000000077e-19
4.768610000000000326e+01 2.924339999999999937e-19
5.111430000000000007e+01 5.193909999999999698e-19
5.478900000000000148e+01 8.866559999999999758e-19
5.872789999999999822e+01 1.463020000000000093e-18
6.294989999999999952e+01 2.351969999999999896e-18
6.747539999999999338e+01 3.634530000000000181e-18
7.232630000000000337e+01 5.449090000000000023e-18
7.752599999999999625e+01 7.930429999999999794e-18
8.309940000000000282e+01 1.123200000000000001e-17
8.907349999999999568e+01 1.549450000000000025e-17
9.547719999999999629e+01 2.087739999999999955e-17
1.023409999999999940e+02 2.744410000000000021e-17
1.096989999999999981e+02 3.531510000000000093e-17
1.175849999999999937e+02 4.456470000000000138e-17
1.260379999999999967e+02 5.524229999999999763e-17
1.350989999999999895e+02 6.738600000000000181e-17
1.448120000000000118e+02 8.098739999999999787e-17
1.552230000000000132e+02 9.611380000000000391e-17
1.663820000000000050e+02 1.127359999999999893e-16
1.783429999999999893e+02 1.309050000000000041e-16
1.911639999999999873e+02 1.504670000000000052e-16
2.049070000000000107e+02 1.714570000000000022e-16
2.196390000000000100e+02 1.937069999999999939e-16
2.354290000000000020e+02 2.173990000000000001e-16
2.523540000000000134e+02 2.424270000000000244e-16
2.704959999999999809e+02 2.684740000000000214e-16
2.899420000000000073e+02 2.955290000000000242e-16
3.107869999999999777e+02 3.233530000000000204e-16
3.331299999999999955e+02 3.519870000000000238e-16
3.570779999999999745e+02 3.810250000000000136e-16
3.827490000000000236e+02 4.105269999999999850e-16
4.102660000000000196e+02 4.402360000000000108e-16
4.397599999999999909e+02 4.698040000000000310e-16
4.713750000000000000e+02 4.990559999999999983e-16
5.052629999999999768e+02 5.278570000000000101e-16
5.415869999999999891e+02 5.559220000000000037e-16
5.805230000000000246e+02 5.831309999999999889e-16
6.222569999999999482e+02 6.092820000000000464e-16
6.669919999999999618e+02 6.341039999999999594e-16
7.149429999999999836e+02 6.574410000000000071e-16
7.663410000000000082e+02 6.791700000000000492e-16
8.214349999999999454e+02 6.990870000000000334e-16
8.804880000000000564e+02 7.171019999999999919e-16
9.437880000000000109e+02 7.330739999999999682e-16
1.011639999999999986e+03 7.468180000000000393e-16
1.084369999999999891e+03 7.583130000000000417e-16
1.162319999999999936e+03 7.673819999999999924e-16
1.245880000000000109e+03 7.740989999999999791e-16
1.335450000000000045e+03 7.784030000000000388e-16
1.431460000000000036e+03 7.800050000000000400e-16
1.534369999999999891e+03 7.791959999999999513e-16
1.644680000000000064e+03 7.759119999999999555e-16
1.762910000000000082e+03 7.700739999999999778e-16
1.889650000000000091e+03 7.617839999999999950e-16
2.025500000000000000e+03 7.511089999999999743e-16
2.171119999999999891e+03 7.381650000000000346e-16
2.327199999999999818e+03 7.230549999999999725e-16
2.494510000000000218e+03 7.058270000000000207e-16
2.673840000000000146e+03 6.866260000000000071e-16
2.866070000000000164e+03 6.657599999999999950e-16
3.072110000000000127e+03 6.433439999999999873e-16
3.292969999999999800e+03 6.194059999999999719e-16
3.529710000000000036e+03 5.941920000000000319e-16
3.783460000000000036e+03 5.680850000000000398e-16
4.055460000000000036e+03 5.410889999999999656e-16
4.347010000000000218e+03 5.135320000000000189e-16
4.659520000000000437e+03 4.854529999999999821e-16
4.994510000000000218e+03 4.572609999999999768e-16
5.353560000000000400e+03 4.289620000000000075e-16
5.738439999999999600e+03 4.007889999999999834e-16
6.150989999999999782e+03 3.729959999999999772e-16
6.593189999999999600e+03 3.456930000000000047e-16
7.067180000000000291e+03 3.188549999999999816e-16
7.575250000000000000e+03 2.928520000000000006e-16
-----------------------


C17 N2 Excitation 8.16 eV
COMMENT: generated by bolsig_convert.py
-----------------------
1.000000000000000021e-02 0.000000000000000000e+00
1.071889999999999996e-02 0.000000000000000000e+00
1.148949999999999971e-02 0.000000000000000000e+00
1.231550000000000006e-02 0.000000000000000000e+00
1.320089999999999979e-02 0.000000000000000000e+00
1.414989999999999998e-02 0.000000000000000000e+00
1.516720000000000047e-02 0.000000000000000000e+00
1.625760000000000052e-02 0.000000000000000000e+00
1.742629999999999874e-02 0.000000000000000000e+00
1.867910000000000056e-02 0.000000000000000000e+00
2.002200000000000160e-02 0.000000000000000000e+00
2.146139999999999853e-02 0.000000000000000000e+00
2.300429999999999836e-02 0.000000000000000000e+00
2.465809999999999877e-02 0.000000000000000000e+00
2.643080000000000082e-02 0.000000000000000000e+00
2.833099999999999855e-02 0.000000000000000000e+00
3.036770000000000094e-02 0.000000000000000000e+00
3.255090000000000067e-02 0.000000000000000000e+00
3.489099999999999840e-02 0.000000000000000000e+00
3.739939999999999931e-02 0.000000000000000000e+00
4.008810000000000151e-02 0.000000000000000000e+00
4.297000000000000125e-02 0.000000000000000000e+00
4.605920000000000153e-02 0.000000000000000000e+00
4.937049999999999772e-02 0.000000000000000000e+00
5.291980000000000295e-02 0.000000000000000000e+00
5.672429999999999833e-02 0.000000000000000000e+00
6.080220000000000069e-02 0.000000000000000000e+00
6.517340000000000633e-02 0.000000000000000000e+00
6.985879999999999868e-02 0.000000000000000000e+00
7.488100000000000311e-02 0.000000000000000000e+00
8.026429999999999676e-02 0.000000000000000000e+00
8.603470000000000562e-02 0.000000000000000000e+00
9.221980000000000455e-02 0.000000000000000000e+00
9.884959999999999580e-02 0.000000000000000000e+00
1.059559999999999946e-01 0.000000000000000000e+00
1.135729999999999934e-01 0.000000000000000000e+00
1.217379999999999990e-01 0.000000000000000000e+00
1.304899999999999949e-01 0.000000000000000000e+00
1.398709999999999953e-01 0.000000000000000000e+00
1.499270000000000047e-01 0.000000000000000000e+00
1.607049999999999867e-01 0.000000000000000000e+00
1.722589999999999955e-01 0.000000000000000000e+00
1.846430000000000016e-01 0.000000000000000000e+00
1.979170000000000096e-01 0.000000000000000000e+00
2.121450000000000002e-01 0.000000000000000000e+00
2.273969999999999880e-01 0.000000000000000000e+00
2.437439999999999884e-01 0.000000000000000000e+00
2.612680000000000002e-01 0.000000000000000000e+00
2.800500000000000211e-01 0.000000000000000000e+00
3.001840000000000064e-01 0.000000000000000000e+00
3.217639999999999945e-01 0.000000000000000000e+00
3.448959999999999804e-01 0.000000000000000000e+00
3.696909999999999918e-01 0.000000000000000000e+00
3.962689999999999824e-01 0.000000000000000000e+00
4.247569999999999957e-01 0.000000000000000000e+00
4.552939999999999765e-01 0.000000000000000000e+00
4.880249999999999866e-01 0.000000000000000000e+00
5.231099999999999639e-01 0.000000000000000000e+00
5.607170000000000210e-01 0.000000000000000000e+00
6.010280000000000067e-01 0.000000000000000000e+00
6.442360000000000309e-01 0.000000000000000000e+00
6.905510000000000259e-01 0.000000000000000000e+00
7.401959999999999651e-01 0.000000000000000000e+00
7.934099999999999486e-01 0.000000000000000000e+00
8.504490000000000105e-01 0.000000000000000000e+00
9.115889999999999826e-01 0.000000000000000000e+00
9.771239999999999926e-01 0.000000000000000000e+00
1.047369999999999912e+00 0.000000000000000000e+00
1.122670000000000057e+00 0.000000000000000000e+00
1.203379999999999894e+00 0.000000000000000000e+00
1.289889999999999981e+00 0.000000000000000000e+00
1.382619999999999960e+00 0.000000000000000000e+00
1.482019999999999893e+00 0.000000000000000000e+00
1.588559999999999972e+00 0.000000000000000000e+00
1.702769999999999895e+00 0.000000000000000000e+00
1.825180000000000025e+00 0.000000000000000000e+00
1.956399999999999917e+00 0.000000000000000000e+00
2.097049999999999859e+00 0.000000000000000000e+00
2.247809999999999864e+00 0.000000000000000000e+00
2.409400000000000208e+00 0.000000000000000000e+00
2.582619999999999916e+00 0.000000000000000000e+00
2.768289999999999917e+00 0.000000000000000000e+00
2.967299999999999827e+00 0.000000000000000000e+00
3.180629999999999846e+00 0.000000000000000000e+00
3.409289999999999932e+00 0.000000000000000000e+00
3.654380000000000184e+00 0.000000000000000000e+00
3.917100000000000026e+00 0.000000000000000000e+00
4.198710000000000164e+00 0.000000000000000000e+00
4.500560000000000116e+00 0.000000000000000000e+00
4.824110000000000120e+00 0.000000000000000000e+00
5.170919999999999739e+00 0.000000000000000000e+00
5.542659999999999698e+00 0.000000000000000000e+00
5.941130000000000244e+00 0.000000000000000000e+00
6.368249999999999744e+00 0.000000000000000000e+00
6.826069999999999638e+00 0.000000000000000000e+00
7.316810000000000258e+00 0.000000000000000000e+00
7.842819999999999681e+00 0.000000000000000000e+00
8.406650000000000844e+00 0.000000000000000000e+00
9.011020000000000252e+00 0.000000000000000000e+00
9.658830000000000027e+00 0.000000000000000000e+00
1.035319999999999929e+01 0.000000000000000000e+00
1.109750000000000014e+01 0.000000000000000000e+00
1.189530000000000065e+01 0.000000000000000000e+00
1.275050000000000061e+01 0.000000000000000000e+00
1.366719999999999935e+01 0.000000000000000000e+00
1.464969999999999928e+01 1.851609999999999905e-28
1.570289999999999964e+01 1.810240000000000070e-26
1.683180000000000121e+01 8.685889999999999900e-26
1.804189999999999827e+01 4.133189999999999841e-25
1.933889999999999887e+01 1.644930000000000017e-24
2.072919999999999874e+01 6.303619999999999656e-24
2.221950000000000003e+01 2.116659999999999976e-23
2.381690000000000040e+01 6.607529999999999631e-23
2.552909999999999968e+01 1.956300000000000012e-22
2.736439999999999984e+01 5.328359999999999556e-22
2.933170000000000144e+01 1.367489999999999919e-21
3.144040000000000035e+01 3.319079999999999943e-21
3.370060000000000144e+01 7.815380000000000139e-21
3.612339999999999662e+01 1.708709999999999999e-20
3.872039999999999793e+01 3.568870000000000067e-20
4.150399999999999778e+01 7.170699999999999812e-20
4.448780000000000001e+01 1.375620000000000080e-19
4.768610000000000326e+01 2.539519999999999912e-19
5.111430000000000007e+01 4.534880000000000170e-19
5.478900000000000148e+01 7.787129999999999563e-19
5.872789999999999822e+01 1.293110000000000009e-18
6.294989999999999952e+01 2.093070000000000065e-18
6.747539999999999338e+01 3.258010000000000046e-18
7.232630000000000337e+01 4.921989999999999954e-18
7.752599999999999625e+01 7.220340000000000516e-18
8.309940000000000282e+01 1.030969999999999992e-17
8.907349999999999568e+01 1.433980000000000130e-17
9.547719999999999629e+01 1.948089999999999932e-17
1.023409999999999940e+02 2.581640000000000077e-17
1.096989999999999981e+02 3.348220000000000200e-17
1.175849999999999937e+02 4.256870000000000060e-17
1.260379999999999967e+02 5.313890000000000003e-17
1.350989999999999895e+02 6.523840000000000563e-17
1.448120000000000118e+02 7.885970000000000571e-17
1.552230000000000132e+02 9.406079999999999796e-17
1.663820000000000050e+02 1.107970000000000060e-16
1.783429999999999893e+02 1.290920000000000030e-16
1.911639999999999873e+02 1.487639999999999951e-16
2.049070000000000107e+02 1.698069999999999902e-16
2.196390000000000100e+02 1.920099999999999883e-16
2.354290000000000020e+02 2.155090000000000078e-16
2.523540000000000134e+02 2.401520000000000022e-16
2.704959999999999809e+02 2.655820000000000032e-16
2.899420000000000073e+02 2.917480000000000225e-16
3.107869999999999777e+02 3.183789999999999912e-16
3.331299999999999955e+02 3.454930000000000212e-16
3.570779999999999745e+02 3.726719999999999842e-16
3.827490000000000236e+02 3.999739999999999889e-16
4.102660000000000196e+02 4.271459999999999795e-16
4.397599999999999909e+02 4.538629999999999954e-16
4.713750000000000000e+02 4.799780000000000263e-16
5.052629999999999768e+02 5.053860000000000439e-16
5.415869999999999891e+02 5.298459999999999523e-16
5.805230000000000246e+02 5.532839999999999596e-16
6.222569999999999482e+02 5.755540000000000237e-16
6.669919999999999618e+02 5.964360000000000147e-16
7.149429999999999836e+02 6.158359999999999947e-16
7.663410000000000082e+02 6.336880000000000134e-16
8.214349999999999454e+02 6.498520000000000331e-16
8.804880000000000564e+02 6.643030000000000189e-16
9.437880000000000109e+02 6.769709999999999518e-16
1.011639999999999986e+03 6.877269999999999830e-16
1.084369999999999891e+03 6.966079999999999590e-16
1.162319999999999936e+03 7.035059999999999974e-16
1.245880000000000109e+03 7.085370000000000194e-16
1.335450000000000045e+03 7.116929999999999862e-16
1.431460000000000036e+03 7.127549999999999826e-16
1.534369999999999891e+03 7.119909999999999765e-16
1.644680000000000064e+03 7.093810000000000189e-16
1.762910000000000082e+03 7.048560000000000094e-16
1.889650000000000091e+03 6.985240000000000280e-16
2.025500000000000000e+03 6.904110000000000281e-16
2.171119999999999891e+03 6.806079999999999949e-16
2.327199999999999818e+03 6.691660000000000152e-16
2.494510000000000218e+03 6.560899999999999779e-16
2.673840000000000146e+03 6.414560000000000048e-16
2.866070000000000164e+03 6.254699999999999852e-16
3.072110000000000127e+03 6.081610000000000228e-16
3.292969999999999800e+03 5.895039999999999841e-16
3.529710000000000036e+03 5.696419999999999584e-16
3.783460000000000036e+03 5.488200000000000117e-16
4.055460000000000036e+03 5.270099999999999591e-16
4.347010000000000218e+03 5.044080000000000111e-16
4.659520000000000437e+03 4.810359999999999539e-16
4.994510000000000218e+03 4.571820000000000006e-16
5.353560000000000400e+03 4.328240000000000197e-16
5.738439999999999600e+03 4.081770000000000060e-16
6.150989999999999782e+03 3.834140000000000215e-16
6.593189999999999600e+03 3.586500000000000198e-16
7.067180000000000291e+03 3.339340000000000044e-16
7.575250000000000000e+03 3.095330000000000246e-16
-----------------------


C18 N2 Excitation 8.40 eV
COMMENT: generated by bolsig_convert.py
-----------------------
1.000000000000000021e-02 0.000000000000000000e+00
1.071889999999999996e-02 0.000000000000000000e+00
1.148949999999999971e-02 0.000000000000000000e+00
1.231550000000000006e-02 0.000000000000000000e+00
1.320089999999999979e-02 0.000000000000000000e+00
1.414989999999999998e-02 0.000000000000000000e+00
1.516720000000000047e-02 0.000000000000000000e+00
1.625760000000000052e-02 0.000000000000000000e+00
1.742629999999999874e-02 0.000000000000000000e+00
1.867910000000000056e-02 0.000000000000000000e+00
2.002200000000000160e-02 0.000000000000000000e+00
2.146139999999999853e-02 0.000000000000000000e+00
2.300429999999999836e-02 0.000000000000000000e+00
2.465809999999999877e-02 0.000000000000000000e+00
2.643080000000000082e-02 0.000000000000000000e+00
2.833099999999999855e-02 0.000000000000000000e+00
3.036770000000000094e-02 0.000000000000000000e+00
3.255090000000000067e-02 0.000000000000000000e+00
3.489099999999999840e-02 0.000000000000000000e+00
3.739939999999999931e-02 0.000000000000000000e+00
4.008810000000000151e-02 0.000000000000000000e+00
4.297000000000000125e-02 0.000000000000000000e+00
4.605920000000000153e-02 0.000000000000000000e+00
4.937049999999999772e-02 0.000000000000000000e+00
5.291980000000000295e-02 0.000000000000000000e+00
5.672429999999999833e-02 0.000000000000000000e+00
6.080220000000000069e-02 0.000000000000000000e+00
6.517340000000000633e-02 0.000000000000000000e+00
6.985879999999999868e-02 0.000000000000000000e+00
7.488100000000000311e-02 0.000000000000000000e+00
8.026429999999999676e-02 0.000000000000000000e+00
8.603470000000000562e-02 0.000000000000000000e+00
9.221980000000000455e-02 0.000000000000000000e+00
9.884959999999999580e-02 0.000000000000000000e+00
1.059559999999999946e-01 0.000000000000000000e+00
1.135729999999999934e-01 0.000000000000000000e+00
1.217379999999999990e-01 0.000000000000000000e+00
1.304899999999999949e-01 0.000000000000000000e+00
1.398709999999999953e-01 0.000000000000000000e+00
1.499270000000000047e-01 0.000000000000000000e+00
1.607049999999999867e-01 0.000000000000000000e+00
1.722589999999999955e-01 0.000000000000000000e+00
1.846430000000000016e-01 0.000000000000000000e+00
1.979170000000000096e-01 0.000000000000000000e+00
2.121450000000000002e-01 0.000000000000000000e+00
2.273969999999999880e-01 0.000000000000000000e+00
2.437439999999999884e-01 0.000000000000000000e+00
2.612680000000000002e-01 0.000000000000000000e+00
2.800500000000000211e-01 0.000000000000000000e+00
3.001840000000000064e-01 0.000000000000000000e+00
3.217639999999999945e-01 0.000000000000000000e+00
3.448959999999999804e-01 0.000000000000000000e+00
3.696909999999999918e-01 0.000000000000000000e+00
3.962689999999999824e-01 0.000000000000000000e+00
4.247569999999999957e-01 0.000000000000000000e+00
4.552939999999999765e-01 0.000000000000000000e+00
4.880249999999999866e-01 0.000000000000000000e+00
5.231099999999999639e-01 0.000000000000000000e+00
5.607170000000000210e-01 0.000000000000000000e+00
6.010280000000000067e-01 0.000000000000000000e+00
6.442360000000000309e-01 0.000000000000000000e+00
6.905510000000000259e-01 0.000000000000000000e+00
7.401959999999999651e-01 0.000000000000000000e+00
7.934099999999999486e-01 0.000000000000000000e+00
8.504490000000000105e-01 0.000000000000000000e+00
9.115889999999999826e-01 0.000000000000000000e+00
9.771239999999999926e-01 0.000000000000000000e+00
1.047369999999999912e+00 0.000000000000000000e+00
1.122670000000000057e+00 0.000000000000000000e+00
1.203379999999999894e+00 0.000000000000000000e+00
1.289889999999999981e+00 0.000000000000000000e+00
1.382619999999999960e+00 0.000000000000000000e+00
1.482019999999999893e+00 0.000000000000000000e+00
1.588559999999999972e+00 0.000000000000000000e+00
1.702769999999999895e+00 0.000000000000000000e+00
1.825180000000000025e+00 0.000000000000000000e+00
1.956399999999999917e+00 0.000000000000000000e+00
2.097049999999999859e+00 0.000000000000000000e+00
2.247809999999999864e+00 0.000000000000000000e+00
2.409400000000000208e+00 0.000000000000000000e+00
2.582619999999999916e+00 0.000000000000000000e+00
2.768289999999999917e+00 0.000000000000000000e+00
2.967299999999999827e+00 0.000000000000000000e+00
3.180629999999999846e+00 0.000000000000000000e+00
3.409289999999999932e+00 0.000000000000000000e+00
3.654380000000000184e+00 0.000000000000000000e+00
3.917100000000000026e+00 0.000000000000000000e+00
4.198710000000000164e+00 0.000000000000000000e+00
4.500560000000000116e+00 0.000000000000000000e+00
4.824110000000000120e+00 0.000000000000000000e+00
5.170919999999999739e+00 0.000000000000000000e+00
5.542659999999999698e+00 0.000000000000000000e+00
5.941130000000000244e+00 0.000000000000000000e+00
6.368249999999999744e+00 0.000000000000000000e+00
6.826069999999999638e+00 0.000000000000000000e+00
7.316810000000000258e+00 0.000000000000000000e+00
7.842819999999999681e+00 0.000000000000000000e+00
8.406650000000000844e+00 0.000000000000000000e+00
9.011020000000000252e+00 0.000000000000000000e+00
9.658830000000000027e+00 0.000000000000000000e+00
1.035319999999999929e+01 0.000000000000000000e+00
1.109750000000000014e+01 0.000000000000000000e+00
1.189530000000000065e+01 0.000000000000000000e+00
1.275050000000000061e+01 0.000000000000000000e+00
1.366719999999999935e+01 0.000000000000000000e+00
1.464969999999999928e+01 0.000000000000000000e+00
1.570289999999999964e+01 8.811860000000000321e-27
1.683180000000000121e+01 4.344780000000000179e-26
1.804189999999999827e+01 2.218450000000000009e-25
1.933889999999999887e+01 9.094950000000000284e-25
2.072919999999999874e+01 3.587529999999999660e-24
2.221950000000000003e+01 1.237110000000000051e-23
2.381690000000000040e+01 3.959919999999999882e-23
2.552909999999999968e+01 1.200439999999999973e-22
2.736439999999999984e+01 3.343059999999999825e-22
2.933170000000000144e+01 8.760719999999999484e-22
3.144040000000000035e+01 2.168440000000000018e-21
3.370060000000000144e+01 5.200700000000000015e-21
3.612339999999999662e+01 1.156789999999999975e-20
3.872039999999999793e+01 2.455319999999999969e-20
4.150399999999999778e+01 5.008040000000000235e-20
4.448780000000000001e+01 9.743019999999999512e-20
4.768610000000000326e+01 1.822280000000000108e-19
5.111430000000000007e+01 3.293780000000000087e-19
5.478900000000000148e+01 5.719889999999999961e-19
5.872789999999999822e+01 9.597469999999999592e-19
6.294989999999999952e+01 1.568410000000000000e-18
6.747539999999999338e+01 2.462869999999999823e-18
7.232630000000000337e+01 3.750699999999999617e-18
7.752599999999999625e+01 5.542309999999999901e-18
8.309940000000000282e+01 7.965880000000000634e-18
8.907349999999999568e+01 1.114509999999999934e-17
9.547719999999999629e+01 1.521990000000000019e-17
1.023409999999999940e+02 2.026230000000000041e-17
1.096989999999999981e+02 2.638340000000000091e-17
1.175849999999999937e+02 3.365709999999999943e-17
1.260379999999999967e+02 4.213410000000000139e-17
1.350989999999999895e+02 5.184809999999999762e-17
1.448120000000000118e+02 6.278879999999999981e-17
1.552230000000000132e+02 7.499609999999999801e-17
1.663820000000000050e+02 8.842569999999999934e-17
1.783429999999999893e+02 1.030870000000000000e-16
1.911639999999999873e+02 1.188230000000000032e-16
2.049070000000000107e+02 1.356190000000000054e-16
2.196390000000000100e+02 1.532920000000000068e-16
2.354290000000000020e+02 1.719410000000000067e-16
2.523540000000000134e+02 1.914310000000000039e-16
2.704959999999999809e+02 2.114680000000000029e-16
2.899420000000000073e+02 2.320000000000000228e-16
3.107869999999999777e+02 2.528040000000000054e-16
3.331299999999999955e+02 2.738889999999999822e-16
3.570779999999999745e+02 2.949200000000000177e-16
3.827490000000000236e+02 3.159389999999999950e-16
4.102660000000000196e+02 3.367489999999999821e-16
4.397599999999999909e+02 3.571000000000000242e-16
4.713750000000000000e+02 3.768839999999999923e-16
5.052629999999999768e+02 3.960310000000000153e-16
5.415869999999999891e+02 4.143659999999999967e-16
5.805230000000000246e+02 4.318560000000000107e-16
6.222569999999999482e+02 4.484110000000000401e-16
6.669919999999999618e+02 4.638850000000000427e-16
7.149429999999999836e+02 4.782430000000000089e-16
7.663410000000000082e+02 4.914689999999999600e-16
8.214349999999999454e+02 5.035010000000000143e-16
8.804880000000000564e+02 5.143619999999999752e-16
9.437880000000000109e+02 5.240520000000000400e-16
1.011639999999999986e+03 5.325260000000000274e-16
1.084369999999999891e+03 5.398599999999999608e-16
1.162319999999999936e+03 5.460339999999999897e-16
1.245880000000000109e+03 5.511990000000000451e-16
1.335450000000000045e+03 5.554099999999999867e-16
1.431460000000000036e+03 5.585569999999999962e-16
1.534369999999999891e+03 5.608950000000000157e-16
1.644680000000000064e+03 5.624740000000000163e-16
1.762910000000000082e+03 5.632780000000000191e-16
1.889650000000000091e+03 5.634589999999999721e-16
2.025500000000000000e+03 5.630519999999999835e-16
2.171119999999999891e+03 5.621630000000000000e-16
2.327199999999999818e+03 5.608409999999999757e-16
2.494510000000000218e+03 5.591309999999999933e-16
2.673840000000000146e+03 5.570859999999999768e-16
2.866070000000000164e+03 5.548210000000000278e-16
3.072110000000000127e+03 5.522929999999999993e-16
3.292969999999999800e+03 5.495189999999999862e-16
3.529710000000000036e+03 5.465319999999999635e-16
3.783460000000000036e+03 5.433260000000000254e-16
4.055460000000000036e+03 5.398669999999999824e-16
4.347010000000000218e+03 5.361109999999999663e-16
4.659520000000000437e+03 5.319899999999999927e-16
4.994510000000000218e+03 5.274630000000000475e-16
5.353560000000000400e+03 5.223719999999999811e-16
5.738439999999999600e+03 5.166689999999999553e-16
6.150989999999999782e+03 5.101970000000000347e-16
6.593189999999999600e+03 5.028180000000000188e-16
7.067180000000000291e+03 4.944080000000000458e-16
7.575250000000000000e+03 4.848219999999999922e-16
-----------------------


C19 N2 Excitation 8.55 eV
COMMENT: generated by bolsig_convert.py
-----------------------
1.000000000000000021e-02 0.000000000000000000e+00
1.071889999999999996e-02 0.000000000000000000e+00
1.148949999999999971e-02 0.000000000000000000e+00
1.231550000000000006e-02 0.000000000000000000e+00
1.320089999999999979e-02 0.000000000000000000e+00
1.414989999999999998e-02 0.000000000000000000e+00
1.516720000000000047e-02 0.000000000000000000e+00
1.625760000000000052e-02 0.000000000000000000e+00
1.742629999999999874e-02 0.000000000000000000e+00
1.867910000000000056e-02 0.000000000000000000e+00
2.002200000000000160e-02 0.000000000000000000e+00
2.146139999999999853e-02 0.000000000000000000e+00
2.300429999999999836e-02 0.000000000000000000e+00
2.465809999999999877e-02 0.000000000000000000e+00
2.643080000000000082e-02 0.000000000000000000e+00
2.833099999999999855e-02 0.000000000000000000e+00
3.036770000000000094e-02 0.000000000000000000e+00
3.255090000000000067e-02 0.000000000000000000e+00
3.489099999999999840e-02 0.000000000000000000e+00
3.739939999999999931e-02 0.000000000000000000e+00
4.008810000000000151e-02 0.000000000000000000e+00
4.297000000000000125e-02 0.000000000000000000e+00
4.605920000000000153e-02 0.000000000000000000e+00
4.937049999999999772e-02 0.000000000000000000e+00
5.291980000000000295e-02 0.000000000000000000e+00
5.672429999999999833e-02 0.000000000000000000e+00
6.080220000000000069e-02 0.000000000000000000e+00
6.517340000000000633e-02 0.000000000000000000e+00
6.985879999999999868e-02 0.000000000000000000e+00
7.488100000000000311e-02 0.000000000000000000e+00
8.026429999999999676e-02 0.000000000000000000e+00
8.603470000000000562e-02 0.000000000000000000e+00
9.221980000000000455e-02 0.000000000000000000e+00
9.884959999999999580e-02 0.000000000000000000e+00
1.059559999999999946e-01 0.000000000000000000e+00
1.135729999999999934e-01 0.000000000000000000e+00
1.217379999999999990e-01 0.000000000000000000e+00
1.304899999999999949e-01 0.000000000000000000e+00
1.398709999999999953e-01 0.000000000000000000e+00
1.499270000000000047e-01 0.000000000000000000e+00
1.607049999999999867e-01 0.000000000000000000e+00
1.722589999999999955e-01 0.000000000000000000e+00
1.846430000000000016e-01 0.000000000000000000e+00
1.979170000000000096e-01 0.000000000000000000e+00
2.121450000000000002e-01 0.000000000000000000e+00
2.273969999999999880e-01 0.000000000000000000e+00
2.437439999999999884e-01 0.000000000000000000e+00
2.612680000000000002e-01 0.000000000000000000e+00
2.800500000000000211e-01 0.000000000000000000e+00
3.001840000000000064e-01 0.000000000000000000e+00
3.217639999999999945e-01 0.000000000000000000e+00
3.448959999999999804e-01 0.000000000000000000e+00
3.696909999999999918e-01 0.000000000000000000e+00
3.962689999999999824e-01 0.000000000000000000e+00
4.247569999999999957e-01 0.000000000000000000e+00
4.552939999999999765e-01 0.000000000000000000e+00
4.880249999999999866e-01 0.000000000000000000e+00
5.231099999999999639e-01 0.000000000000000000e+00
5.607170000000000210e-01 0.000000000000000000e+00
6.010280000000000067e-01 0.000000000000000000e+00
6.442360000000000309e-01 0.000000000000000000e+00
6.905510000000000259e-01 0.000000000000000000e+00
7.401959999999999651e-01 0.000000000000000000e+00
7.934099999999999486e-01 0.000000000000000000e+00
8.504490000000000105e-01 0.000000000000000000e+00
9.115889999999999826e-01 0.000000000000000000e+00
9.771239999999999926e-01 0.000000000000000000e+00
1.047369999999999912e+00 0.000000000000000000e+00
1.122670000000000057e+00 0.000000000000000000e+00
1.203379999999999894e+00 0.000000000000000000e+00
1.289889999999999981e+00 0.000000000000000000e+00
1.382619999999999960e+00 0.000000000000000000e+00
1.482019999999999893e+00 0.000000000000000000e+00
1.588559999999999972e+00 0.000000000000000000e+00
1.702769999999999895e+00 0.000000000000000000e+00
1.825180000000000025e+00 0.000000000000000000e+00
1.956399999999999917e+00 0.000000000000000000e+00
2.097049999999999859e+00 0.000000000000000000e+00
2.247809999999999864e+00 0.000000000000000000e+00
2.409400000000000208e+00 0.000000000000000000e+00
2.582619999999999916e+00 0.000000000000000000e+00
2.768289999999999917e+00 0.000000000000000000e+00
2.967299999999999827e+00 0.000000000000000000e+00
3.180629999999999846e+00 0.000000000000000000e+00
3.409289999999999932e+00 0.000000000000000000e+00
3.654380000000000184e+00 0.000000000000000000e+00
3.917100000000000026e+00 0.000000000000000000e+00
4.198710000000000164e+00 0.000000000000000000e+00
4.500560000000000116e+00 0.000000000000000000e+00
4.824110000000000120e+00 0.000000000000000000e+00
5.170919999999999739e+00 0.000000000000000000e+00
5.542659999999999698e+00 0.000000000000000000e+00
5.941130000000000244e+00 0.000000000000000000e+00
6.368249999999999744e+00 0.000000000000000000e+00
6.826069999999999638e+00 0.000000000000000000e+00
7.316810000000000258e+00 0.000000000000000000e+00
7.842819999999999681e+00 0.000000000000000000e+00
8.406650000000000844e+00 0.000000000000000000e+00
9.011020000000000252e+00 0.000000000000000000e+00
9.658830000000000027e+00 0.000000000000000000e+00
1.035319999999999929e+01 0.000000000000000000e+00
1.109750000000000014e+01 0.000000000000000000e+00
1.189530000000000065e+01 0.000000000000000000e+00
1.275050000000000061e+01 0.000000000000000000e+00
1.366719999999999935e+01 0.000000000000000000e+00
1.464969999999999928e+01 0.000000000000000000e+00
1.570289999999999964e+01 1.458430000000000040e-26
1.683180000000000121e+01 7.305819999999999482e-26
1.804189999999999827e+01 3.920430000000000186e-25
1.933889999999999887e+01 1.635180000000000091e-24
2.072919999999999874e+01 6.558490000000000137e-24
2.221950000000000003e+01 2.295899999999999946e-23
2.381690000000000040e+01 7.452609999999999994e-23
2.552909999999999968e+01 2.288870000000000174e-22
2.736439999999999984e+01 6.451729999999999786e-22
2.933170000000000144e+01 1.709820000000000107e-21
3.144040000000000035e+01 4.276529999999999791e-21
3.370060000000000144e+01 1.035700000000000023e-20
3.612339999999999662e+01 2.324600000000000122e-20
3.872039999999999793e+01 4.975770000000000261e-20
4.150399999999999778e+01 1.022919999999999951e-19
4.448780000000000001e+01 2.004870000000000025e-19
4.768610000000000326e+01 3.776169999999999991e-19
5.111430000000000007e+01 6.871390000000000151e-19
5.478900000000000148e+01 1.201029999999999995e-18
5.872789999999999822e+01 2.028119999999999883e-18
6.294989999999999952e+01 3.335600000000000185e-18
6.747539999999999338e+01 5.272099999999999857e-18
7.232630000000000337e+01 8.083399999999999682e-18
7.752599999999999625e+01 1.203049999999999927e-17
8.309940000000000282e+01 1.742459999999999894e-17
8.907349999999999568e+01 2.458280000000000142e-17
9.547719999999999629e+01 3.387799999999999800e-17
1.023409999999999940e+02 4.555439999999999851e-17
1.096989999999999981e+02 5.997000000000000368e-17
1.175849999999999937e+02 7.742979999999999455e-17
1.260379999999999967e+02 9.821369999999999687e-17
1.350989999999999895e+02 1.225980000000000005e-16
1.448120000000000118e+02 1.507849999999999938e-16
1.552230000000000132e+02 1.831249999999999928e-16
1.663820000000000050e+02 2.197999999999999922e-16
1.783429999999999893e+02 2.611479999999999789e-16
1.911639999999999873e+02 3.071060000000000051e-16
2.049070000000000107e+02 3.579780000000000160e-16
2.196390000000000100e+02 4.136499999999999768e-16
2.354290000000000020e+02 4.747240000000000202e-16
2.523540000000000134e+02 5.412010000000000155e-16
2.704959999999999809e+02 6.126270000000000051e-16
2.899420000000000073e+02 6.891569999999999884e-16
3.107869999999999777e+02 7.704239999999999736e-16
3.331299999999999955e+02 8.566999999999999974e-16
3.570779999999999745e+02 9.471329999999999229e-16
3.827490000000000236e+02 1.042079999999999965e-15
4.102660000000000196e+02 1.141000000000000002e-15
4.397599999999999909e+02 1.243080000000000075e-15
4.713750000000000000e+02 1.347910000000000045e-15
5.052629999999999768e+02 1.455210000000000034e-15
5.415869999999999891e+02 1.564179999999999909e-15
5.805230000000000246e+02 1.674530000000000016e-15
6.222569999999999482e+02 1.785569999999999943e-15
6.669919999999999618e+02 1.896550000000000023e-15
7.149429999999999836e+02 2.006829999999999913e-15
7.663410000000000082e+02 2.115989999999999896e-15
8.214349999999999454e+02 2.223170000000000190e-15
8.804880000000000564e+02 2.328030000000000084e-15
9.437880000000000109e+02 2.429860000000000005e-15
1.011639999999999986e+03 2.527730000000000154e-15
1.084369999999999891e+03 2.621640000000000136e-15
1.162319999999999936e+03 2.710590000000000131e-15
1.245880000000000109e+03 2.794510000000000122e-15
1.335450000000000045e+03 2.872890000000000027e-15
1.431460000000000036e+03 2.944320000000000086e-15
1.534369999999999891e+03 3.009829999999999843e-15
1.644680000000000064e+03 3.068680000000000000e-15
1.762910000000000082e+03 3.119939999999999969e-15
1.889650000000000091e+03 3.163980000000000188e-15
2.025500000000000000e+03 3.200450000000000167e-15
2.171119999999999891e+03 3.229139999999999850e-15
2.327199999999999818e+03 3.250109999999999874e-15
2.494510000000000218e+03 3.263409999999999912e-15
2.673840000000000146e+03 3.268849999999999859e-15
2.866070000000000164e+03 3.266989999999999864e-15
3.072110000000000127e+03 3.257570000000000196e-15
3.292969999999999800e+03 3.240859999999999970e-15
3.529710000000000036e+03 3.216929999999999993e-15
3.783460000000000036e+03 3.186609999999999927e-15
4.055460000000000036e+03 3.149769999999999904e-15
4.347010000000000218e+03 3.106939999999999955e-15
4.659520000000000437e+03 3.058210000000000049e-15
4.994510000000000218e+03 3.004209999999999960e-15
5.353560000000000400e+03 2.945220000000000159e-15
5.738439999999999600e+03 2.881570000000000003e-15
6.150989999999999782e+03 2.813859999999999934e-15
6.593189999999999600e+03 2.742310000000000181e-15
7.067180000000000291e+03 2.667090000000000115e-15
7.575250000000000000e+03 2.588960000000000165e-15
-----------------------


C20 N2 Excitation 8.89 eV
COMMENT: generated by bolsig_convert.py
-----------------------
1.000000000000000021e-02 0.000000000000000000e+00
1.071889999999999996e-02 0.000000000000000000e+00
1.148949999999999971e-02 0.000000000000000000e+00
1.231550000000000006e-02 0.000000000000000000e+00
1.320089999999999979e-02 0.000000000000000000e+00
1.414989999999999998e-02 0.000000000000000000e+00
1.516720000000000047e-02 0.000000000000000000e+00
1.625760000000000052e-02 0.000000000000000000e+00
1.742629999999999874e-02 0.000000000000000000e+00
1.867910000000000056e-02 0.000000000000000000e+00
2.002200000000000160e-02 0.000000000000000000e+00
2.146139999999999853e-02 0.000000000000000000e+00
2.300429999999999836e-02 0.000000000000000000e+00
2.465809999999999877e-02 0.000000000000000000e+00
2.643080000000000082e-02 0.000000000000000000e+00
2.833099999999999855e-02 0.000000000000000000e+00
3.036770000000000094e-02 0.000000000000000000e+00
3.255090000000000067e-02 0.000000000000000000e+00
3.489099999999999840e-02 0.000000000000000000e+00
3.739939999999999931e-02 0.000000000000000000e+00
4.008810000000000151e-02 0.000000000000000000e+00
4.297000000000000125e-02 0.000000000000000000e+00
4.605920000000000153e-02 0.000000000000000000e+00
4.937049999999999772e-02 0.000000000000000000e+00
5.291980000000000295e-02 0.000000000000000000e+00
5.672429999999999833e-02 0.000000000000000000e+00
6.080220000000000069e-02 0.000000000000000000e+00
6.517340000000000633e-02 0.000000000000000000e+00
6.985879999999999868e-02 0.000000000000000000e+00
7.488100000000000311e-02 0.000000000000000000e+00
8.026429999999999676e-02 0.000000000000000000e+00
8.603470000000000562e-02 0.000000000000000000e+00
9.221980000000000455e-02 0.000000000000000000e+00
9.884959999999999580e-02 0.000000000000000000e+00
1.059559999999999946e-01 0.000000000000000000e+00
1.135729999999999934e-01 0.000000000000000000e+00
1.217379999999999990e-01 0.000000000000000000e+00
1.304899999999999949e-01 0.000000000000000000e+00
1.398709999999999953e-01 0.000000000000000000e+00
1.499270000000000047e-01 0.000000000000000000e+00
1.607049999999999867e-01 0.000000000000000000e+00
1.722589999999999955e-01 0.000000000000000000e+00
1.846430000000000016e-01 0.000000000000000000e+00
1.979170000000000096e-01 0.000000000000000000e+00
2.121450000000000002e-01 0.000000000000000000e+00
2.273969999999999880e-01 0.000000000000000000e+00
2.437439999999999884e-01 0.000000000000000000e+00
2.612680000000000002e-01 0.000000000000000000e+00
2.800500000000000211e-01 0.000000000000000000e+00
3.001840000000000064e-01 0.000000000000000000e+00
3.217639999999999945e-01 0.000000000000000000e+00
3.448959999999999804e-01 0.000000000000000000e+00
3.696909999999999918e-01 0.000000000000000000e+00
3.962689999999999824e-01 0.000000000000000000e+00
4.247569999999999957e-01 0.000000000000000000e+00
4.552939999999999765e-01 0.000000000000000000e+00
4.880249999999999866e-01 0.000000000000000000e+00
5.231099999999999639e-01 0.000000000000000000e+00
5.607170000000000210e-01 0.000000000000000000e+00
6.010280000000000067e-01 0.000000000000000000e+00
6.442360000000000309e-01 0.000000000000000000e+00
6.905510000000000259e-01 0.000000000000000000e+00
7.401959999999999651e-01 0.000000000000000000e+00
7.934099999999999486e-01 0.000000000000000000e+00
8.504490000000000105e-01 0.000000000000000000e+00
9.115889999999999826e-01 0.000000000000000000e+00
9.771239999999999926e-01 0.000000000000000000e+00
1.047369999999999912e+00 0.000000000000000000e+00
1.122670000000000057e+00 0.000000000000000000e+00
1.203379999999999894e+00 0.000000000000000000e+00
1.289889999999999981e+00 0.000000000000000000e+00
1.382619999999999960e+00 0.000000000000000000e+00
1.482019999999999893e+00 0.000000000000000000e+00
1.588559999999999972e+00 0.000000000000000000e+00
1.702769999999999895e+00 0.000000000000000000e+00
1.825180000000000025e+00 0.000000000000000000e+00
1.956399999999999917e+00 0.000000000000000000e+00
2.097049999999999859e+00 0.000000000000000000e+00
2.247809999999999864e+00 0.000000000000000000e+00
2.409400000000000208e+00 0.000000000000000000e+00
2.582619999999999916e+00 0.000000000000000000e+00
2.768289999999999917e+00 0.000000000000000000e+00
2.967299999999999827e+00 0.000000000000000000e+00
3.180629999999999846e+00 0.000000000000000000e+00
3.409289999999999932e+00 0.000000000000000000e+00
3.654380000000000184e+00 0.000000000000000000e+00
3.917100000000000026e+00 0.000000000000000000e+00
4.198710000000000164e+00 0.000000000000000000e+00
4.500560000000000116e+00 0.000000000000000000e+00
4.824110000000000120e+00 0.000000000000000000e+00
5.170919999999999739e+00 0.000000000000000000e+00
5.542659999999999698e+00 0.000000000000000000e+00
5.941130000000000244e+00 0.000000000000000000e+00
6.368249999999999744e+00 0.000000000000000000e+00
6.826069999999999638e+00 0.000000000000000000e+00
7.316810000000000258e+00 0.000000000000000000e+00
7.842819999999999681e+00 0.000000000000000000e+00
8.406650000000000844e+00 0.000000000000000000e+00
9.011020000000000252e+00 0.000000000000000000e+00
9.658830000000000027e+00 0.000000000000000000e+00
1.035319999999999929e+01 0.000000000000000000e+00
1.109750000000000014e+01 0.000000000000000000e+00
1.189530000000000065e+01 0.000000000000000000e+00
1.275050000000000061e+01 0.000000000000000000e+00
1.366719999999999935e+01 0.000000000000000000e+00
1.464969999999999928e+01 0.000000000000000000e+00
1.570289999999999964e+01 3.751320000000000305e-27
1.683180000000000121e+01 1.958079999999999957e-26
1.804189999999999827e+01 1.398089999999999963e-25
1.933889999999999887e+01 6.156460000000000367e-25
2.072919999999999874e+01 2.603830000000000149e-24
2.221950000000000003e+01 9.557159999999999279e-24
2.381690000000000040e+01 3.241620000000000171e-23
2.552909999999999968e+01 1.036790000000000031e-22
2.736439999999999984e+01 3.033849999999999890e-22
2.933170000000000144e+01 8.321609999999999980e-22
3.144040000000000035e+01 2.148000000000000154e-21
3.370060000000000144e+01 5.353780000000000074e-21
3.612339999999999662e+01 1.233350000000000006e-20
3.872039999999999793e+01 2.702630000000000011e-20
4.150399999999999778e+01 5.673819999999999866e-20
4.448780000000000001e+01 1.132820000000000061e-19
4.768610000000000326e+01 2.168380000000000090e-19
5.111430000000000007e+01 4.000559999999999997e-19
5.478900000000000148e+01 7.073360000000000317e-19
5.872789999999999822e+01 1.205509999999999990e-18
6.294989999999999952e+01 1.996460000000000006e-18
6.747539999999999338e+01 3.170349999999999851e-18
7.232630000000000337e+01 4.872719999999999753e-18
7.752599999999999625e+01 7.253160000000000315e-18
8.309940000000000282e+01 1.048330000000000029e-17
8.907349999999999568e+01 1.472589999999999958e-17
9.547719999999999629e+01 2.016080000000000138e-17
1.023409999999999940e+02 2.687249999999999934e-17
1.096989999999999981e+02 3.499130000000000270e-17
1.175849999999999937e+02 4.459160000000000237e-17
1.260379999999999967e+02 5.571320000000000026e-17
1.350989999999999895e+02 6.836859999999999534e-17
1.448120000000000118e+02 8.250959999999999428e-17
1.552230000000000132e+02 9.815370000000000181e-17
1.663820000000000050e+02 1.152079999999999928e-16
1.783429999999999893e+02 1.336510000000000047e-16
1.911639999999999873e+02 1.532500000000000004e-16
2.049070000000000107e+02 1.739580000000000107e-16
2.196390000000000100e+02 1.955180000000000100e-16
2.354290000000000020e+02 2.180419999999999989e-16
2.523540000000000134e+02 2.413470000000000147e-16
2.704959999999999809e+02 2.650439999999999834e-16
2.899420000000000073e+02 2.890690000000000139e-16
3.107869999999999777e+02 3.131440000000000156e-16
3.331299999999999955e+02 3.372790000000000124e-16
3.570779999999999745e+02 3.610720000000000028e-16
3.827490000000000236e+02 3.845629999999999836e-16
4.102660000000000196e+02 4.075170000000000110e-16
4.397599999999999909e+02 4.296340000000000113e-16
4.713750000000000000e+02 4.507820000000000347e-16
5.052629999999999768e+02 4.708679999999999631e-16
5.415869999999999891e+02 4.896789999999999841e-16
5.805230000000000246e+02 5.071549999999999549e-16
6.222569999999999482e+02 5.231819999999999884e-16
6.669919999999999618e+02 5.375589999999999851e-16
7.149429999999999836e+02 5.502349999999999568e-16
7.663410000000000082e+02 5.611600000000000308e-16
8.214349999999999454e+02 5.702459999999999777e-16
8.804880000000000564e+02 5.774890000000000246e-16
9.437880000000000109e+02 5.828709999999999610e-16
1.011639999999999986e+03 5.863440000000000472e-16
1.084369999999999891e+03 5.879320000000000051e-16
1.162319999999999936e+03 5.876170000000000188e-16
1.245880000000000109e+03 5.855670000000000150e-16
1.335450000000000045e+03 5.818369999999999524e-16
1.431460000000000036e+03 5.763159999999999955e-16
1.534369999999999891e+03 5.692459999999999614e-16
1.644680000000000064e+03 5.607050000000000067e-16
1.762910000000000082e+03 5.507349999999999649e-16
1.889650000000000091e+03 5.394579999999999594e-16
2.025500000000000000e+03 5.269740000000000311e-16
2.171119999999999891e+03 5.134460000000000211e-16
2.327199999999999818e+03 4.989610000000000431e-16
2.494510000000000218e+03 4.835459999999999691e-16
2.673840000000000146e+03 4.673400000000000170e-16
2.866070000000000164e+03 4.505609999999999863e-16
3.072110000000000127e+03 4.332609999999999813e-16
3.292969999999999800e+03 4.154200000000000036e-16
3.529710000000000036e+03 3.972050000000000123e-16
3.783460000000000036e+03 3.787850000000000009e-16
4.055460000000000036e+03 3.601480000000000099e-16
4.347010000000000218e+03 3.414489999999999894e-16
4.659520000000000437e+03 3.226720000000000099e-16
4.994510000000000218e+03 3.040439999999999762e-16
5.353560000000000400e+03 2.854839999999999764e-16
5.738439999999999600e+03 2.671360000000000182e-16
6.150989999999999782e+03 2.490950000000000077e-16
6.593189999999999600e+03 2.314239999999999913e-16
7.067180000000000291e+03 2.140709999999999882e-16
7.575250000000000000e+03 1.972320000000000118e-16
-----------------------


C21 N2 Excitation 11.03 eV
COMMENT: generated by bolsig_convert.py
-----------------------
1.000000000000000021e-02 0.000000000000000000e+00
1.071889999999999996e-02 0.000000000000000000e+00
1.148949999999999971e-02 0.000000000000000000e+00
1.231550000000000006e-02 0.000000000000000000e+00
1.320089999999999979e-02 0.000000000000000000e+00
1.414989999999999998e-02 0.000000000000000000e+00
1.516720000000000047e-02 0.000000000000000000e+00
1.625760000000000052e-02 0.000000000000000000e+00
1.742629999999999874e-02 0.000000000000000000e+00
1.867910000000000056e-02 0.000000000000000000e+00
2.002200000000000160e-02 0.000000000000000000e+00
2.146139999999999853e-02 0.000000000000000000e+00
2.300429999999999836e-02 0.000000000000000000e+00
2.465809999999999877e-02 0.000000000000000000e+00
2.643080000000000082e-02 0.000000000000000000e+00
2.833099999999999855e-02 0.000000000000000000e+00
3.036770000000000094e-02 0.000000000000000000e+00
3.255090000000000067e-02 0.000000000000000000e+00
3.489099999999999840e-02 0.000000000000000000e+00
3.739939999999999931e-02 0.000000000000000000e+00
4.008810000000000151e-02 0.000000000000000000e+00
4.297000000000000125e-02 0.000000000000000000e+00
4.605920000000000153e-02 0.000000000000000000e+00
4.937049999999999772e-02 0.000000000000000000e+00
5.291980000000000295e-02 0.000000000000000000e+00
5.672429999999999833e-02 0.000000000000000000e+00
6.080220000000000069e-02 0.000000000000000000e+00
6.517340000000000633e-02 0.000000000000000000e+00
6.985879999999999868e-02 0.000000000000000000e+00
7.488100000000000311e-02 0.000000000000000000e+00
8.026429999999999676e-02 0.000000000000000000e+00
8.603470000000000562e-02 0.000000000000000000e+00
9.221980000000000455e-02 0.000000000000000000e+00
9.884959999999999580e-02 0.000000000000000000e+00
1.059559999999999946e-01 0.000000000000000000e+00
1.135729999999999934e-01 0.000000000000000000e+00
1.217379999999999990e-01 0.000000000000000000e+00
1.304899999999999949e-01 0.000000000000000000e+00
1.398709999999999953e-01 0.000000000000000000e+00
1.499270000000000047e-01 0.000000000000000000e+00
1.607049999999999867e-01 0.000000000000000000e+00
1.722589999999999955e-01 0.000000000000000000e+00
1.846430000000000016e-01 0.000000000000000000e+00
1.979170000000000096e-01 0.000000000000000000e+00
2.121450000000000002e-01 0.000000000000000000e+00
2.273969999999999880e-01 0.000000000000000000e+00
2.437439999999999884e-01 0.000000000000000000e+00
2.612680000000000002e-01 0.000000000000000000e+00
2.800500000000000211e-01 0.000000000000000000e+00
3.001840000000000064e-01 0.000000000000000000e+00
3.217639999999999945e-01 0.000000000000000000e+00
3.448959999999999804e-01 0.000000000000000000e+00
3.696909999999999918e-01 0.000000000000000000e+00
3.962689999999999824e-01 0.000000000000000000e+00
4.247569999999999957e-01 0.000000000000000000e+00
4.552939999999999765e-01 0.000000000000000000e+00
4.880249999999999866e-01 0.000000000000000000e+00
5.231099999999999639e-01 0.000000000000000000e+00
5.607170000000000210e-01 0.000000000000000000e+00
6.010280000000000067e-01 0.000000000000000000e+00
6.442360000000000309e-01 0.000000000000000000e+00
6.905510000000000259e-01 0.000000000000000000e+00
7.401959999999999651e-01 0.000000000000000000e+00
7.934099999999999486e-01 0.000000000000000000e+00
8.504490000000000105e-01 0.000000000000000000e+00
9.115889999999999826e-01 0.000000000000000000e+00
9.771239999999999926e-01 0.000000000000000000e+00
1.047369999999999912e+00 0.000000000000000000e+00
1.122670000000000057e+00 0.000000000000000000e+00
1.203379999999999894e+00 0.000000000000000000e+00
1.289889999999999981e+00 0.000000000000000000e+00
1.382619999999999960e+00 0.000000000000000000e+00
1.482019999999999893e+00 0.000000000000000000e+00
1.588559999999999972e+00 0.000000000000000000e+00
1.702769999999999895e+00 0.000000000000000000e+00
1.825180000000000025e+00 0.000000000000000000e+00
1.956399999999999917e+00 0.000000000000000000e+00
2.097049999999999859e+00 0.000000000000000000e+00
2.247809999999999864e+00 0.000000000000000000e+00
2.409400000000000208e+00 0.000000000000000000e+00
2.582619999999999916e+00 0.000000000000000000e+00
2.768289999999999917e+00 0.000000000000000000e+00
2.967299999999999827e+00 0.000000000000000000e+00
3.180629999999999846e+00 0.000000000000000000e+00
3.409289999999999932e+00 0.000000000000000000e+00
3.654380000000000184e+00 0.000000000000000000e+00
3.917100000000000026e+00 0.000000000000000000e+00
4.198710000000000164e+00 0.000000000000000000e+00
4.500560000000000116e+00 0.000000000000000000e+00
4.824110000000000120e+00 0.000000000000000000e+00
5.170919999999999739e+00 0.000000000000000000e+00
5.542659999999999698e+00 0.000000000000000000e+00
5.941130000000000244e+00 0.000000000000000000e+00
6.368249999999999744e+00 0.000000000000000000e+00
6.826069999999999638e+00 0.000000000000000000e+00
7.316810000000000258e+00 0.000000000000000000e+00
7.842819999999999681e+00 0.000000000000000000e+00
8.406650000000000844e+00 0.000000000000000000e+00
9.011020000000000252e+00 0.000000000000000000e+00
9.658830000000000027e+00 0.000000000000000000e+00
1.035319999999999929e+01 0.000000000000000000e+00
1.109750000000000014e+01 0.000000000000000000e+00
1.189530000000000065e+01 0.000000000000000000e+00
1.275050000000000061e+01 0.000000000000000000e+00
1.366719999999999935e+01 0.000000000000000000e+00
1.464969999999999928e+01 0.000000000000000000e+00
1.570289999999999964e+01 0.000000000000000000e+00
1.683180000000000121e+01 0.000000000000000000e+00
1.804189999999999827e+01 2.228730000000000192e-28
1.933889999999999887e+01 1.271419999999999961e-27
2.072919999999999874e+01 5.779949999999999568e-26
2.221950000000000003e+01 2.938380000000000074e-25
2.381690000000000040e+01 1.352439999999999954e-24
2.552909999999999968e+01 6.131620000000000143e-24
2.736439999999999984e+01 2.383420000000000139e-23
2.933170000000000144e+01 8.555339999999999783e-23
3.144040000000000035e+01 2.849180000000000202e-22
3.370060000000000144e+01 9.041669999999999774e-22
3.612339999999999662e+01 2.615919999999999902e-21
3.872039999999999793e+01 7.110140000000000192e-21
4.150399999999999778e+01 1.830720000000000010e-20
4.448780000000000001e+01 4.428419999999999737e-20
4.768610000000000326e+01 1.015800000000000042e-19
5.111430000000000007e+01 2.223640000000000172e-19
5.478900000000000148e+01 4.615189999999999784e-19
5.872789999999999822e+01 9.145280000000000305e-19
6.294989999999999952e+01 1.745290000000000133e-18
6.747539999999999338e+01 3.165389999999999995e-18
7.232630000000000337e+01 5.511069999999999904e-18
7.752599999999999625e+01 9.221569999999999535e-18
8.309940000000000282e+01 1.487040000000000062e-17
8.907349999999999568e+01 2.314389999999999901e-17
9.547719999999999629e+01 3.487609999999999887e-17
1.023409999999999940e+02 5.085710000000000035e-17
1.096989999999999981e+02 7.203149999999999763e-17
1.175849999999999937e+02 9.930729999999999851e-17
1.260379999999999967e+02 1.335539999999999905e-16
1.350989999999999895e+02 1.755800000000000102e-16
1.448120000000000118e+02 2.260080000000000134e-16
1.552230000000000132e+02 2.855819999999999831e-16
1.663820000000000050e+02 3.546809999999999942e-16
1.783429999999999893e+02 4.337850000000000072e-16
1.911639999999999873e+02 5.226550000000000096e-16
2.049070000000000107e+02 6.214530000000000227e-16
2.196390000000000100e+02 7.295079999999999612e-16
2.354290000000000020e+02 8.473590000000000099e-16
2.523540000000000134e+02 9.743359999999999037e-16
2.704959999999999809e+02 1.108930000000000055e-15
2.899420000000000073e+02 1.250629999999999971e-15
3.107869999999999777e+02 1.397900000000000094e-15
3.331299999999999955e+02 1.550529999999999973e-15
3.570779999999999745e+02 1.706059999999999958e-15
3.827490000000000236e+02 1.864499999999999827e-15
4.102660000000000196e+02 2.024130000000000017e-15
4.397599999999999909e+02 2.182810000000000063e-15
4.713750000000000000e+02 2.339280000000000020e-15
5.052629999999999768e+02 2.492619999999999865e-15
5.415869999999999891e+02 2.640969999999999998e-15
5.805230000000000246e+02 2.783609999999999886e-15
6.222569999999999482e+02 2.919200000000000182e-15
6.669919999999999618e+02 3.046250000000000146e-15
7.149429999999999836e+02 3.163759999999999960e-15
7.663410000000000082e+02 3.271070000000000120e-15
8.214349999999999454e+02 3.366930000000000064e-15
8.804880000000000564e+02 3.451159999999999857e-15
9.437880000000000109e+02 3.523049999999999927e-15
1.011639999999999986e+03 3.581389999999999609e-15
1.084369999999999891e+03 3.626679999999999995e-15
1.162319999999999936e+03 3.658170000000000040e-15
1.245880000000000109e+03 3.676200000000000059e-15
1.335450000000000045e+03 3.680849999999999848e-15
1.431460000000000036e+03 3.671100000000000035e-15
1.534369999999999891e+03 3.648570000000000041e-15
1.644680000000000064e+03 3.613320000000000110e-15
1.762910000000000082e+03 3.565460000000000156e-15
1.889650000000000091e+03 3.505650000000000078e-15
2.025500000000000000e+03 3.434640000000000133e-15
2.171119999999999891e+03 3.353389999999999848e-15
2.327199999999999818e+03 3.262609999999999978e-15
2.494510000000000218e+03 3.162859999999999886e-15
2.673840000000000146e+03 3.055149999999999956e-15
2.866070000000000164e+03 2.941209999999999923e-15
3.072110000000000127e+03 2.821579999999999988e-15
3.292969999999999800e+03 2.696699999999999821e-15
3.529710000000000036e+03 2.567979999999999970e-15
3.783460000000000036e+03 2.437019999999999908e-15
4.055460000000000036e+03 2.304069999999999987e-15
4.347010000000000218e+03 2.170640000000000104e-15
4.659520000000000437e+03 2.036860000000000127e-15
4.994510000000000218e+03 1.904719999999999917e-15
5.353560000000000400e+03 1.773869999999999970e-15
5.738439999999999600e+03 1.645689999999999926e-15
6.150989999999999782e+03 1.520649999999999969e-15
6.593189999999999600e+03 1.399739999999999943e-15
7.067180000000000291e+03 1.282410000000000066e-15
7.575250000000000000e+03 1.169989999999999907e-15
-----------------------


C22 N2 Excitation 11.87 eV
COMMENT: generated by bolsig_convert.py
-----------------------
1.000000000000000021e-02 0.000000000000000000e+00
1.071889999999999996e-02 0.000000000000000000e+00
1.148949999999999971e-02 0.000000000000000000e+00
1.231550000000000006e-02 0.000000000000000000e+00
1.320089999999999979e-02 0.000000000000000000e+00
1.414989999999999998e-02 0.000000000000000000e+00
1.516720000000000047e-02 0.000000000000000000e+00
1.625760000000000052e-02 0.000000000000000000e+00
1.742629999999999874e-02 0.000000000000000000e+00
1.867910000000000056e-02 0.000000000000000000e+00
2.002200000000000160e-02 0.000000000000000000e+00
2.146139999999999853e-02 0.000000000000000000e+00
2.300429999999999836e-02 0.000000000000000000e+00
2.465809999999999877e-02 0.000000000000000000e+00
2.643080000000000082e-02 0.000000000000000000e+00
2.833099999999999855e-02 0.000000000000000000e+00
3.036770000000000094e-02 0.000000000000000000e+00
3.255090000000000067e-02 0.000000000000000000e+00
3.489099999999999840e-02 0.000000000000000000e+00
3.739939999999999931e-02 0.000000000000000000e+00
4.008810000000000151e-02 0.000000000000000000e+00
4.297000000000000125e-02 0.000000000000000000e+00
4.605920000000000153e-02 0.000000000000000000e+00
4.937049999999999772e-02 0.000000000000000000e+00
5.291980000000000295e-02 0.000000000000000000e+00
5.672429999999999833e-02 0.000000000000000000e+00
6.080220000000000069e-02 0.000000000000000000e+00
6.517340000000000633e-02 0.000000000000000000e+00
6.985879999999999868e-02 0.000000000000000000e+00
7.488100000000000311e-02 0.000000000000000000e+00
8.026429999999999676e-02 0.000000000000000000e+00
8.603470000000000562e-02 0.000000000000000000e+00
9.221980000000000455e-02 0.000000000000000000e+00
9.884959999999999580e-02 0.000000000000000000e+00
1.059559999999999946e-01 0.000000000000000000e+00
1.135729999999999934e-01 0.000000000000000000e+00
1.217379999999999990e-01 0.000000000000000000e+00
1.304899999999999949e-01 0.000000000000000000e+00
1.398709999999999953e-01 0.000000000000000000e+00
1.499270000000000047e-01 0.000000000000000000e+00
1.607049999999999867e-01 0.000000000000000000e+00
1.722589999999999955e-01 0.000000000000000000e+00
1.846430000000000016e-01 0.000000000000000000e+00
1.979170000000000096e-01 0.000000000000000000e+00
2.121450000000000002e-01 0.000000000000000000e+00
2.273969999999999880e-01 0.000000000000000000e+00
2.437439999999999884e-01 0.000000000000000000e+00
2.612680000000000002e-01 0.000000000000000000e+00
2.800500000000000211e-01 0.000000000000000000e+00
3.001840000000000064e-01 0.000000000000000000e+00
3.217639999999999945e-01 0.000000000000000000e+00
3.448959999999999804e-01 0.000000000000000000e+00
3.696909999999999918e-01 0.000000000000000000e+00
3.962689999999999824e-01 0.000000000000000000e+00
4.247569999999999957e-01 0.000000000000000000e+00
4.552939999999999765e-01 0.000000000000000000e+00
4.880249999999999866e-01 0.000000000000000000e+00
5.231099999999999639e-01 0.000000000000000000e+00
5.607170000000000210e-01 0.000000000000000000e+00
6.010280000000000067e-01 0.000000000000000000e+00
6.442360000000000309e-01 0.000000000000000000e+00
6.905510000000000259e-01 0.000000000000000000e+00
7.401959999999999651e-01 0.000000000000000000e+00
7.934099999999999486e-01 0.000000000000000000e+00
8.504490000000000105e-01 0.000000000000000000e+00
9.115889999999999826e-01 0.000000000000000000e+00
9.771239999999999926e-01 0.000000000000000000e+00
1.047369999999999912e+00 0.000000000000000000e+00
1.122670000000000057e+00 0.000000000000000000e+00
1.203379999999999894e+00 0.000000000000000000e+00
1.289889999999999981e+00 0.000000000000000000e+00
1.382619999999999960e+00 0.000000000000000000e+00
1.482019999999999893e+00 0.000000000000000000e+00
1.588559999999999972e+00 0.000000000000000000e+00
1.702769999999999895e+00 0.000000000000000000e+00
1.825180000000000025e+00 0.000000000000000000e+00
1.956399999999999917e+00 0.000000000000000000e+00
2.097049999999999859e+00 0.000000000000000000e+00
2.247809999999999864e+00 0.000000000000000000e+00
2.409400000000000208e+00 0.000000000000000000e+00
2.582619999999999916e+00 0.000000000000000000e+00
2.768289999999999917e+00 0.000000000000000000e+00
2.967299999999999827e+00 0.000000000000000000e+00
3.180629999999999846e+00 0.000000000000000000e+00
3.409289999999999932e+00 0.000000000000000000e+00
3.654380000000000184e+00 0.000000000000000000e+00
3.917100000000000026e+00 0.000000000000000000e+00
4.198710000000000164e+00 0.000000000000000000e+00
4.500560000000000116e+00 0.000000000000000000e+00
4.824110000000000120e+00 0.000000000000000000e+00
5.170919999999999739e+00 0.000000000000000000e+00
5.542659999999999698e+00 0.000000000000000000e+00
5.941130000000000244e+00 0.000000000000000000e+00
6.368249999999999744e+00 0.000000000000000000e+00
6.826069999999999638e+00 0.000000000000000000e+00
7.316810000000000258e+00 0.000000000000000000e+00
7.842819999999999681e+00 0.000000000000000000e+00
8.406650000000000844e+00 0.000000000000000000e+00
9.011020000000000252e+00 0.000000000000000000e+00
9.658830000000000027e+00 0.000000000000000000e+00
1.035319999999999929e+01 0.000000000000000000e+00
1.109750000000000014e+01 0.000000000000000000e+00
1.189530000000000065e+01 0.000000000000000000e+00
1.275050000000000061e+01 0.000000000000000000e+00
1.366719999999999935e+01 0.000000000000000000e+00
1.464969999999999928e+01 0.000000000000000000e+00
1.570289999999999964e+01 0.000000000000000000e+00
1.683180000000000121e+01 0.000000000000000000e+00
1.804189999999999827e+01 0.000000000000000000e+00
1.933889999999999887e+01 0.000000000000000000e+00
2.072919999999999874e+01 7.365430000000000018e-27
2.221950000000000003e+01 3.860689999999999809e-26
2.381690000000000040e+01 1.814329999999999905e-25
2.552909999999999968e+01 7.684949999999999685e-25
2.736439999999999984e+01 2.934129999999999857e-24
2.933170000000000144e+01 1.024199999999999929e-23
3.144040000000000035e+01 3.287260000000000078e-23
3.370060000000000144e+01 9.974679999999999786e-23
3.612339999999999662e+01 2.741199999999999894e-22
3.872039999999999793e+01 7.035800000000000114e-22
4.150399999999999778e+01 1.701770000000000162e-21
4.448780000000000001e+01 3.852829999999999682e-21
4.768610000000000326e+01 8.245189999999999619e-21
5.111430000000000007e+01 1.679280000000000055e-20
5.478900000000000148e+01 3.238169999999999825e-20
5.872789999999999822e+01 5.954749999999999553e-20
6.294989999999999952e+01 1.053740000000000021e-19
6.747539999999999338e+01 1.772479999999999995e-19
7.232630000000000337e+01 2.863119999999999869e-19
7.752599999999999625e+01 4.448300000000000243e-19
8.309940000000000282e+01 6.667810000000000191e-19
8.907349999999999568e+01 9.660329999999999733e-19
9.547719999999999629e+01 1.357330000000000080e-18
1.023409999999999940e+02 1.849320000000000110e-18
1.096989999999999981e+02 2.452659999999999936e-18
1.175849999999999937e+02 3.174240000000000144e-18
1.260379999999999967e+02 4.017360000000000169e-18
1.350989999999999895e+02 4.984050000000000069e-18
1.448120000000000118e+02 6.071279999999999945e-18
1.552230000000000132e+02 7.283219999999999368e-18
1.663820000000000050e+02 8.615000000000000767e-18
1.783429999999999893e+02 1.007059999999999940e-17
1.911639999999999873e+02 1.163410000000000036e-17
2.049070000000000107e+02 1.330990000000000034e-17
2.196390000000000100e+02 1.508499999999999947e-17
2.354290000000000020e+02 1.697940000000000072e-17
2.523540000000000134e+02 1.898759999999999902e-17
2.704959999999999809e+02 2.109000000000000102e-17
2.899420000000000073e+02 2.329189999999999853e-17
3.107869999999999777e+02 2.558300000000000015e-17
3.331299999999999955e+02 2.796909999999999703e-17
3.570779999999999745e+02 3.042669999999999850e-17
3.827490000000000236e+02 3.296529999999999822e-17
4.102660000000000196e+02 3.556930000000000070e-17
4.397599999999999909e+02 3.821179999999999877e-17
4.713750000000000000e+02 4.087660000000000018e-17
5.052629999999999768e+02 4.355719999999999808e-17
5.415869999999999891e+02 4.622299999999999818e-17
5.805230000000000246e+02 4.885989999999999991e-17
6.222569999999999482e+02 5.144340000000000161e-17
6.669919999999999618e+02 5.394349999999999958e-17
7.149429999999999836e+02 5.634030000000000211e-17
7.663410000000000082e+02 5.860810000000000171e-17
8.214349999999999454e+02 6.072579999999999468e-17
8.804880000000000564e+02 6.266989999999999653e-17
9.437880000000000109e+02 6.441570000000000461e-17
1.011639999999999986e+03 6.596020000000000436e-17
1.084369999999999891e+03 6.727310000000000298e-17
1.162319999999999936e+03 6.833790000000000058e-17
1.245880000000000109e+03 6.916120000000000451e-17
1.335450000000000045e+03 6.972719999999999980e-17
1.431460000000000036e+03 7.001720000000000057e-17
1.534369999999999891e+03 7.005609999999999811e-17
1.644680000000000064e+03 6.983599999999999725e-17
1.762910000000000082e+03 6.935429999999999773e-17
1.889650000000000091e+03 6.861999999999999386e-17
2.025500000000000000e+03 6.764939999999999689e-17
2.171119999999999891e+03 6.645580000000000348e-17
2.327199999999999818e+03 6.505680000000000037e-17
2.494510000000000218e+03 6.345009999999999489e-17
2.673840000000000146e+03 6.166210000000000410e-17
2.866070000000000164e+03 5.971679999999999643e-17
3.072110000000000127e+03 5.764549999999999421e-17
3.292969999999999800e+03 5.543870000000000068e-17
3.529710000000000036e+03 5.312540000000000237e-17
3.783460000000000036e+03 5.074119999999999929e-17
4.055460000000000036e+03 4.829210000000000206e-17
4.347010000000000218e+03 4.580069999999999696e-17
4.659520000000000437e+03 4.327519999999999912e-17
4.994510000000000218e+03 4.075130000000000286e-17
5.353560000000000400e+03 3.822910000000000252e-17
5.738439999999999600e+03 3.571759999999999859e-17
6.150989999999999782e+03 3.325180000000000051e-17
6.593189999999999600e+03 3.083589999999999783e-17
7.067180000000000291e+03 2.845790000000000016e-17
7.575250000000000000e+03 2.615910000000000127e-17
-----------------------


C23 N2 Excitation 12.25 eV
COMMENT: generated by bolsig_convert.py
-----------------------
1.000000000000000021e-02 0.000000000000000000e+00
1.071889999999999996e-02 0.000000000000000000e+00
1.148949999999999971e-02 0.000000000000000000e+00
1.231550000000000006e-02 0.000000000000000000e+00
1.320089999999999979e-02 0.000000000000000000e+00
1.414989999999999998e-02 0.000000000000000000e+00
1.516720000000000047e-02 0.000000000000000000e+00
1.625760000000000052e-02 0.000000000000000000e+00
1.742629999999999874e-02 0.000000000000000000e+00
1.867910000000000056e-02 0.000000000000000000e+00
2.002200000000000160e-02 0.000000000000000000e+00
2.146139999999999853e-02 0.000000000000000000e+00
2.300429999999999836e-02 0.000000000000000000e+00
2.465809999999999877e-02 0.000000000000000000e+00
2.643080000000000082e-02 0.000000000000000000e+00
2.833099999999999855e-02 0.000000000000000000e+00
3.036770000000000094e-02 0.000000000000000000e+00
3.255090000000000067e-02 0.000000000000000000e+00
3.489099999999999840e-02 0.000000000000000000e+00
3.739939999999999931e-02 0.000000000000000000e+00
4.008810000000000151e-02 0.000000000000000000e+00
4.297000000000000125e-02 0.000000000000000000e+00
4.605920000000000153e-02 0.000000000000000000e+00
4.937049999999999772e-02 0.000000000000000000e+00
5.291980000000000295e-02 0.000000000000000000e+00
5.672429999999999833e-02 0.000000000000000000e+00
6.080220000000000069e-02 0.000000000000000000e+00
6.517340000000000633e-02 0.000000000000000000e+00
6.985879999999999868e-02 0.000000000000000000e+00
7.488100000000000311e-02 0.000000000000000000e+00
8.026429999999999676e-02 0.000000000000000000e+00
8.603470000000000562e-02 0.000000000000000000e+00
9.221980000000000455e-02 0.000000000000000000e+00
9.884959999999999580e-02 0.000000000000000000e+00
1.059559999999999946e-01 0.000000000000000000e+00
1.135729999999999934e-01 0.000000000000000000e+00
1.217379999999999990e-01 0.000000000000000000e+00
1.304899999999999949e-01 0.000000000000000000e+00
1.398709999999999953e-01 0.000000000000000000e+00
1.499270000000000047e-01 0.000000000000000000e+00
1.607049999999999867e-01 0.000000000000000000e+00
1.722589999999999955e-01 0.000000000000000000e+00
1.846430000000000016e-01 0.000000000000000000e+00
1.979170000000000096e-01 0.000000000000000000e+00
2.121450000000000002e-01 0.000000000000000000e+00
2.273969999999999880e-01 0.000000000000000000e+00
2.437439999999999884e-01 0.000000000000000000e+00
2.612680000000000002e-01 0.000000000000000000e+00
2.800500000000000211e-01 0.000000000000000000e+00
3.001840000000000064e-01 0.000000000000000000e+00
3.217639999999999945e-01 0.000000000000000000e+00
3.448959999999999804e-01 0.000000000000000000e+00
3.696909999999999918e-01 0.000000000000000000e+00
3.962689999999999824e-01 0.000000000000000000e+00
4.247569999999999957e-01 0.000000000000000000e+00
4.552939999999999765e-01 0.000000000000000000e+00
4.880249999999999866e-01 0.000000000000000000e+00
5.231099999999999639e-01 0.000000000000000000e+00
5.607170000000000210e-01 0.000000000000000000e+00
6.010280000000000067e-01 0.000000000000000000e+00
6.442360000000000309e-01 0.000000000000000000e+00
6.905510000000000259e-01 0.000000000000000000e+00
7.401959999999999651e-01 0.000000000000000000e+00
7.934099999999999486e-01 0.000000000000000000e+00
8.504490000000000105e-01 0.000000000000000000e+00
9.115889999999999826e-01 0.000000000000000000e+00
9.771239999999999926e-01 0.000000000000000000e+00
1.047369999999999912e+00 0.000000000000000000e+00
1.122670000000000057e+00 0.000000000000000000e+00
1.203379999999999894e+00 0.000000000000000000e+00
1.289889999999999981e+00 0.000000000000000000e+00
1.382619999999999960e+00 0.000000000000000000e+00
1.482019999999999893e+00 0.000000000000000000e+00
1.588559999999999972e+00 0.000000000000000000e+00
1.702769999999999895e+00 0.000000000000000000e+00
1.825180000000000025e+00 0.000000000000000000e+00
1.956399999999999917e+00 0.000000000000000000e+00
2.097049999999999859e+00 0.000000000000000000e+00
2.247809999999999864e+00 0.000000000000000000e+00
2.409400000000000208e+00 0.000000000000000000e+00
2.582619999999999916e+00 0.000000000000000000e+00
2.768289999999999917e+00 0.000000000000000000e+00
2.967299999999999827e+00 0.000000000000000000e+00
3.180629999999999846e+00 0.000000000000000000e+00
3.409289999999999932e+00 0.000000000000000000e+00
3.654380000000000184e+00 0.000000000000000000e+00
3.917100000000000026e+00 0.000000000000000000e+00
4.198710000000000164e+00 0.000000000000000000e+00
4.500560000000000116e+00 0.000000000000000000e+00
4.824110000000000120e+00 0.000000000000000000e+00
5.170919999999999739e+00 0.000000000000000000e+00
5.542659999999999698e+00 0.000000000000000000e+00
5.941130000000000244e+00 0.000000000000000000e+00
6.368249999999999744e+00 0.000000000000000000e+00
6.826069999999999638e+00 0.000000000000000000e+00
7.316810000000000258e+00 0.000000000000000000e+00
7.842819999999999681e+00 0.000000000000000000e+00
8.406650000000000844e+00 0.000000000000000000e+00
9.011020000000000252e+00 0.000000000000000000e+00
9.658830000000000027e+00 0.000000000000000000e+00
1.035319999999999929e+01 0.000000000000000000e+00
1.109750000000000014e+01 0.000000000000000000e+00
1.189530000000000065e+01 0.000000000000000000e+00
1.275050000000000061e+01 0.000000000000000000e+00
1.366719999999999935e+01 0.000000000000000000e+00
1.464969999999999928e+01 0.000000000000000000e+00
1.570289999999999964e+01 0.000000000000000000e+00
1.683180000000000121e+01 0.000000000000000000e+00
1.804189999999999827e+01 0.000000000000000000e+00
1.933889999999999887e+01 0.000000000000000000e+00
2.072919999999999874e+01 1.868350000000000011e-28
2.221950000000000003e+01 1.110439999999999948e-27
2.381690000000000040e+01 5.876589999999999881e-27
2.552909999999999968e+01 3.619090000000000103e-26
2.736439999999999984e+01 1.599920000000000071e-25
2.933170000000000144e+01 6.450429999999999911e-25
3.144040000000000035e+01 2.385629999999999848e-24
3.370060000000000144e+01 8.367329999999999902e-24
3.612339999999999662e+01 2.642869999999999891e-23
3.872039999999999793e+01 7.785470000000000061e-23
4.150399999999999778e+01 2.160379999999999772e-22
4.448780000000000001e+01 5.600009999999999633e-22
4.768610000000000326e+01 1.370759999999999976e-21
5.111430000000000007e+01 3.192430000000000015e-21
5.478900000000000148e+01 7.028029999999999773e-21
5.872789999999999822e+01 1.474240000000000018e-20
6.294989999999999952e+01 2.974619999999999959e-20
6.747539999999999338e+01 5.697029999999999943e-20
7.232630000000000337e+01 1.046729999999999976e-19
7.752599999999999625e+01 1.848009999999999893e-19
8.309940000000000282e+01 3.143120000000000016e-19
8.907349999999999568e+01 5.159490000000000423e-19
9.547719999999999629e+01 8.201689999999999921e-19
1.023409999999999940e+02 1.261550000000000040e-18
1.096989999999999981e+02 1.884839999999999902e-18
1.175849999999999937e+02 2.741480000000000145e-18
1.260379999999999967e+02 3.888829999999999667e-18
1.350989999999999895e+02 5.391509999999999902e-18
1.448120000000000118e+02 7.316689999999999237e-18
1.552230000000000132e+02 9.742570000000000075e-18
1.663820000000000050e+02 1.274360000000000051e-17
1.783429999999999893e+02 1.640439999999999878e-17
1.911639999999999873e+02 2.078569999999999872e-17
2.049070000000000107e+02 2.596690000000000009e-17
2.196390000000000100e+02 3.199630000000000284e-17
2.354290000000000020e+02 3.896360000000000120e-17
2.523540000000000134e+02 4.691040000000000270e-17
2.704959999999999809e+02 5.583459999999999717e-17
2.899420000000000073e+02 6.576230000000000020e-17
3.107869999999999777e+02 7.666219999999999564e-17
3.331299999999999955e+02 8.855319999999999500e-17
3.570779999999999745e+02 1.013210000000000050e-16
3.827490000000000236e+02 1.149820000000000065e-16
4.102660000000000196e+02 1.294359999999999944e-16
4.397599999999999909e+02 1.445319999999999887e-16
4.713750000000000000e+02 1.601639999999999930e-16
5.052629999999999768e+02 1.762460000000000096e-16
5.415869999999999891e+02 1.926119999999999978e-16
5.805230000000000246e+02 2.091660000000000101e-16
6.222569999999999482e+02 2.257550000000000071e-16
6.669919999999999618e+02 2.422400000000000176e-16
7.149429999999999836e+02 2.584750000000000240e-16
7.663410000000000082e+02 2.743659999999999898e-16
8.214349999999999454e+02 2.897520000000000094e-16
8.804880000000000564e+02 3.045669999999999849e-16
9.437880000000000109e+02 3.186859999999999881e-16
1.011639999999999986e+03 3.319570000000000217e-16
1.084369999999999891e+03 3.443969999999999833e-16
1.162319999999999936e+03 3.558670000000000001e-16
1.245880000000000109e+03 3.663509999999999945e-16
1.335450000000000045e+03 3.758019999999999976e-16
1.431460000000000036e+03 3.840469999999999965e-16
1.534369999999999891e+03 3.912710000000000129e-16
1.644680000000000064e+03 3.973950000000000213e-16
1.762910000000000082e+03 4.023569999999999923e-16
1.889650000000000091e+03 4.062099999999999979e-16
2.025500000000000000e+03 4.089799999999999916e-16
2.171119999999999891e+03 4.106870000000000211e-16
2.327199999999999818e+03 4.113649999999999801e-16
2.494510000000000218e+03 4.110759999999999965e-16
2.673840000000000146e+03 4.098409999999999873e-16
2.866070000000000164e+03 4.077750000000000046e-16
3.072110000000000127e+03 4.048749999999999969e-16
3.292969999999999800e+03 4.012059999999999959e-16
3.529710000000000036e+03 3.968239999999999771e-16
3.783460000000000036e+03 3.918499999999999973e-16
4.055460000000000036e+03 3.862810000000000048e-16
4.347010000000000218e+03 3.802279999999999831e-16
4.659520000000000437e+03 3.736950000000000010e-16
4.994510000000000218e+03 3.667910000000000076e-16
5.353560000000000400e+03 3.595329999999999989e-16
5.738439999999999600e+03 3.519789999999999850e-16
6.150989999999999782e+03 3.441890000000000103e-16
6.593189999999999600e+03 3.361970000000000177e-16
7.067180000000000291e+03 3.279950000000000177e-16
7.575250000000000000e+03 3.196699999999999761e-16
-----------------------


C24 N2 Excitation 13.00 eV
COMMENT: generated by bolsig_convert.py
-----------------------
1.000000000000000021e-02 0.000000000000000000e+00
1.071889999999999996e-02 0.000000000000000000e+00
1.148949999999999971e-02 0.000000000000000000e+00
1.231550000000000006e-02 0.000000000000000000e+00
1.320089999999999979e-02 0.000000000000000000e+00
1.414989999999999998e-02 0.000000000000000000e+00
1.516720000000000047e-02 0.000000000000000000e+00
1.625760000000000052e-02 0.000000000000000000e+00
1.742629999999999874e-02 0.000000000000000000e+00
1.867910000000000056e-02 0.000000000000000000e+00
2.002200000000000160e-02 0.000000000000000000e+00
2.146139999999999853e-02 0.000000000000000000e+00
2.300429999999999836e-02 0.000000000000000000e+00
2.465809999999999877e-02 0.000000000000000000e+00
2.643080000000000082e-02 0.000000000000000000e+00
2.833099999999999855e-02 0.000000000000000000e+00
3.036770000000000094e-02 0.000000000000000000e+00
3.255090000000000067e-02 0.000000000000000000e+00
3.489099999999999840e-02 0.000000000000000000e+00
3.739939999999999931e-02 0.000000000000000000e+00
4.008810000000000151e-02 0.000000000000000000e+00
4.297000000000000125e-02 0.000000000000000000e+00
4.605920000000000153e-02 0.000000000000000000e+00
4.937049999999999772e-02 0.000000000000000000e+00
5.291980000000000295e-02 0.000000000000000000e+00
5.672429999999999833e-02 0.000000000000000000e+00
6.080220000000000069e-02 0.000000000000000000e+00
6.517340000000000633e-02 0.000000000000000000e+00
6.985879999999999868e-02 0.000000000000000000e+00
7.488100000000000311e-02 0.000000000000000000e+00
8.026429999999999676e-02 0.000000000000000000e+00
8.603470000000000562e-02 0.000000000000000000e+00
9.221980000000000455e-02 0.000000000000000000e+00
9.884959999999999580e-02 0.000000000000000000e+00
1.059559999999999946e-01 0.000000000000000000e+00
1.135729999999999934e-01 0.000000000000000000e+00
1.217379999999999990e-01 0.000000000000000000e+00
1.304899999999999949e-01 0.000000000000000000e+00
1.398709999999999953e-01 0.000000000000000000e+00
1.499270000000000047e-01 0.000000000000000000e+00
1.607049999999999867e-01 0.000000000000000000e+00
1.722589999999999955e-01 0.000000000000000000e+00
1.846430000000000016e-01 0.000000000000000000e+00
1.979170000000000096e-01 0.000000000000000000e+00
2.121450000000000002e-01 0.000000000000000000e+00
2.273969999999999880e-01 0.000000000000000000e+00
2.437439999999999884e-01 0.000000000000000000e+00
2.612680000000000002e-01 0.000000000000000000e+00
2.800500000000000211e-01 0.000000000000000000e+00
3.001840000000000064e-01 0.000000000000000000e+00
3.217639999999999945e-01 0.000000000000000000e+00
3.448959999999999804e-01 0.000000000000000000e+00
3.696909999999999918e-01 0.000000000000000000e+00
3.962689999999999824e-01 0.000000000000000000e+00
4.247569999999999957e-01 0.000000000000000000e+00
4.552939999999999765e-01 0.000000000000000000e+00
4.880249999999999866e-01 0.000000000000000000e+00
5.231099999999999639e-01 0.000000000000000000e+00
5.607170000000000210e-01 0.000000000000000000e+00
6.010280000000000067e-01 0.000000000000000000e+00
6.442360000000000309e-01 0.000000000000000000e+00
6.905510000000000259e-01 0.000000000000000000e+00
7.401959999999999651e-01 0.000000000000000000e+00
7.934099999999999486e-01 0.000000000000000000e+00
8.504490000000000105e-01 0.000000000000000000e+00
9.115889999999999826e-01 0.000000000000000000e+00
9.771239999999999926e-01 0.000000000000000000e+00
1.047369999999999912e+00 0.000000000000000000e+00
1.122670000000000057e+00 0.000000000000000000e+00
1.203379999999999894e+00 0.000000000000000000e+00
1.289889999999999981e+00 0.000000000000000000e+00
1.382619999999999960e+00 0.000000000000000000e+00
1.482019999999999893e+00 0.000000000000000000e+00
1.588559999999999972e+00 0.000000000000000000e+00
1.702769999999999895e+00 0.000000000000000000e+00
1.825180000000000025e+00 0.000000000000000000e+00
1.956399999999999917e+00 0.000000000000000000e+00
2.097049999999999859e+00 0.000000000000000000e+00
2.247809999999999864e+00 0.000000000000000000e+00
2.409400000000000208e+00 0.000000000000000000e+00
2.582619999999999916e+00 0.000000000000000000e+00
2.768289999999999917e+00 0.000000000000000000e+00
2.967299999999999827e+00 0.000000000000000000e+00
3.180629999999999846e+00 0.000000000000000000e+00
3.409289999999999932e+00 0.000000000000000000e+00
3.654380000000000184e+00 0.000000000000000000e+00
3.917100000000000026e+00 0.000000000000000000e+00
4.198710000000000164e+00 0.000000000000000000e+00
4.500560000000000116e+00 0.000000000000000000e+00
4.824110000000000120e+00 0.000000000000000000e+00
5.170919999999999739e+00 0.000000000000000000e+00
5.542659999999999698e+00 0.000000000000000000e+00
5.941130000000000244e+00 0.000000000000000000e+00
6.368249999999999744e+00 0.000000000000000000e+00
6.826069999999999638e+00 0.000000000000000000e+00
7.316810000000000258e+00 0.000000000000000000e+00
7.842819999999999681e+00 0.000000000000000000e+00
8.406650000000000844e+00 0.000000000000000000e+00
9.011020000000000252e+00 0.000000000000000000e+00
9.658830000000000027e+00 0.000000000000000000e+00
1.035319999999999929e+01 0.000000000000000000e+00
1.109750000000000014e+01 0.000000000000000000e+00
1.189530000000000065e+01 0.000000000000000000e+00
1.275050000000000061e+01 0.000000000000000000e+00
1.366719999999999935e+01 0.000000000000000000e+00
1.464969999999999928e+01 0.000000000000000000e+00
1.570289999999999964e+01 0.000000000000000000e+00
1.683180000000000121e+01 0.000000000000000000e+00
1.804189999999999827e+01 0.000000000000000000e+00
1.933889999999999887e+01 0.000000000000000000e+00
2.072919999999999874e+01 6.531540000000000559e-30
2.221950000000000003e+01 4.142780000000000227e-29
2.381690000000000040e+01 2.323139999999999917e-28
2.552909999999999968e+01 6.232530000000000114e-26
2.736439999999999984e+01 3.111110000000000219e-25
2.933170000000000144e+01 1.406009999999999996e-24
3.144040000000000035e+01 5.787879999999999812e-24
3.370060000000000144e+01 2.285530000000000040e-23
3.612339999999999662e+01 7.971409999999999774e-23
3.872039999999999793e+01 2.579579999999999878e-22
4.150399999999999778e+01 7.836099999999999608e-22
4.448780000000000001e+01 2.210759999999999913e-21
4.768610000000000326e+01 5.865019999999999780e-21
5.111430000000000007e+01 1.475360000000000089e-20
5.478900000000000148e+01 3.493380000000000141e-20
5.872789999999999822e+01 7.855070000000000056e-20
6.294989999999999952e+01 1.694249999999999911e-19
6.747539999999999338e+01 3.457310000000000018e-19
7.232630000000000337e+01 6.750460000000000479e-19
7.752599999999999625e+01 1.263779999999999911e-18
8.309940000000000282e+01 2.273800000000000181e-18
8.907349999999999568e+01 3.940820000000000113e-18
9.547719999999999629e+01 6.603989999999999940e-18
1.023409999999999940e+02 1.069069999999999967e-17
1.096989999999999981e+02 1.678920000000000000e-17
1.175849999999999937e+02 2.564480000000000085e-17
1.260379999999999967e+02 3.816390000000000074e-17
1.350989999999999895e+02 5.547330000000000202e-17
1.448120000000000118e+02 7.889649999999999923e-17
1.552230000000000132e+02 1.100599999999999952e-16
1.663820000000000050e+02 1.508030000000000072e-16
1.783429999999999893e+02 2.033719999999999991e-16
1.911639999999999873e+02 2.699909999999999926e-16
2.049070000000000107e+02 3.535069999999999972e-16
2.196390000000000100e+02 4.567619999999999859e-16
2.354290000000000020e+02 5.835089999999999725e-16
2.523540000000000134e+02 7.374350000000000208e-16
2.704959999999999809e+02 9.219409999999999664e-16
2.899420000000000073e+02 1.141380000000000020e-15
3.107869999999999777e+02 1.399690000000000070e-15
3.331299999999999955e+02 1.701990000000000072e-15
3.570779999999999745e+02 2.051600000000000047e-15
3.827490000000000236e+02 2.454550000000000018e-15
4.102660000000000196e+02 2.915240000000000015e-15
4.397599999999999909e+02 3.436640000000000165e-15
4.713750000000000000e+02 4.023289999999999946e-15
5.052629999999999768e+02 4.679730000000000018e-15
5.415869999999999891e+02 5.409000000000000132e-15
5.805230000000000246e+02 6.215339999999999741e-15
6.222569999999999482e+02 7.101390000000000008e-15
6.669919999999999618e+02 8.069959999999999889e-15
7.149429999999999836e+02 9.122849999999999530e-15
7.663410000000000082e+02 1.026320000000000001e-14
8.214349999999999454e+02 1.149140000000000052e-14
8.804880000000000564e+02 1.280969999999999987e-14
9.437880000000000109e+02 1.421820000000000057e-14
1.011639999999999986e+03 1.571429999999999899e-14
1.084369999999999891e+03 1.730269999999999932e-14
1.162319999999999936e+03 1.897830000000000154e-14
1.245880000000000109e+03 2.074300000000000120e-14
1.335450000000000045e+03 2.259349999999999922e-14
1.431460000000000036e+03 2.451929999999999908e-14
1.534369999999999891e+03 2.653069999999999859e-14
1.644680000000000064e+03 2.861990000000000107e-14
1.762910000000000082e+03 3.077079999999999900e-14
1.889650000000000091e+03 3.299280000000000079e-14
2.025500000000000000e+03 3.527219999999999914e-14
2.171119999999999891e+03 3.759910000000000308e-14
2.327199999999999818e+03 3.996840000000000315e-14
2.494510000000000218e+03 4.238129999999999784e-14
2.673840000000000146e+03 4.482370000000000140e-14
2.866070000000000164e+03 4.728560000000000301e-14
3.072110000000000127e+03 4.974800000000000295e-14
3.292969999999999800e+03 5.222339999999999738e-14
3.529710000000000036e+03 5.469380000000000218e-14
3.783460000000000036e+03 5.714130000000000260e-14
4.055460000000000036e+03 5.956899999999999588e-14
4.347010000000000218e+03 6.195879999999999697e-14
4.659520000000000437e+03 6.431400000000000495e-14
4.994510000000000218e+03 6.661089999999999539e-14
5.353560000000000400e+03 6.885929999999999619e-14
5.738439999999999600e+03 7.104710000000000228e-14
6.150989999999999782e+03 7.316379999999999820e-14
6.593189999999999600e+03 7.520309999999999487e-14
7.067180000000000291e+03 7.717630000000000256e-14
7.575250000000000000e+03 7.906039999999999702e-14
-----------------------


C25 N2 Ionization 15.60 eV
COMMENT: generated by bolsig_convert.py
-----------------------
1.000000000000000021e-02 0.000000000000000000e+00
1.071889999999999996e-02 0.000000000000000000e+00
1.148949999999999971e-02 0.000000000000000000e+00
1.231550000000000006e-02 0.000000000000000000e+00
1.320089999999999979e-02 0.000000000000000000e+00
1.414989999999999998e-02 0.000000000000000000e+00
1.516720000000000047e-02 0.000000000000000000e+00
1.625760000000000052e-02 0.000000000000000000e+00
1.742629999999999874e-02 0.000000000000000000e+00
1.867910000000000056e-02 0.000000000000000000e+00
2.002200000000000160e-02 0.000000000000000000e+00
2.146139999999999853e-02 0.000000000000000000e+00
2.300429999999999836e-02 0.000000000000000000e+00
2.465809999999999877e-02 0.000000000000000000e+00
2.643080000000000082e-02 0.000000000000000000e+00
2.833099999999999855e-02 0.000000000000000000e+00
3.036770000000000094e-02 0.000000000000000000e+00
3.255090000000000067e-02 0.000000000000000000e+00
3.489099999999999840e-02 0.000000000000000000e+00
3.739939999999999931e-02 0.000000000000000000e+00
4.008810000000000151e-02 0.000000000000000000e+00
4.297000000000000125e-02 0.000000000000000000e+00
4.605920000000000153e-02 0.000000000000000000e+00
4.937049999999999772e-02 0.000000000000000000e+00
5.291980000000000295e-02 0.000000000000000000e+00
5.672429999999999833e-02 0.000000000000000000e+00
6.080220000000000069e-02 0.000000000000000000e+00
6.517340000000000633e-02 0.000000000000000000e+00
6.985879999999999868e-02 0.000000000000000000e+00
7.488100000000000311e-02 0.000000000000000000e+00
8.026429999999999676e-02 0.000000000000000000e+00
8.603470000000000562e-02 0.000000000000000000e+00
9.221980000000000455e-02 0.000000000000000000e+00
9.884959999999999580e-02 0.000000000000000000e+00
1.059559999999999946e-01 0.000000000000000000e+00
1.135729999999999934e-01 0.000000000000000000e+00
1.217379999999999990e-01 0.000000000000000000e+00
1.304899999999999949e-01 0.000000000000000000e+00
1.398709999999999953e-01 0.000000000000000000e+00
1.499270000000000047e-01 0.000000000000000000e+00
1.607049999999999867e-01 0.000000000000000000e+00
1.722589999999999955e-01 0.000000000000000000e+00
1.846430000000000016e-01 0.000000000000000000e+00
1.979170000000000096e-01 0.000000000000000000e+00
2.121450000000000002e-01 0.000000000000000000e+00
2.273969999999999880e-01 0.000000000000000000e+00
2.437439999999999884e-01 0.000000000000000000e+00
2.612680000000000002e-01 0.000000000000000000e+00
2.800500000000000211e-01 0.000000000000000000e+00
3.001840000000000064e-01 0.000000000000000000e+00
3.217639999999999945e-01 0.000000000000000000e+00
3.448959999999999804e-01 0.000000000000000000e+00
3.696909999999999918e-01 0.000000000000000000e+00
3.962689999999999824e-01 0.000000000000000000e+00
4.247569999999999957e-01 0.000000000000000000e+00
4.552939999999999765e-01 0.000000000000000000e+00
4.880249999999999866e-01 0.000000000000000000e+00
5.231099999999999639e-01 0.000000000000000000e+00
5.607170000000000210e-01 0.000000000000000000e+00
6.010280000000000067e-01 0.000000000000000000e+00
6.442360000000000309e-01 0.000000000000000000e+00
6.905510000000000259e-01 0.000000000000000000e+00
7.401959999999999651e-01 0.000000000000000000e+00
7.934099999999999486e-01 0.000000000000000000e+00
8.504490000000000105e-01 0.000000000000000000e+00
9.115889999999999826e-01 0.000000000000000000e+00
9.771239999999999926e-01 0.000000000000000000e+00
1.047369999999999912e+00 0.000000000000000000e+00
1.122670000000000057e+00 0.000000000000000000e+00
1.203379999999999894e+00 0.000000000000000000e+00
1.289889999999999981e+00 0.000000000000000000e+00
1.382619999999999960e+00 0.000000000000000000e+00
1.482019999999999893e+00 0.000000000000000000e+00
1.588559999999999972e+00 0.000000000000000000e+00
1.702769999999999895e+00 0.000000000000000000e+00
1.825180000000000025e+00 0.000000000000000000e+00
1.956399999999999917e+00 0.000000000000000000e+00
2.097049999999999859e+00 0.000000000000000000e+00
2.247809999999999864e+00 0.000000000000000000e+00
2.409400000000000208e+00 0.000000000000000000e+00
2.582619999999999916e+00 0.000000000000000000e+00
2.768289999999999917e+00 0.000000000000000000e+00
2.967299999999999827e+00 0.000000000000000000e+00
3.180629999999999846e+00 0.000000000000000000e+00
3.409289999999999932e+00 0.000000000000000000e+00
3.654380000000000184e+00 0.000000000000000000e+00
3.917100000000000026e+00 0.000000000000000000e+00
4.198710000000000164e+00 0.000000000000000000e+00
4.500560000000000116e+00 0.000000000000000000e+00
4.824110000000000120e+00 0.000000000000000000e+00
5.170919999999999739e+00 0.000000000000000000e+00
5.542659999999999698e+00 0.000000000000000000e+00
5.941130000000000244e+00 0.000000000000000000e+00
6.368249999999999744e+00 0.000000000000000000e+00
6.826069999999999638e+00 0.000000000000000000e+00
7.316810000000000258e+00 0.000000000000000000e+00
7.842819999999999681e+00 0.000000000000000000e+00
8.406650000000000844e+00 0.000000000000000000e+00
9.011020000000000252e+00 0.000000000000000000e+00
9.658830000000000027e+00 0.000000000000000000e+00
1.035319999999999929e+01 0.000000000000000000e+00
1.109750000000000014e+01 0.000000000000000000e+00
1.189530000000000065e+01 0.000000000000000000e+00
1.275050000000000061e+01 0.000000000000000000e+00
1.366719999999999935e+01 0.000000000000000000e+00
1.464969999999999928e+01 0.000000000000000000e+00
1.570289999999999964e+01 0.000000000000000000e+00
1.683180000000000121e+01 0.000000000000000000e+00
1.804189999999999827e+01 0.000000000000000000e+00
1.933889999999999887e+01 0.000000000000000000e+00
2.072919999999999874e+01 0.000000000000000000e+00
2.221950000000000003e+01 0.000000000000000000e+00
2.381690000000000040e+01 0.000000000000000000e+00
2.552909999999999968e+01 0.000000000000000000e+00
2.736439999999999984e+01 0.000000000000000000e+00
2.933170000000000144e+01 0.000000000000000000e+00
3.144040000000000035e+01 0.000000000000000000e+00
3.370060000000000144e+01 5.912460000000000139e-26
3.612339999999999662e+01 2.915449999999999873e-25
3.872039999999999793e+01 1.300399999999999992e-24
4.150399999999999778e+01 5.675659999999999707e-24
4.448780000000000001e+01 2.137679999999999898e-23
4.768610000000000326e+01 7.426639999999999911e-23
5.111430000000000007e+01 2.412459999999999984e-22
5.478900000000000148e+01 7.225350000000000450e-22
5.872789999999999822e+01 2.023070000000000184e-21
6.294989999999999952e+01 5.363649999999999984e-21
6.747539999999999338e+01 1.324419999999999940e-20
7.232630000000000337e+01 3.089469999999999969e-20
7.752599999999999625e+01 6.834829999999999582e-20
8.309940000000000282e+01 1.435450000000000083e-19
8.907349999999999568e+01 2.874290000000000057e-19
9.547719999999999629e+01 5.515169999999999944e-19
1.023409999999999940e+02 1.012550000000000055e-18
1.096989999999999981e+02 1.788729999999999957e-18
1.175849999999999937e+02 3.051600000000000002e-18
1.260379999999999967e+02 5.034619999999999639e-18
1.350989999999999895e+02 8.061600000000000306e-18
1.448120000000000118e+02 1.255960000000000056e-17
1.552230000000000132e+02 1.908570000000000006e-17
1.663820000000000050e+02 2.834929999999999752e-17
1.783429999999999893e+02 4.126860000000000241e-17
1.911639999999999873e+02 5.889149999999999513e-17
2.049070000000000107e+02 8.258220000000000112e-17
2.196390000000000100e+02 1.139140000000000057e-16
2.354290000000000020e+02 1.548689999999999977e-16
2.523540000000000134e+02 2.077360000000000046e-16
2.704959999999999809e+02 2.749500000000000107e-16
2.899420000000000073e+02 3.595559999999999995e-16
3.107869999999999777e+02 4.648210000000000445e-16
3.331299999999999955e+02 5.946819999999999669e-16
3.570779999999999745e+02 7.529519999999999729e-16
3.827490000000000236e+02 9.446920000000000081e-16
4.102660000000000196e+02 1.174960000000000065e-15
4.397599999999999909e+02 1.448480000000000021e-15
4.713750000000000000e+02 1.771220000000000015e-15
5.052629999999999768e+02 2.149339999999999935e-15
5.415869999999999891e+02 2.589059999999999910e-15
5.805230000000000246e+02 3.097339999999999957e-15
6.222569999999999482e+02 3.681020000000000007e-15
6.669919999999999618e+02 4.347330000000000375e-15
7.149429999999999836e+02 5.103500000000000197e-15
7.663410000000000082e+02 5.957659999999999861e-15
8.214349999999999454e+02 6.917360000000000053e-15
8.804880000000000564e+02 7.990720000000000597e-15
9.437880000000000109e+02 9.185720000000000491e-15
1.011639999999999986e+03 1.050860000000000040e-14
1.084369999999999891e+03 1.197070000000000024e-14
1.162319999999999936e+03 1.357690000000000019e-14
1.245880000000000109e+03 1.533760000000000058e-14
1.335450000000000045e+03 1.725959999999999986e-14
1.431460000000000036e+03 1.934339999999999952e-14
1.534369999999999891e+03 2.160570000000000002e-14
1.644680000000000064e+03 2.405020000000000098e-14
1.762910000000000082e+03 2.667009999999999924e-14
1.889650000000000091e+03 2.948510000000000100e-14
2.025500000000000000e+03 3.248769999999999974e-14
2.171119999999999891e+03 3.567680000000000102e-14
2.327199999999999818e+03 3.905220000000000297e-14
2.494510000000000218e+03 4.262500000000000139e-14
2.673840000000000146e+03 4.638640000000000291e-14
2.866070000000000164e+03 5.032519999999999820e-14
3.072110000000000127e+03 5.441930000000000294e-14
3.292969999999999800e+03 5.869379999999999776e-14
3.529710000000000036e+03 6.312950000000000631e-14
3.783460000000000036e+03 6.768729999999999371e-14
4.055460000000000036e+03 7.238039999999999418e-14
4.347010000000000218e+03 7.717379999999999828e-14
4.659520000000000437e+03 8.207150000000000527e-14
4.994510000000000218e+03 8.702570000000000045e-14
5.353560000000000400e+03 9.204179999999999611e-14
5.738439999999999600e+03 9.708940000000000027e-14
6.150989999999999782e+03 1.021340000000000018e-13
6.593189999999999600e+03 1.071509999999999995e-13
7.067180000000000291e+03 1.121409999999999990e-13
7.575250000000000000e+03 1.170429999999999891e-13
-----------------------


C26 N2 Ionization 18.80 eV
COMMENT: generated by bolsig_convert.py
-----------------------
1.000000000000000021e-02 0.000000000000000000e+00
1.071889999999999996e-02 0.000000000000000000e+00
1.148949999999999971e-02 0.000000000000000000e+00
1.231550000000000006e-02 0.000000000000000000e+00
1.320089999999999979e-02 0.000000000000000000e+00
1.414989999999999998e-02 0.000000000000000000e+00
1.516720000000000047e-02 0.000000000000000000e+00
1.625760000000000052e-02 0.000000000000000000e+00
1.742629999999999874e-02 0.000000000000000000e+00
1.867910000000000056e-02 0.000000000000000000e+00
2.002200000000000160e-02 0.000000000000000000e+00
2.146139999999999853e-02 0.000000000000000000e+00
2.300429999999999836e-02 0.000000000000000000e+00
2.465809999999999877e-02 0.000000000000000000e+00
2.643080000000000082e-02 0.000000000000000000e+00
2.833099999999999855e-02 0.000000000000000000e+00
3.036770000000000094e-02 0.000000000000000000e+00
3.255090000000000067e-02 0.000000000000000000e+00
3.489099999999999840e-02 0.000000000000000000e+00
3.739939999999999931e-02 0.000000000000000000e+00
4.008810000000000151e-02 0.000000000000000000e+00
4.297000000000000125e-02 0.000000000000000000e+00
4.605920000000000153e-02 0.000000000000000000e+00
4.937049999999999772e-02 0.000000000000000000e+00
5.291980000000000295e-02 0.000000000000000000e+00
5.672429999999999833e-02 0.000000000000000000e+00
6.080220000000000069e-02 0.000000000000000000e+00
6.517340000000000633e-02 0.000000000000000000e+00
6.985879999999999868e-02 0.000000000000000000e+00
7.488100000000000311e-02 0.000000000000000000e+00
8.026429999999999676e-02 0.000000000000000000e+00
8.603470000000000562e-02 0.000000000000000000e+00
9.221980000000000455e-02 0.000000000000000000e+00
9.884959999999999580e-02 0.000000000000000000e+00
1.059559999999999946e-01 0.000000000000000000e+00
1.135729999999999934e-01 0.000000000000000000e+00
1.217379999999999990e-01 0.000000000000000000e+00
1.304899999999999949e-01 0.000000000000000000e+00
1.398709999999999953e-01 0.000000000000000000e+00
1.499270000000000047e-01 0.000000000000000000e+00
1.607049999999999867e-01 0.000000000000000000e+00
1.722589999999999955e-01 0.000000000000000000e+00
1.846430000000000016e-01 0.000000000000000000e+00
1.979170000000000096e-01 0.000000000000000000e+00
2.121450000000000002e-01 0.000000000000000000e+00
2.273969999999999880e-01 0.000000000000000000e+00
2.437439999999999884e-01 0.000000000000000000e+00
2.612680000000000002e-01 0.000000000000000000e+00
2.800500000000000211e-01 0.000000000000000000e+00
3.001840000000000064e-01 0.000000000000000000e+00
3.217639999999999945e-01 0.000000000000000000e+00
3.448959999999999804e-01 0.000000000000000000e+00
3.696909999999999918e-01 0.000000000000000000e+00
3.962689999999999824e-01 0.000000000000000000e+00
4.247569999999999957e-01 0.000000000000000000e+00
4.552939999999999765e-01 0.000000000000000000e+00
4.880249999999999866e-01 0.000000000000000000e+00
5.231099999999999639e-01 0.000000000000000000e+00
5.607170000000000210e-01 0.000000000000000000e+00
6.010280000000000067e-01 0.000000000000000000e+00
6.442360000000000309e-01 0.000000000000000000e+00
6.905510000000000259e-01 0.000000000000000000e+00
7.401959999999999651e-01 0.000000000000000000e+00
7.934099999999999486e-01 0.000000000000000000e+00
8.504490000000000105e-01 0.000000000000000000e+00
9.115889999999999826e-01 0.000000000000000000e+00
9.771239999999999926e-01 0.000000000000000000e+00
1.047369999999999912e+00 0.000000000000000000e+00
1.122670000000000057e+00 0.000000000000000000e+00
1.203379999999999894e+00 0.000000000000000000e+00
1.289889999999999981e+00 0.000000000000000000e+00
1.382619999999999960e+00 0.000000000000000000e+00
1.482019999999999893e+00 0.000000000000000000e+00
1.588559999999999972e+00 0.000000000000000000e+00
1.702769999999999895e+00 0.000000000000000000e+00
1.825180000000000025e+00 0.000000000000000000e+00
1.956399999999999917e+00 0.000000000000000000e+00
2.097049999999999859e+00 0.000000000000000000e+00
2.247809999999999864e+00 0.000000000000000000e+00
2.409400000000000208e+00 0.000000000000000000e+00
2.582619999999999916e+00 0.000000000000000000e+00
2.768289999999999917e+00 0.000000000000000000e+00
2.967299999999999827e+00 0.000000000000000000e+00
3.180629999999999846e+00 0.000000000000000000e+00
3.409289999999999932e+00 0.000000000000000000e+00
3.654380000000000184e+00 0.000000000000000000e+00
3.917100000000000026e+00 0.000000000000000000e+00
4.198710000000000164e+00 0.000000000000000000e+00
4.500560000000000116e+00 0.000000000000000000e+00
4.824110000000000120e+00 0.000000000000000000e+00
5.170919999999999739e+00 0.000000000000000000e+00
5.542659999999999698e+00 0.000000000000000000e+00
5.941130000000000244e+00 0.000000000000000000e+00
6.368249999999999744e+00 0.000000000000000000e+00
6.826069999999999638e+00 0.000000000000000000e+00
7.316810000000000258e+00 0.000000000000000000e+00
7.842819999999999681e+00 0.000000000000000000e+00
8.406650000000000844e+00 0.000000000000000000e+00
9.011020000000000252e+00 0.000000000000000000e+00
9.658830000000000027e+00 0.000000000000000000e+00
1.035319999999999929e+01 0.000000000000000000e+00
1.109750000000000014e+01 0.000000000000000000e+00
1.189530000000000065e+01 0.000000000000000000e+00
1.275050000000000061e+01 0.000000000000000000e+00
1.366719999999999935e+01 0.000000000000000000e+00
1.464969999999999928e+01 0.000000000000000000e+00
1.570289999999999964e+01 0.000000000000000000e+00
1.683180000000000121e+01 0.000000000000000000e+00
1.804189999999999827e+01 0.000000000000000000e+00
1.933889999999999887e+01 0.000000000000000000e+00
2.072919999999999874e+01 0.000000000000000000e+00
2.221950000000000003e+01 0.000000000000000000e+00
2.381690000000000040e+01 0.000000000000000000e+00
2.552909999999999968e+01 0.000000000000000000e+00
2.736439999999999984e+01 0.000000000000000000e+00
2.933170000000000144e+01 0.000000000000000000e+00
3.144040000000000035e+01 0.000000000000000000e+00
3.370060000000000144e+01 0.000000000000000000e+00
3.612339999999999662e+01 0.000000000000000000e+00
3.872039999999999793e+01 0.000000000000000000e+00
4.150399999999999778e+01 2.575140000000000140e-27
4.448780000000000001e+01 1.368379999999999870e-26
4.768610000000000326e+01 6.528069999999999847e-26
5.111430000000000007e+01 3.293999999999999857e-25
5.478900000000000148e+01 1.323389999999999991e-24
5.872789999999999822e+01 4.871169999999999809e-24
6.294989999999999952e+01 1.674840000000000070e-23
6.747539999999999338e+01 5.244179999999999790e-23
7.232630000000000337e+01 1.526009999999999928e-22
7.752599999999999625e+01 4.154230000000000138e-22
8.309940000000000282e+01 1.056280000000000046e-21
8.907349999999999568e+01 2.526740000000000126e-21
9.547719999999999629e+01 5.725669999999999800e-21
1.023409999999999940e+02 1.225690000000000048e-20
1.096989999999999981e+02 2.497570000000000048e-20
1.175849999999999937e+02 4.868380000000000047e-20
1.260379999999999967e+02 9.085269999999999825e-20
1.350989999999999895e+02 1.631270000000000093e-19
1.448120000000000118e+02 2.827830000000000171e-19
1.552230000000000132e+02 4.743590000000000387e-19
1.663820000000000050e+02 7.723789999999999752e-19
1.783429999999999893e+02 1.224830000000000015e-18
1.911639999999999873e+02 1.892109999999999864e-18
2.049070000000000107e+02 2.856229999999999862e-18
2.196390000000000100e+02 4.219900000000000171e-18
2.354290000000000020e+02 6.114249999999999648e-18
2.523540000000000134e+02 8.702329999999999515e-18
2.704959999999999809e+02 1.216919999999999993e-17
2.899420000000000073e+02 1.674820000000000152e-17
3.107869999999999777e+02 2.270539999999999938e-17
3.331299999999999955e+02 3.035710000000000004e-17
3.570779999999999745e+02 4.004140000000000019e-17
3.827490000000000236e+02 5.217660000000000015e-17
4.102660000000000196e+02 6.721100000000000390e-17
4.397599999999999909e+02 8.558410000000000361e-17
4.713750000000000000e+02 1.078309999999999988e-16
5.052629999999999768e+02 1.344989999999999990e-16
5.415869999999999891e+02 1.661629999999999994e-16
5.805230000000000246e+02 2.034379999999999986e-16
6.222569999999999482e+02 2.469420000000000100e-16
6.669919999999999618e+02 2.973099999999999934e-16
7.149429999999999836e+02 3.551730000000000128e-16
7.663410000000000082e+02 4.212089999999999779e-16
8.214349999999999454e+02 4.960469999999999922e-16
8.804880000000000564e+02 5.803269999999999535e-16
9.437880000000000109e+02 6.746670000000000232e-16
1.011639999999999986e+03 7.795299999999999682e-16
1.084369999999999891e+03 8.957320000000000960e-16
1.162319999999999936e+03 1.023579999999999960e-15
1.245880000000000109e+03 1.163779999999999950e-15
1.335450000000000045e+03 1.316720000000000026e-15
1.431460000000000036e+03 1.482310000000000020e-15
1.534369999999999891e+03 1.661680000000000014e-15
1.644680000000000064e+03 1.854929999999999950e-15
1.762910000000000082e+03 2.061309999999999962e-15
1.889650000000000091e+03 2.282230000000000010e-15
2.025500000000000000e+03 2.516869999999999816e-15
2.171119999999999891e+03 2.764930000000000143e-15
2.327199999999999818e+03 3.026299999999999891e-15
2.494510000000000218e+03 3.301669999999999867e-15
2.673840000000000146e+03 3.590190000000000067e-15
2.866070000000000164e+03 3.890919999999999730e-15
3.072110000000000127e+03 4.202130000000000304e-15
3.292969999999999800e+03 4.525670000000000035e-15
3.529710000000000036e+03 4.860000000000000086e-15
3.783460000000000036e+03 5.202300000000000146e-15
4.055460000000000036e+03 5.553539999999999913e-15
4.347010000000000218e+03 5.911149999999999821e-15
4.659520000000000437e+03 6.275540000000000206e-15
4.994510000000000218e+03 6.643210000000000124e-15
5.353560000000000400e+03 7.014779999999999968e-15
5.738439999999999600e+03 7.388059999999999596e-15
6.150989999999999782e+03 7.760649999999999602e-15
6.593189999999999600e+03 8.130800000000000302e-15
7.067180000000000291e+03 8.498749999999999506e-15
7.575250000000000000e+03 8.859880000000000702e-15
-----------------------


C27 O2 Attachment
COMMENT: generated by bolsig_convert.py
-----------------------
1.000000000000000021e-02 2.146919999999999877e-36
1.071889999999999996e-02 2.158299999999999883e-36
1.148949999999999971e-02 2.171209999999999841e-36
1.231550000000000006e-02 2.185870000000000147e-36
1.320089999999999979e-02 2.202510000000000017e-36
1.414989999999999998e-02 2.221379999999999979e-36
1.516720000000000047e-02 2.242790000000000151e-36
1.625760000000000052e-02 2.267049999999999984e-36
1.742629999999999874e-02 2.294529999999999858e-36
1.867910000000000056e-02 2.325640000000000101e-36
2.002200000000000160e-02 2.360810000000000018e-36
2.146139999999999853e-02 2.400509999999999865e-36
2.300429999999999836e-02 2.445260000000000001e-36
2.465809999999999877e-02 2.495600000000000097e-36
2.643080000000000082e-02 2.552000000000000074e-36
2.833099999999999855e-02 2.615180000000000047e-36
3.036770000000000094e-02 2.685609999999999937e-36
3.255090000000000067e-02 2.763790000000000131e-36
3.489099999999999840e-02 2.850109999999999980e-36
3.739939999999999931e-02 2.944850000000000143e-36
4.008810000000000151e-02 3.048079999999999698e-36
4.297000000000000125e-02 3.159590000000000072e-36
4.605920000000000153e-02 3.278879999999999877e-36
4.937049999999999772e-02 3.405030000000000248e-36
5.291980000000000295e-02 3.536610000000000107e-36
5.672429999999999833e-02 3.671680000000000175e-36
6.080220000000000069e-02 3.807800000000000118e-36
6.517340000000000633e-02 3.942020000000000064e-36
6.985879999999999868e-02 4.071029999999999917e-36
7.488100000000000311e-02 4.191300000000000185e-36
8.026429999999999676e-02 4.299290000000000221e-36
8.603470000000000562e-02 4.391689999999999927e-36
9.221980000000000455e-02 4.465890000000000015e-36
9.884959999999999580e-02 4.519860000000000147e-36
1.059559999999999946e-01 4.552610000000000040e-36
1.135729999999999934e-01 4.564180000000000312e-36
1.217379999999999990e-01 4.555629999999999992e-36
1.304899999999999949e-01 4.528840000000000104e-36
1.398709999999999953e-01 4.486370000000000163e-36
1.499270000000000047e-01 4.431080000000000322e-36
1.607049999999999867e-01 4.365949999999999913e-36
1.722589999999999955e-01 4.292580000000000306e-36
1.846430000000000016e-01 4.215719999999999821e-36
1.979170000000000096e-01 4.136339999999999770e-36
2.121450000000000002e-01 4.056000000000000234e-36
2.273969999999999880e-01 3.975840000000000142e-36
2.437439999999999884e-01 3.896570000000000122e-36
2.612680000000000002e-01 3.818589999999999682e-36
2.800500000000000211e-01 3.742540000000000037e-36
3.001840000000000064e-01 3.667390000000000284e-36
3.217639999999999945e-01 3.593520000000000291e-36
3.448959999999999804e-01 3.520730000000000303e-36
3.696909999999999918e-01 3.448180000000000019e-36
3.962689999999999824e-01 3.377030000000000013e-36
4.247569999999999957e-01 3.306350000000000264e-36
4.552939999999999765e-01 3.235999999999999942e-36
4.880249999999999866e-01 3.166110000000000054e-36
5.231099999999999639e-01 3.095869999999999763e-36
5.607170000000000210e-01 3.025759999999999812e-36
6.010280000000000067e-01 2.955779999999999868e-36
6.442360000000000309e-01 2.885779999999999949e-36
6.905510000000000259e-01 2.816390000000000114e-36
7.401959999999999651e-01 2.747149999999999926e-36
7.934099999999999486e-01 2.678049999999999900e-36
8.504490000000000105e-01 2.609099999999999856e-36
9.115889999999999826e-01 2.540239999999999868e-36
9.771239999999999926e-01 2.472499999999999837e-36
1.047369999999999912e+00 2.403720000000000084e-36
1.122670000000000057e+00 2.334779999999999861e-36
1.203379999999999894e+00 2.265550000000000162e-36
1.289889999999999981e+00 2.195880000000000004e-36
1.382619999999999960e+00 2.125589999999999941e-36
1.482019999999999893e+00 2.054499999999999862e-36
1.588559999999999972e+00 1.982440000000000143e-36
1.702769999999999895e+00 1.909300000000000085e-36
1.825180000000000025e+00 1.835000000000000121e-36
1.956399999999999917e+00 1.759570000000000045e-36
2.097049999999999859e+00 1.682879999999999853e-36
2.247809999999999864e+00 1.605879999999999875e-36
2.409400000000000208e+00 1.528570000000000112e-36
2.582619999999999916e+00 1.451500000000000054e-36
2.768289999999999917e+00 1.375279999999999950e-36
2.967299999999999827e+00 1.300589999999999965e-36
3.180629999999999846e+00 1.228120000000000083e-36
3.409289999999999932e+00 1.158480000000000054e-36
3.654380000000000184e+00 1.092210000000000048e-36
3.917100000000000026e+00 1.029710000000000073e-36
4.198710000000000164e+00 9.712859999999999180e-37
4.500560000000000116e+00 9.170869999999999847e-37
4.824110000000000120e+00 8.671550000000000542e-37
5.170919999999999739e+00 8.214329999999999461e-37
5.542659999999999698e+00 7.797810000000000001e-37
5.941130000000000244e+00 7.420369999999999982e-37
6.368249999999999744e+00 7.078959999999999822e-37
6.826069999999999638e+00 6.771299999999999826e-37
7.316810000000000258e+00 6.494699999999999968e-37
7.842819999999999681e+00 6.246440000000000261e-37
8.406650000000000844e+00 6.023939999999999707e-37
9.011020000000000252e+00 5.824679999999999742e-37
9.658830000000000027e+00 5.649149999999999762e-37
1.035319999999999929e+01 5.489159999999999840e-37
1.109750000000000014e+01 5.346010000000000042e-37
1.189530000000000065e+01 5.219920000000000098e-37
1.275050000000000061e+01 5.103340000000000126e-37
1.366719999999999935e+01 4.996760000000000358e-37
1.464969999999999928e+01 4.907350000000000307e-37
1.570289999999999964e+01 4.816710000000000102e-37
1.683180000000000121e+01 4.742230000000000026e-37
1.804189999999999827e+01 4.671199999999999873e-37
1.933889999999999887e+01 4.610100000000000009e-37
2.072919999999999874e+01 4.554629999999999888e-37
2.221950000000000003e+01 4.502619999999999679e-37
2.381690000000000040e+01 4.454120000000000155e-37
2.552909999999999968e+01 4.410710000000000205e-37
2.736439999999999984e+01 4.366610000000000269e-37
2.933170000000000144e+01 4.323789999999999591e-37
3.144040000000000035e+01 4.281400000000000053e-37
3.370060000000000144e+01 4.236590000000000158e-37
3.612339999999999662e+01 4.192079999999999892e-37
3.872039999999999793e+01 4.144520000000000045e-37
4.150399999999999778e+01 4.091089999999999915e-37
4.448780000000000001e+01 4.032670000000000090e-37
4.768610000000000326e+01 3.965919999999999673e-37
5.111430000000000007e+01 3.888549999999999817e-37
5.478900000000000148e+01 3.798740000000000260e-37
5.872789999999999822e+01 3.694580000000000014e-37
6.294989999999999952e+01 3.572460000000000189e-37
6.747539999999999338e+01 3.436119999999999932e-37
7.232630000000000337e+01 3.283719999999999842e-37
7.752599999999999625e+01 3.115919999999999940e-37
8.309940000000000282e+01 2.936779999999999816e-37
8.907349999999999568e+01 2.748639999999999927e-37
9.547719999999999629e+01 2.553000000000000094e-37
1.023409999999999940e+02 2.358969999999999948e-37
1.096989999999999981e+02 2.167810000000000022e-37
1.175849999999999937e+02 1.983979999999999832e-37
1.260379999999999967e+02 1.808069999999999903e-37
1.350989999999999895e+02 1.643150000000000002e-37
1.448120000000000118e+02 1.489760000000000088e-37
1.552230000000000132e+02 1.349870000000000031e-37
1.663820000000000050e+02 1.222679999999999981e-37
1.783429999999999893e+02 1.106920000000000042e-37
1.911639999999999873e+02 1.003700000000000100e-37
2.049070000000000107e+02 9.111410000000000259e-38
2.196390000000000100e+02 8.298269999999999780e-38
2.354290000000000020e+02 7.554990000000000479e-38
2.523540000000000134e+02 6.880990000000000147e-38
2.704959999999999809e+02 6.286310000000000399e-38
2.899420000000000073e+02 5.752570000000000085e-38
3.107869999999999777e+02 5.278140000000000379e-38
3.331299999999999955e+02 4.844409999999999580e-38
3.570779999999999745e+02 4.456750000000000150e-38
3.827490000000000236e+02 4.100710000000000065e-38
4.102660000000000196e+02 3.774220000000000100e-38
4.397599999999999909e+02 3.479470000000000061e-38
4.713750000000000000e+02 3.209419999999999857e-38
5.052629999999999768e+02 2.962699999999999921e-38
5.415869999999999891e+02 2.737550000000000232e-38
5.805230000000000246e+02 2.528970000000000166e-38
6.222569999999999482e+02 2.334870000000000053e-38
6.669919999999999618e+02 2.157850000000000083e-38
7.149429999999999836e+02 1.993679999999999935e-38
7.663410000000000082e+02 1.842529999999999871e-38
8.214349999999999454e+02 1.702860000000000064e-38
8.804880000000000564e+02 1.573109999999999986e-38
9.437880000000000109e+02 1.452939999999999897e-38
1.011639999999999986e+03 1.339079999999999966e-38
1.084369999999999891e+03 1.235839999999999943e-38
1.162319999999999936e+03 1.143410000000000013e-38
1.245880000000000109e+03 1.053719999999999995e-38
1.335450000000000045e+03 9.680360000000000086e-39
1.431460000000000036e+03 8.935700000000000606e-39
1.534369999999999891e+03 8.217539999999999785e-39
1.644680000000000064e+03 7.529580000000000372e-39
1.762910000000000082e+03 6.929200000000000602e-39
1.889650000000000091e+03 6.350879999999999848e-39
2.025500000000000000e+03 5.821090000000000017e-39
2.171119999999999891e+03 5.325929999999999708e-39
2.327199999999999818e+03 4.875609999999999754e-39
2.494510000000000218e+03 4.454759999999999967e-39
2.673840000000000146e+03 4.067240000000000130e-39
2.866070000000000164e+03 3.701970000000000276e-39
3.072110000000000127e+03 3.370020000000000150e-39
3.292969999999999800e+03 3.064479999999999942e-39
3.529710000000000036e+03 2.786049999999999900e-39
3.783460000000000036e+03 2.524490000000000154e-39
4.055460000000000036e+03 2.282560000000000148e-39
4.347010000000000218e+03 2.062549999999999958e-39
4.659520000000000437e+03 1.861550000000000062e-39
4.994510000000000218e+03 1.678319999999999942e-39
5.353560000000000400e+03 1.509839999999999913e-39
5.738439999999999600e+03 1.354010000000000050e-39
6.150989999999999782e+03 1.210959999999999986e-39
6.593189999999999600e+03 1.082459999999999965e-39
7.067180000000000291e+03 9.649170000000000786e-40
7.575250000000000000e+03 8.582660000000000216e-40
-----------------------


C28 O2 Attachment
COMMENT: generated by bolsig_convert.py
-----------------------
1.000000000000000021e-02 0.000000000000000000e+00
1.071889999999999996e-02 0.000000000000000000e+00
1.148949999999999971e-02 0.000000000000000000e+00
1.231550000000000006e-02 0.000000000000000000e+00
1.320089999999999979e-02 0.000000000000000000e+00
1.414989999999999998e-02 0.000000000000000000e+00
1.516720000000000047e-02 0.000000000000000000e+00
1.625760000000000052e-02 0.000000000000000000e+00
1.742629999999999874e-02 0.000000000000000000e+00
1.867910000000000056e-02 0.000000000000000000e+00
2.002200000000000160e-02 0.000000000000000000e+00
2.146139999999999853e-02 0.000000000000000000e+00
2.300429999999999836e-02 0.000000000000000000e+00
2.465809999999999877e-02 0.000000000000000000e+00
2.643080000000000082e-02 0.000000000000000000e+00
2.833099999999999855e-02 0.000000000000000000e+00
3.036770000000000094e-02 0.000000000000000000e+00
3.255090000000000067e-02 0.000000000000000000e+00
3.489099999999999840e-02 0.000000000000000000e+00
3.739939999999999931e-02 0.000000000000000000e+00
4.008810000000000151e-02 0.000000000000000000e+00
4.297000000000000125e-02 0.000000000000000000e+00
4.605920000000000153e-02 0.000000000000000000e+00
4.937049999999999772e-02 0.000000000000000000e+00
5.291980000000000295e-02 0.000000000000000000e+00
5.672429999999999833e-02 0.000000000000000000e+00
6.080220000000000069e-02 0.000000000000000000e+00
6.517340000000000633e-02 0.000000000000000000e+00
6.985879999999999868e-02 0.000000000000000000e+00
7.488100000000000311e-02 0.000000000000000000e+00
8.026429999999999676e-02 0.000000000000000000e+00
8.603470000000000562e-02 0.000000000000000000e+00
9.221980000000000455e-02 0.000000000000000000e+00
9.884959999999999580e-02 0.000000000000000000e+00
1.059559999999999946e-01 0.000000000000000000e+00
1.135729999999999934e-01 0.000000000000000000e+00
1.217379999999999990e-01 0.000000000000000000e+00
1.304899999999999949e-01 0.000000000000000000e+00
1.398709999999999953e-01 0.000000000000000000e+00
1.499270000000000047e-01 0.000000000000000000e+00
1.607049999999999867e-01 0.000000000000000000e+00
1.722589999999999955e-01 0.000000000000000000e+00
1.846430000000000016e-01 0.000000000000000000e+00
1.979170000000000096e-01 0.000000000000000000e+00
2.121450000000000002e-01 0.000000000000000000e+00
2.273969999999999880e-01 0.000000000000000000e+00
2.437439999999999884e-01 0.000000000000000000e+00
2.612680000000000002e-01 0.000000000000000000e+00
2.800500000000000211e-01 0.000000000000000000e+00
3.001840000000000064e-01 0.000000000000000000e+00
3.217639999999999945e-01 0.000000000000000000e+00
3.448959999999999804e-01 0.000000000000000000e+00
3.696909999999999918e-01 0.000000000000000000e+00
3.962689999999999824e-01 0.000000000000000000e+00
4.247569999999999957e-01 0.000000000000000000e+00
4.552939999999999765e-01 0.000000000000000000e+00
4.880249999999999866e-01 0.000000000000000000e+00
5.231099999999999639e-01 0.000000000000000000e+00
5.607170000000000210e-01 0.000000000000000000e+00
6.010280000000000067e-01 0.000000000000000000e+00
6.442360000000000309e-01 0.000000000000000000e+00
6.905510000000000259e-01 0.000000000000000000e+00
7.401959999999999651e-01 0.000000000000000000e+00
7.934099999999999486e-01 0.000000000000000000e+00
8.504490000000000105e-01 0.000000000000000000e+00
9.115889999999999826e-01 0.000000000000000000e+00
9.771239999999999926e-01 0.000000000000000000e+00
1.047369999999999912e+00 0.000000000000000000e+00
1.122670000000000057e+00 0.000000000000000000e+00
1.203379999999999894e+00 0.000000000000000000e+00
1.289889999999999981e+00 0.000000000000000000e+00
1.382619999999999960e+00 0.000000000000000000e+00
1.482019999999999893e+00 0.000000000000000000e+00
1.588559999999999972e+00 0.000000000000000000e+00
1.702769999999999895e+00 0.000000000000000000e+00
1.825180000000000025e+00 0.000000000000000000e+00
1.956399999999999917e+00 0.000000000000000000e+00
2.097049999999999859e+00 0.000000000000000000e+00
2.247809999999999864e+00 0.000000000000000000e+00
2.409400000000000208e+00 0.000000000000000000e+00
2.582619999999999916e+00 0.000000000000000000e+00
2.768289999999999917e+00 0.000000000000000000e+00
2.967299999999999827e+00 0.000000000000000000e+00
3.180629999999999846e+00 0.000000000000000000e+00
3.409289999999999932e+00 0.000000000000000000e+00
3.654380000000000184e+00 0.000000000000000000e+00
3.917100000000000026e+00 0.000000000000000000e+00
4.198710000000000164e+00 0.000000000000000000e+00
4.500560000000000116e+00 0.000000000000000000e+00
4.824110000000000120e+00 0.000000000000000000e+00
5.170919999999999739e+00 0.000000000000000000e+00
5.542659999999999698e+00 0.000000000000000000e+00
5.941130000000000244e+00 0.000000000000000000e+00
6.368249999999999744e+00 0.000000000000000000e+00
6.826069999999999638e+00 0.000000000000000000e+00
7.316810000000000258e+00 0.000000000000000000e+00
7.842819999999999681e+00 0.000000000000000000e+00
8.406650000000000844e+00 0.000000000000000000e+00
9.011020000000000252e+00 0.000000000000000000e+00
9.658830000000000027e+00 0.000000000000000000e+00
1.035319999999999929e+01 0.000000000000000000e+00
1.109750000000000014e+01 0.000000000000000000e+00
1.189530000000000065e+01 0.000000000000000000e+00
1.275050000000000061e+01 6.555139999999999597e-28
1.366719999999999935e+01 7.113990000000000264e-26
1.464969999999999928e+01 3.280560000000000060e-25
1.570289999999999964e+01 1.370349999999999931e-24
1.683180000000000121e+01 5.101069999999999801e-24
1.804189999999999827e+01 1.821870000000000122e-23
1.933889999999999887e+01 5.728279999999999467e-23
2.072919999999999874e+01 1.751719999999999985e-22
2.221950000000000003e+01 4.744940000000000021e-22
2.381690000000000040e+01 1.205590000000000017e-21
2.552909999999999968e+01 2.928750000000000103e-21
2.736439999999999984e+01 6.592230000000000026e-21
2.933170000000000144e+01 1.407219999999999914e-20
3.144040000000000035e+01 2.857629999999999740e-20
3.370060000000000144e+01 5.660049999999999785e-20
3.612339999999999662e+01 1.045950000000000032e-19
3.872039999999999793e+01 1.854760000000000117e-19
4.150399999999999778e+01 3.177369999999999950e-19
4.448780000000000001e+01 5.216530000000000122e-19
4.768610000000000326e+01 8.271300000000000045e-19
5.111430000000000007e+01 1.272890000000000050e-18
5.478900000000000148e+01 1.889689999999999919e-18
5.872789999999999822e+01 2.721119999999999970e-18
6.294989999999999952e+01 3.830780000000000196e-18
6.747539999999999338e+01 5.199709999999999891e-18
7.232630000000000337e+01 6.867909999999999996e-18
7.752599999999999625e+01 8.831269999999999385e-18
8.309940000000000282e+01 1.107920000000000033e-17
8.907349999999999568e+01 1.357110000000000015e-17
9.547719999999999629e+01 1.627330000000000107e-17
1.023409999999999940e+02 1.907849999999999905e-17
1.096989999999999981e+02 2.193850000000000078e-17
1.175849999999999937e+02 2.478949999999999894e-17
1.260379999999999967e+02 2.755819999999999870e-17
1.350989999999999895e+02 3.019750000000000283e-17
1.448120000000000118e+02 3.265539999999999959e-17
1.552230000000000132e+02 3.492370000000000161e-17
1.663820000000000050e+02 3.697190000000000277e-17
1.783429999999999893e+02 3.881159999999999769e-17
1.911639999999999873e+02 4.039370000000000101e-17
2.049070000000000107e+02 4.174740000000000020e-17
2.196390000000000100e+02 4.285370000000000178e-17
2.354290000000000020e+02 4.378040000000000164e-17
2.523540000000000134e+02 4.453499999999999915e-17
2.704959999999999809e+02 4.507769999999999858e-17
2.899420000000000073e+02 4.545159999999999934e-17
3.107869999999999777e+02 4.565810000000000205e-17
3.331299999999999955e+02 4.574029999999999997e-17
3.570779999999999745e+02 4.568669999999999896e-17
3.827490000000000236e+02 4.553139999999999794e-17
4.102660000000000196e+02 4.528219999999999776e-17
4.397599999999999909e+02 4.493879999999999695e-17
4.713750000000000000e+02 4.452150000000000149e-17
5.052629999999999768e+02 4.403799999999999940e-17
5.415869999999999891e+02 4.350190000000000115e-17
5.805230000000000246e+02 4.292120000000000239e-17
6.222569999999999482e+02 4.230970000000000221e-17
6.669919999999999618e+02 4.167069999999999814e-17
7.149429999999999836e+02 4.101969999999999752e-17
7.663410000000000082e+02 4.035909999999999966e-17
8.214349999999999454e+02 3.970100000000000160e-17
8.804880000000000564e+02 3.905280000000000223e-17
9.437880000000000109e+02 3.842259999999999768e-17
1.011639999999999986e+03 3.782399999999999842e-17
1.084369999999999891e+03 3.724839999999999972e-17
1.162319999999999936e+03 3.670320000000000050e-17
1.245880000000000109e+03 3.620979999999999972e-17
1.335450000000000045e+03 3.576969999999999849e-17
1.431460000000000036e+03 3.537529999999999696e-17
1.534369999999999891e+03 3.504109999999999761e-17
1.644680000000000064e+03 3.477090000000000039e-17
1.762910000000000082e+03 3.456229999999999982e-17
1.889650000000000091e+03 3.442760000000000006e-17
2.025500000000000000e+03 3.436210000000000299e-17
2.171119999999999891e+03 3.437220000000000266e-17
2.327199999999999818e+03 3.446029999999999836e-17
2.494510000000000218e+03 3.462919999999999751e-17
2.673840000000000146e+03 3.488290000000000102e-17
2.866070000000000164e+03 3.522010000000000259e-17
3.072110000000000127e+03 3.564659999999999951e-17
3.292969999999999800e+03 3.616369999999999809e-17
3.529710000000000036e+03 3.677570000000000069e-17
3.783460000000000036e+03 3.748309999999999740e-17
4.055460000000000036e+03 3.829069999999999918e-17
4.347010000000000218e+03 3.920160000000000255e-17
4.659520000000000437e+03 4.022230000000000206e-17
4.994510000000000218e+03 4.135600000000000088e-17
5.353560000000000400e+03 4.260669999999999994e-17
5.738439999999999600e+03 4.398490000000000082e-17
6.150989999999999782e+03 4.549719999999999854e-17
6.593189999999999600e+03 4.714920000000000177e-17
7.067180000000000291e+03 4.895099999999999783e-17
7.575250000000000000e+03 5.091359999999999693e-17
-----------------------


C30 O2 Excitation 0.020 eV
COMMENT: generated by bolsig_convert.py
-----------------------
1.000000000000000021e-02 4.791779999999999743e-19
1.071889999999999996e-02 4.818000000000000094e-19
1.148949999999999971e-02 4.847799999999999542e-19
1.231550000000000006e-02 4.881669999999999617e-19
1.320089999999999979e-02 4.920160000000000481e-19
1.414989999999999998e-02 4.963909999999999766e-19
1.516720000000000047e-02 5.013609999999999587e-19
1.625760000000000052e-02 5.070080000000000219e-19
1.742629999999999874e-02 5.134209999999999546e-19
1.867910000000000056e-02 5.206999999999999526e-19
2.002200000000000160e-02 5.289570000000000351e-19
2.146139999999999853e-02 5.383170000000000377e-19
2.300429999999999836e-02 5.489140000000000245e-19
2.465809999999999877e-02 5.608979999999999524e-19
2.643080000000000082e-02 5.744080000000000446e-19
2.833099999999999855e-02 5.896610000000000011e-19
3.036770000000000094e-02 6.068199999999999804e-19
3.255090000000000067e-02 6.260770000000000429e-19
3.489099999999999840e-02 6.476300000000000160e-19
3.739939999999999931e-02 6.716799999999999959e-19
4.008810000000000151e-02 6.984279999999999825e-19
4.297000000000000125e-02 7.280629999999999600e-19
4.605920000000000153e-02 7.607789999999999753e-19
4.937049999999999772e-02 7.967620000000000326e-19
5.291980000000000295e-02 8.361830000000000441e-19
5.672429999999999833e-02 8.792159999999999984e-19
6.080220000000000069e-02 9.260470000000000923e-19
6.517340000000000633e-02 9.768810000000000099e-19
6.985879999999999868e-02 1.031960000000000054e-18
7.488100000000000311e-02 1.091540000000000048e-18
8.026429999999999676e-02 1.155929999999999942e-18
8.603470000000000562e-02 1.225349999999999993e-18
9.221980000000000455e-02 1.300220000000000081e-18
9.884959999999999580e-02 1.380650000000000045e-18
1.059559999999999946e-01 1.466700000000000061e-18
1.135729999999999934e-01 1.558229999999999912e-18
1.217379999999999990e-01 1.654950000000000003e-18
1.304899999999999949e-01 1.756409999999999885e-18
1.398709999999999953e-01 1.862069999999999907e-18
1.499270000000000047e-01 1.971420000000000022e-18
1.607049999999999867e-01 2.084039999999999967e-18
1.722589999999999955e-01 2.199430000000000013e-18
1.846430000000000016e-01 2.318100000000000014e-18
1.979170000000000096e-01 2.440159999999999810e-18
2.121450000000000002e-01 2.566169999999999881e-18
2.273969999999999880e-01 2.696920000000000129e-18
2.437439999999999884e-01 2.833410000000000009e-18
2.612680000000000002e-01 2.976730000000000107e-18
2.800500000000000211e-01 3.127489999999999988e-18
3.001840000000000064e-01 3.288020000000000012e-18
3.217639999999999945e-01 3.459050000000000095e-18
3.448959999999999804e-01 3.641819999999999624e-18
3.696909999999999918e-01 3.837400000000000088e-18
3.962689999999999824e-01 4.047489999999999715e-18
4.247569999999999957e-01 4.272970000000000306e-18
4.552939999999999765e-01 4.515069999999999965e-18
4.880249999999999866e-01 4.777170000000000288e-18
5.231099999999999639e-01 5.055990000000000165e-18
5.607170000000000210e-01 5.355349999999999780e-18
6.010280000000000067e-01 5.676870000000000208e-18
6.442360000000000309e-01 6.019290000000000270e-18
6.905510000000000259e-01 6.392030000000000338e-18
7.401959999999999651e-01 6.793539999999999829e-18
7.934099999999999486e-01 7.226700000000000227e-18
8.504490000000000105e-01 7.694889999999999274e-18
9.115889999999999826e-01 8.201990000000000219e-18
9.771239999999999926e-01 8.747539999999999601e-18
1.047369999999999912e+00 9.346469999999999541e-18
1.122670000000000057e+00 9.999869999999999469e-18
1.203379999999999894e+00 1.071430000000000007e-17
1.289889999999999981e+00 1.149659999999999936e-17
1.382619999999999960e+00 1.235390000000000018e-17
1.482019999999999893e+00 1.329300000000000006e-17
1.588559999999999972e+00 1.431940000000000101e-17
1.702769999999999895e+00 1.543659999999999997e-17
1.825180000000000025e+00 1.664510000000000089e-17
1.956399999999999917e+00 1.794100000000000029e-17
2.097049999999999859e+00 1.933550000000000007e-17
2.247809999999999864e+00 2.077520000000000020e-17
2.409400000000000208e+00 2.225929999999999988e-17
2.582619999999999916e+00 2.376350000000000147e-17
2.768289999999999917e+00 2.526049999999999898e-17
2.967299999999999827e+00 2.672200000000000002e-17
3.180629999999999846e+00 2.812059999999999811e-17
3.409289999999999932e+00 2.943200000000000178e-17
3.654380000000000184e+00 3.063649999999999872e-17
3.917100000000000026e+00 3.171969999999999924e-17
4.198710000000000164e+00 3.267330000000000009e-17
4.500560000000000116e+00 3.349429999999999903e-17
4.824110000000000120e+00 3.418449999999999864e-17
5.170919999999999739e+00 3.474970000000000238e-17
5.542659999999999698e+00 3.519850000000000264e-17
5.941130000000000244e+00 3.553039999999999700e-17
6.368249999999999744e+00 3.577989999999999864e-17
6.826069999999999638e+00 3.594649999999999897e-17
7.316810000000000258e+00 3.604169999999999828e-17
7.842819999999999681e+00 3.607640000000000010e-17
8.406650000000000844e+00 3.606049999999999698e-17
9.011020000000000252e+00 3.600280000000000074e-17
9.658830000000000027e+00 3.590089999999999977e-17
1.035319999999999929e+01 3.578330000000000280e-17
1.109750000000000014e+01 3.564389999999999875e-17
1.189530000000000065e+01 3.548540000000000071e-17
1.275050000000000061e+01 3.531300000000000307e-17
1.366719999999999935e+01 3.513269999999999795e-17
1.464969999999999928e+01 3.494020000000000148e-17
1.570289999999999964e+01 3.473830000000000258e-17
1.683180000000000121e+01 3.453730000000000188e-17
1.804189999999999827e+01 3.434819999999999724e-17
1.933889999999999887e+01 3.413599999999999770e-17
2.072919999999999874e+01 3.390570000000000286e-17
2.221950000000000003e+01 3.368389999999999993e-17
2.381690000000000040e+01 3.345570000000000295e-17
2.552909999999999968e+01 3.321390000000000166e-17
2.736439999999999984e+01 3.296950000000000010e-17
2.933170000000000144e+01 3.271310000000000198e-17
3.144040000000000035e+01 3.244159999999999846e-17
3.370060000000000144e+01 3.213950000000000066e-17
3.612339999999999662e+01 3.182279999999999987e-17
3.872039999999999793e+01 3.147319999999999982e-17
4.150399999999999778e+01 3.107889999999999877e-17
4.448780000000000001e+01 3.063379999999999796e-17
4.768610000000000326e+01 3.012230000000000187e-17
5.111430000000000007e+01 2.952340000000000115e-17
5.478900000000000148e+01 2.883619999999999760e-17
5.872789999999999822e+01 2.804140000000000241e-17
6.294989999999999952e+01 2.712840000000000119e-17
6.747539999999999338e+01 2.609360000000000112e-17
7.232630000000000337e+01 2.494050000000000068e-17
7.752599999999999625e+01 2.366930000000000085e-17
8.309940000000000282e+01 2.232019999999999930e-17
8.907349999999999568e+01 2.090550000000000019e-17
9.547719999999999629e+01 1.944040000000000019e-17
1.023409999999999940e+02 1.798320000000000150e-17
1.096989999999999981e+02 1.654809999999999902e-17
1.175849999999999937e+02 1.516930000000000140e-17
1.260379999999999967e+02 1.384820000000000001e-17
1.350989999999999895e+02 1.260899999999999970e-17
1.448120000000000118e+02 1.145550000000000040e-17
1.552230000000000132e+02 1.040269999999999935e-17
1.663820000000000050e+02 9.444170000000000184e-18
1.783429999999999893e+02 8.573170000000000736e-18
1.911639999999999873e+02 7.792460000000000211e-18
2.049070000000000107e+02 7.091129999999999953e-18
2.196390000000000100e+02 6.474510000000000225e-18
2.354290000000000020e+02 5.908969999999999921e-18
2.523540000000000134e+02 5.394820000000000234e-18
2.704959999999999809e+02 4.940160000000000374e-18
2.899420000000000073e+02 4.531029999999999994e-18
3.107869999999999777e+02 4.167069999999999968e-18
3.331299999999999955e+02 3.832639999999999661e-18
3.570779999999999745e+02 3.533180000000000331e-18
3.827490000000000236e+02 3.257039999999999811e-18
4.102660000000000196e+02 3.003349999999999893e-18
4.397599999999999909e+02 2.773390000000000078e-18
4.713750000000000000e+02 2.562510000000000164e-18
5.052629999999999768e+02 2.368920000000000026e-18
5.415869999999999891e+02 2.191779999999999904e-18
5.805230000000000246e+02 2.027280000000000124e-18
6.222569999999999482e+02 1.873949999999999955e-18
6.669919999999999618e+02 1.733700000000000066e-18
7.149429999999999836e+02 1.603499999999999980e-18
7.663410000000000082e+02 1.483240000000000052e-18
8.214349999999999454e+02 1.372060000000000078e-18
8.804880000000000564e+02 1.268449999999999980e-18
9.437880000000000109e+02 1.172299999999999917e-18
1.011639999999999986e+03 1.081320000000000036e-18
1.084369999999999891e+03 9.985100000000000510e-19
1.162319999999999936e+03 9.242959999999999927e-19
1.245880000000000109e+03 8.521859999999999774e-19
1.335450000000000045e+03 7.831769999999999619e-19
1.431460000000000036e+03 7.233259999999999559e-19
1.534369999999999891e+03 6.654259999999999596e-19
1.644680000000000064e+03 6.099590000000000144e-19
1.762910000000000082e+03 5.615229999999999972e-19
1.889650000000000091e+03 5.147430000000000428e-19
2.025500000000000000e+03 4.719180000000000414e-19
2.171119999999999891e+03 4.318980000000000033e-19
2.327199999999999818e+03 3.955980000000000019e-19
2.494510000000000218e+03 3.614969999999999840e-19
2.673840000000000146e+03 3.300699999999999893e-19
2.866070000000000164e+03 3.004220000000000027e-19
3.072110000000000127e+03 2.735090000000000154e-19
3.292969999999999800e+03 2.487370000000000154e-19
3.529710000000000036e+03 2.261929999999999970e-19
3.783460000000000036e+03 2.049800000000000063e-19
4.055460000000000036e+03 1.853279999999999933e-19
4.347010000000000218e+03 1.674770000000000093e-19
4.659520000000000437e+03 1.511610000000000088e-19
4.994510000000000218e+03 1.362880000000000072e-19
5.353560000000000400e+03 1.226159999999999905e-19
5.738439999999999600e+03 1.099650000000000106e-19
6.150989999999999782e+03 9.834079999999999483e-20
6.593189999999999600e+03 8.790039999999999760e-20
7.067180000000000291e+03 7.835790000000000340e-20
7.575250000000000000e+03 6.969409999999999899e-20
-----------------------


C31 O2 Excitation 0.19 eV
COMMENT: generated by bolsig_convert.py
-----------------------
1.000000000000000021e-02 1.270389999999999943e-20
1.071889999999999996e-02 1.284249999999999993e-20
1.148949999999999971e-02 1.300209999999999950e-20
1.231550000000000006e-02 1.318620000000000024e-20
1.320089999999999979e-02 1.339890000000000053e-20
1.414989999999999998e-02 1.364479999999999992e-20
1.516720000000000047e-02 1.392979999999999915e-20
1.625760000000000052e-02 1.426049999999999939e-20
1.742629999999999874e-02 1.464499999999999928e-20
1.867910000000000056e-02 1.509330000000000094e-20
2.002200000000000160e-02 1.561700000000000061e-20
2.146139999999999853e-02 1.623049999999999919e-20
2.300429999999999836e-02 1.695149999999999893e-20
2.465809999999999877e-02 1.780150000000000007e-20
2.643080000000000082e-02 1.880390000000000031e-20
2.833099999999999855e-02 1.999849999999999994e-20
3.036770000000000094e-02 2.142370000000000136e-20
3.255090000000000067e-02 2.313229999999999891e-20
3.489099999999999840e-02 2.519089999999999905e-20
3.739939999999999931e-02 2.768510000000000118e-20
4.008810000000000151e-02 3.072470000000000247e-20
4.297000000000000125e-02 3.445199999999999876e-20
4.605920000000000153e-02 3.905309999999999844e-20
4.937049999999999772e-02 4.477300000000000122e-20
5.291980000000000295e-02 5.193449999999999895e-20
5.672429999999999833e-02 6.096780000000000455e-20
6.080220000000000069e-02 7.244729999999999419e-20
6.517340000000000633e-02 8.714249999999999439e-20
6.985879999999999868e-02 1.060849999999999997e-19
7.488100000000000311e-02 1.306530000000000079e-19
8.026429999999999676e-02 1.626809999999999916e-19
8.603470000000000562e-02 2.047119999999999984e-19
9.221980000000000455e-02 2.596599999999999823e-19
9.884959999999999580e-02 3.316320000000000085e-19
1.059559999999999946e-01 4.256360000000000207e-19
1.135729999999999934e-01 5.477859999999999832e-19
1.217379999999999990e-01 7.053690000000000328e-19
1.304899999999999949e-01 9.068219999999999115e-19
1.398709999999999953e-01 1.161690000000000018e-18
1.499270000000000047e-01 1.480549999999999991e-18
1.607049999999999867e-01 1.874880000000000072e-18
1.722589999999999955e-01 2.350730000000000125e-18
1.846430000000000016e-01 2.932989999999999983e-18
1.979170000000000096e-01 3.630350000000000100e-18
2.121450000000000002e-01 4.457999999999999698e-18
2.273969999999999880e-01 5.432380000000000209e-18
2.437439999999999884e-01 6.571620000000000012e-18
2.612680000000000002e-01 7.895580000000000322e-18
2.800500000000000211e-01 9.419559999999999820e-18
3.001840000000000064e-01 1.117970000000000069e-17
3.217639999999999945e-01 1.319840000000000058e-17
3.448959999999999804e-01 1.550649999999999988e-17
3.696909999999999918e-01 1.815109999999999889e-17
3.962689999999999824e-01 2.115030000000000062e-17
4.247569999999999957e-01 2.455439999999999932e-17
4.552939999999999765e-01 2.840980000000000116e-17
4.880249999999999866e-01 3.278010000000000016e-17
5.231099999999999639e-01 3.768899999999999721e-17
5.607170000000000210e-01 4.321440000000000018e-17
6.010280000000000067e-01 4.942060000000000033e-17
6.442360000000000309e-01 5.637729999999999660e-17
6.905510000000000259e-01 6.417410000000000429e-17
7.401959999999999651e-01 7.286740000000000101e-17
7.934099999999999486e-01 8.252949999999999831e-17
8.504490000000000105e-01 9.323009999999999513e-17
9.115889999999999826e-01 1.050320000000000001e-16
9.771239999999999926e-01 1.179249999999999884e-16
1.047369999999999912e+00 1.320699999999999944e-16
1.122670000000000057e+00 1.474189999999999950e-16
1.203379999999999894e+00 1.639530000000000088e-16
1.289889999999999981e+00 1.816130000000000088e-16
1.382619999999999960e+00 2.002920000000000063e-16
1.482019999999999893e+00 2.198250000000000024e-16
1.588559999999999972e+00 2.399839999999999766e-16
1.702769999999999895e+00 2.604739999999999900e-16
1.825180000000000025e+00 2.809410000000000029e-16
1.956399999999999917e+00 3.009770000000000094e-16
2.097049999999999859e+00 3.206379999999999851e-16
2.247809999999999864e+00 3.385239999999999961e-16
2.409400000000000208e+00 3.546859999999999815e-16
2.582619999999999916e+00 3.687739999999999946e-16
2.768289999999999917e+00 3.805230000000000205e-16
2.967299999999999827e+00 3.897789999999999780e-16
3.180629999999999846e+00 3.965020000000000184e-16
3.409289999999999932e+00 4.007639999999999977e-16
3.654380000000000184e+00 4.027290000000000208e-16
3.917100000000000026e+00 4.026349999999999842e-16
4.198710000000000164e+00 4.007670000000000000e-16
4.500560000000000116e+00 3.974320000000000158e-16
4.824110000000000120e+00 3.929339999999999770e-16
5.170919999999999739e+00 3.875640000000000002e-16
5.542659999999999698e+00 3.815820000000000146e-16
5.941130000000000244e+00 3.751250000000000065e-16
6.368249999999999744e+00 3.685789999999999984e-16
6.826069999999999638e+00 3.619919999999999763e-16
7.316810000000000258e+00 3.554839999999999798e-16
7.842819999999999681e+00 3.491459999999999940e-16
8.406650000000000844e+00 3.430449999999999862e-16
9.011020000000000252e+00 3.372250000000000218e-16
9.658830000000000027e+00 3.316419999999999861e-16
1.035319999999999929e+01 3.264659999999999883e-16
1.109750000000000014e+01 3.216150000000000008e-16
1.189530000000000065e+01 3.171660000000000147e-16
1.275050000000000061e+01 3.128770000000000154e-16
1.366719999999999935e+01 3.088400000000000052e-16
1.464969999999999928e+01 3.053150000000000121e-16
1.570289999999999964e+01 3.014050000000000136e-16
1.683180000000000121e+01 2.982750000000000002e-16
1.804189999999999827e+01 2.954370000000000219e-16
1.933889999999999887e+01 2.926619999999999916e-16
2.072919999999999874e+01 2.900429999999999781e-16
2.221950000000000003e+01 2.875240000000000056e-16
2.381690000000000040e+01 2.850969999999999861e-16
2.552909999999999968e+01 2.827049999999999760e-16
2.736439999999999984e+01 2.803680000000000230e-16
2.933170000000000144e+01 2.780229999999999819e-16
3.144040000000000035e+01 2.756259999999999846e-16
3.370060000000000144e+01 2.730670000000000154e-16
3.612339999999999662e+01 2.703959999999999963e-16
3.872039999999999793e+01 2.674800000000000096e-16
4.150399999999999778e+01 2.641659999999999917e-16
4.448780000000000001e+01 2.604700000000000200e-16
4.768610000000000326e+01 2.562079999999999913e-16
5.111430000000000007e+01 2.512190000000000004e-16
5.478900000000000148e+01 2.454320000000000111e-16
5.872789999999999822e+01 2.387060000000000177e-16
6.294989999999999952e+01 2.308289999999999787e-16
6.747539999999999338e+01 2.220119999999999924e-16
7.232630000000000337e+01 2.121570000000000029e-16
7.752599999999999625e+01 2.012889999999999957e-16
8.309940000000000282e+01 1.897139999999999999e-16
8.907349999999999568e+01 1.775629999999999973e-16
9.547719999999999629e+01 1.649420000000000087e-16
1.023409999999999940e+02 1.524169999999999926e-16
1.096989999999999981e+02 1.400800000000000003e-16
1.175849999999999937e+02 1.282199999999999910e-16
1.260379999999999967e+02 1.168729999999999913e-16
1.350989999999999895e+02 1.062359999999999946e-16
1.448120000000000118e+02 9.634359999999999632e-17
1.552230000000000132e+02 8.732359999999999963e-17
1.663820000000000050e+02 7.912180000000000064e-17
1.783429999999999893e+02 7.166280000000000359e-17
1.911639999999999873e+02 6.500499999999999576e-17
2.049070000000000107e+02 5.903380000000000091e-17
2.196390000000000100e+02 5.379520000000000169e-17
2.354290000000000020e+02 4.899740000000000092e-17
2.523540000000000134e+02 4.464309999999999936e-17
2.704959999999999809e+02 4.080259999999999888e-17
2.899420000000000073e+02 3.735440000000000209e-17
3.107869999999999777e+02 3.428960000000000280e-17
3.331299999999999955e+02 3.148490000000000108e-17
3.570779999999999745e+02 2.897889999999999916e-17
3.827490000000000236e+02 2.667419999999999940e-17
4.102660000000000196e+02 2.455939999999999891e-17
4.397599999999999909e+02 2.264949999999999954e-17
4.713750000000000000e+02 2.089969999999999981e-17
5.052629999999999768e+02 1.929930000000000022e-17
5.415869999999999891e+02 1.783849999999999949e-17
5.805230000000000246e+02 1.648399999999999949e-17
6.222569999999999482e+02 1.522250000000000047e-17
6.669919999999999618e+02 1.407200000000000031e-17
7.149429999999999836e+02 1.300520000000000072e-17
7.663410000000000082e+02 1.202180000000000023e-17
8.214349999999999454e+02 1.111309999999999982e-17
8.804880000000000564e+02 1.026820000000000057e-17
9.437880000000000109e+02 9.485559999999999314e-18
1.011639999999999986e+03 8.743809999999999390e-18
1.084369999999999891e+03 8.070889999999999430e-18
1.162319999999999936e+03 7.468430000000000249e-18
1.245880000000000109e+03 6.883429999999999895e-18
1.335450000000000045e+03 6.324360000000000296e-18
1.431460000000000036e+03 5.838839999999999817e-18
1.534369999999999891e+03 5.370099999999999644e-18
1.644680000000000064e+03 4.921079999999999702e-18
1.762910000000000082e+03 4.528920000000000088e-18
1.889650000000000091e+03 4.151340000000000130e-18
2.025500000000000000e+03 3.805309999999999822e-18
2.171119999999999891e+03 3.481969999999999661e-18
2.327199999999999818e+03 3.188020000000000159e-18
2.494510000000000218e+03 2.912960000000000098e-18
2.673840000000000146e+03 2.659609999999999825e-18
2.866070000000000164e+03 2.420919999999999826e-18
3.072110000000000127e+03 2.203809999999999908e-18
3.292969999999999800e+03 2.004050000000000133e-18
3.529710000000000036e+03 1.821989999999999886e-18
3.783460000000000036e+03 1.651010000000000046e-18
4.055460000000000036e+03 1.492830000000000052e-18
4.347010000000000218e+03 1.349070000000000018e-18
4.659520000000000437e+03 1.217590000000000044e-18
4.994510000000000218e+03 1.097809999999999977e-18
5.353560000000000400e+03 9.876560000000000546e-19
5.738439999999999600e+03 8.856669999999999651e-19
6.150989999999999782e+03 7.920039999999999767e-19
6.593189999999999600e+03 7.078820000000000286e-19
7.067180000000000291e+03 6.309730000000000398e-19
7.575250000000000000e+03 5.612269999999999604e-19
-----------------------


C32 O2 Excitation 0.19 eV
COMMENT: generated by bolsig_convert.py
-----------------------
1.000000000000000021e-02 0.000000000000000000e+00
1.071889999999999996e-02 0.000000000000000000e+00
1.148949999999999971e-02 0.000000000000000000e+00
1.231550000000000006e-02 0.000000000000000000e+00
1.320089999999999979e-02 0.000000000000000000e+00
1.414989999999999998e-02 0.000000000000000000e+00
1.516720000000000047e-02 0.000000000000000000e+00
1.625760000000000052e-02 0.000000000000000000e+00
1.742629999999999874e-02 0.000000000000000000e+00
1.867910000000000056e-02 0.000000000000000000e+00
2.002200000000000160e-02 0.000000000000000000e+00
2.146139999999999853e-02 0.000000000000000000e+00
2.300429999999999836e-02 0.000000000000000000e+00
2.465809999999999877e-02 0.000000000000000000e+00
2.643080000000000082e-02 0.000000000000000000e+00
2.833099999999999855e-02 0.000000000000000000e+00
3.036770000000000094e-02 0.000000000000000000e+00
3.255090000000000067e-02 0.000000000000000000e+00
3.489099999999999840e-02 0.000000000000000000e+00
3.739939999999999931e-02 0.000000000000000000e+00
4.008810000000000151e-02 0.000000000000000000e+00
4.297000000000000125e-02 0.000000000000000000e+00
4.605920000000000153e-02 0.000000000000000000e+00
4.937049999999999772e-02 0.000000000000000000e+00
5.291980000000000295e-02 0.000000000000000000e+00
5.672429999999999833e-02 0.000000000000000000e+00
6.080220000000000069e-02 0.000000000000000000e+00
6.517340000000000633e-02 0.000000000000000000e+00
6.985879999999999868e-02 0.000000000000000000e+00
7.488100000000000311e-02 0.000000000000000000e+00
8.026429999999999676e-02 0.000000000000000000e+00
8.603470000000000562e-02 0.000000000000000000e+00
9.221980000000000455e-02 0.000000000000000000e+00
9.884959999999999580e-02 0.000000000000000000e+00
1.059559999999999946e-01 0.000000000000000000e+00
1.135729999999999934e-01 0.000000000000000000e+00
1.217379999999999990e-01 0.000000000000000000e+00
1.304899999999999949e-01 0.000000000000000000e+00
1.398709999999999953e-01 0.000000000000000000e+00
1.499270000000000047e-01 0.000000000000000000e+00
1.607049999999999867e-01 0.000000000000000000e+00
1.722589999999999955e-01 0.000000000000000000e+00
1.846430000000000016e-01 0.000000000000000000e+00
1.979170000000000096e-01 0.000000000000000000e+00
2.121450000000000002e-01 0.000000000000000000e+00
2.273969999999999880e-01 0.000000000000000000e+00
2.437439999999999884e-01 0.000000000000000000e+00
2.612680000000000002e-01 0.000000000000000000e+00
2.800500000000000211e-01 0.000000000000000000e+00
3.001840000000000064e-01 0.000000000000000000e+00
3.217639999999999945e-01 0.000000000000000000e+00
3.448959999999999804e-01 0.000000000000000000e+00
3.696909999999999918e-01 0.000000000000000000e+00
3.962689999999999824e-01 0.000000000000000000e+00
4.247569999999999957e-01 0.000000000000000000e+00
4.552939999999999765e-01 0.000000000000000000e+00
4.880249999999999866e-01 0.000000000000000000e+00
5.231099999999999639e-01 0.000000000000000000e+00
5.607170000000000210e-01 0.000000000000000000e+00
6.010280000000000067e-01 0.000000000000000000e+00
6.442360000000000309e-01 0.000000000000000000e+00
6.905510000000000259e-01 0.000000000000000000e+00
7.401959999999999651e-01 0.000000000000000000e+00
7.934099999999999486e-01 0.000000000000000000e+00
8.504490000000000105e-01 0.000000000000000000e+00
9.115889999999999826e-01 0.000000000000000000e+00
9.771239999999999926e-01 0.000000000000000000e+00
1.047369999999999912e+00 0.000000000000000000e+00
1.122670000000000057e+00 0.000000000000000000e+00
1.203379999999999894e+00 0.000000000000000000e+00
1.289889999999999981e+00 0.000000000000000000e+00
1.382619999999999960e+00 0.000000000000000000e+00
1.482019999999999893e+00 0.000000000000000000e+00
1.588559999999999972e+00 0.000000000000000000e+00
1.702769999999999895e+00 0.000000000000000000e+00
1.825180000000000025e+00 0.000000000000000000e+00
1.956399999999999917e+00 0.000000000000000000e+00
2.097049999999999859e+00 0.000000000000000000e+00
2.247809999999999864e+00 0.000000000000000000e+00
2.409400000000000208e+00 0.000000000000000000e+00
2.582619999999999916e+00 0.000000000000000000e+00
2.768289999999999917e+00 0.000000000000000000e+00
2.967299999999999827e+00 0.000000000000000000e+00
3.180629999999999846e+00 0.000000000000000000e+00
3.409289999999999932e+00 0.000000000000000000e+00
3.654380000000000184e+00 0.000000000000000000e+00
3.917100000000000026e+00 0.000000000000000000e+00
4.198710000000000164e+00 0.000000000000000000e+00
4.500560000000000116e+00 0.000000000000000000e+00
4.824110000000000120e+00 0.000000000000000000e+00
5.170919999999999739e+00 0.000000000000000000e+00
5.542659999999999698e+00 0.000000000000000000e+00
5.941130000000000244e+00 0.000000000000000000e+00
6.368249999999999744e+00 0.000000000000000000e+00
6.826069999999999638e+00 0.000000000000000000e+00
7.316810000000000258e+00 0.000000000000000000e+00
7.842819999999999681e+00 0.000000000000000000e+00
8.406650000000000844e+00 0.000000000000000000e+00
9.011020000000000252e+00 0.000000000000000000e+00
9.658830000000000027e+00 0.000000000000000000e+00
1.035319999999999929e+01 0.000000000000000000e+00
1.109750000000000014e+01 0.000000000000000000e+00
1.189530000000000065e+01 0.000000000000000000e+00
1.275050000000000061e+01 8.113579999999999977e-26
1.366719999999999935e+01 1.174270000000000082e-24
1.464969999999999928e+01 5.584960000000000056e-24
1.570289999999999964e+01 2.334059999999999912e-23
1.683180000000000121e+01 8.584170000000000206e-23
1.804189999999999827e+01 3.039840000000000062e-22
1.933889999999999887e+01 9.513459999999999428e-22
2.072919999999999874e+01 2.904920000000000137e-21
2.221950000000000003e+01 7.879489999999999420e-21
2.381690000000000040e+01 2.009910000000000104e-20
2.552909999999999968e+01 4.913170000000000061e-20
2.736439999999999984e+01 1.115099999999999993e-19
2.933170000000000144e+01 2.404670000000000202e-19
3.144040000000000035e+01 4.941290000000000306e-19
3.370060000000000144e+01 9.918800000000000331e-19
3.612339999999999662e+01 1.860210000000000057e-18
3.872039999999999793e+01 3.351969999999999968e-18
4.150399999999999778e+01 5.841620000000000044e-18
4.448780000000000001e+01 9.767010000000000232e-18
4.768610000000000326e+01 1.578620000000000002e-17
5.111430000000000007e+01 2.478480000000000081e-17
5.478900000000000148e+01 3.756699999999999740e-17
5.872789999999999822e+01 5.526799999999999897e-17
6.294989999999999952e+01 7.953660000000000247e-17
6.747539999999999338e+01 1.104189999999999977e-16
7.232630000000000337e+01 1.492319999999999960e-16
7.752599999999999625e+01 1.964129999999999979e-16
8.309940000000000282e+01 2.522889999999999862e-16
8.907349999999999568e+01 3.164729999999999954e-16
9.547719999999999629e+01 3.886879999999999766e-16
1.023409999999999940e+02 4.667540000000000110e-16
1.096989999999999981e+02 5.497539999999999792e-16
1.175849999999999937e+02 6.361939999999999599e-16
1.260379999999999967e+02 7.242769999999999556e-16
1.350989999999999895e+02 8.125849999999999699e-16
1.448120000000000118e+02 8.994439999999999481e-16
1.552230000000000132e+02 9.842849999999999791e-16
1.663820000000000050e+02 1.065800000000000082e-15
1.783429999999999893e+02 1.143809999999999943e-15
1.911639999999999873e+02 1.216349999999999935e-15
2.049070000000000107e+02 1.283679999999999986e-15
2.196390000000000100e+02 1.344580000000000048e-15
2.354290000000000020e+02 1.400569999999999998e-15
2.523540000000000134e+02 1.451309999999999911e-15
2.704959999999999809e+02 1.495060000000000080e-15
2.899420000000000073e+02 1.532639999999999992e-15
3.107869999999999777e+02 1.563609999999999981e-15
3.331299999999999955e+02 1.588939999999999941e-15
3.570779999999999745e+02 1.607909999999999931e-15
3.827490000000000236e+02 1.621270000000000014e-15
4.102660000000000196e+02 1.629010000000000018e-15
4.397599999999999909e+02 1.630889999999999962e-15
4.713750000000000000e+02 1.627339999999999934e-15
5.052629999999999768e+02 1.618550000000000041e-15
5.415869999999999891e+02 1.604770000000000042e-15
5.805230000000000246e+02 1.586229999999999942e-15
6.222569999999999482e+02 1.563389999999999950e-15
6.669919999999999618e+02 1.536149999999999925e-15
7.149429999999999836e+02 1.505079999999999994e-15
7.663410000000000082e+02 1.470360000000000092e-15
8.214349999999999454e+02 1.432520000000000053e-15
8.804880000000000564e+02 1.391640000000000068e-15
9.437880000000000109e+02 1.348210000000000070e-15
1.011639999999999986e+03 1.302909999999999906e-15
1.084369999999999891e+03 1.255359999999999952e-15
1.162319999999999936e+03 1.206010000000000047e-15
1.245880000000000109e+03 1.155819999999999916e-15
1.335450000000000045e+03 1.104990000000000034e-15
1.431460000000000036e+03 1.053500000000000060e-15
1.534369999999999891e+03 1.001669999999999965e-15
1.644680000000000064e+03 9.499680000000000962e-16
1.762910000000000082e+03 8.985890000000000555e-16
1.889650000000000091e+03 8.478030000000000424e-16
2.025500000000000000e+03 7.977609999999999877e-16
2.171119999999999891e+03 7.488680000000000430e-16
2.327199999999999818e+03 7.012769999999999763e-16
2.494510000000000218e+03 6.548279999999999980e-16
2.673840000000000146e+03 6.098929999999999887e-16
2.866070000000000164e+03 5.665929999999999556e-16
3.072110000000000127e+03 5.252580000000000442e-16
3.292969999999999800e+03 4.854859999999999572e-16
3.529710000000000036e+03 4.475849999999999553e-16
3.783460000000000036e+03 4.116469999999999914e-16
4.055460000000000036e+03 3.775809999999999817e-16
4.347010000000000218e+03 3.454799999999999952e-16
4.659520000000000437e+03 3.151919999999999850e-16
4.994510000000000218e+03 2.869300000000000101e-16
5.353560000000000400e+03 2.603870000000000243e-16
5.738439999999999600e+03 2.356329999999999972e-16
6.150989999999999782e+03 2.126489999999999968e-16
6.593189999999999600e+03 1.914050000000000011e-16
7.067180000000000291e+03 1.716359999999999948e-16
7.575250000000000000e+03 1.534500000000000086e-16
-----------------------


C33 O2 Excitation 0.38 eV
COMMENT: generated by bolsig_convert.py
-----------------------
1.000000000000000021e-02 4.996719999999999775e-25
1.071889999999999996e-02 5.051589999999999720e-25
1.148949999999999971e-02 5.114839999999999771e-25
1.231550000000000006e-02 5.187839999999999564e-25
1.320089999999999979e-02 5.272200000000000317e-25
1.414989999999999998e-02 5.369860000000000022e-25
1.516720000000000047e-02 5.483120000000000418e-25
1.625760000000000052e-02 5.614719999999999862e-25
1.742629999999999874e-02 5.767960000000000089e-25
1.867910000000000056e-02 5.946860000000000225e-25
2.002200000000000160e-02 6.156290000000000358e-25
2.146139999999999853e-02 6.402219999999999928e-25
2.300429999999999836e-02 6.691989999999999851e-25
2.465809999999999877e-02 7.034750000000000056e-25
2.643080000000000082e-02 7.759989999999999582e-25
2.833099999999999855e-02 8.271540000000000109e-25
3.036770000000000094e-02 8.885639999999999564e-25
3.255090000000000067e-02 9.627250000000000522e-25
3.489099999999999840e-02 1.052859999999999939e-24
3.739939999999999931e-02 1.163190000000000077e-24
4.008810000000000151e-02 1.299269999999999912e-24
4.297000000000000125e-02 1.468509999999999910e-24
4.605920000000000153e-02 1.680939999999999851e-24
4.937049999999999772e-02 1.950190000000000053e-24
5.291980000000000295e-02 2.295020000000000169e-24
5.672429999999999833e-02 2.741539999999999970e-24
6.080220000000000069e-02 3.326429999999999756e-24
6.517340000000000633e-02 4.101670000000000243e-24
6.985879999999999868e-02 5.141399999999999953e-24
7.488100000000000311e-02 6.551920000000000331e-24
8.026429999999999676e-02 8.485899999999999391e-24
8.603470000000000562e-02 1.123859999999999995e-23
9.221980000000000455e-02 1.500269999999999857e-23
9.884959999999999580e-02 2.028239999999999914e-23
1.059559999999999946e-01 2.771229999999999712e-23
1.135729999999999934e-01 3.818029999999999760e-23
1.217379999999999990e-01 5.292089999999999903e-23
1.304899999999999949e-01 7.364350000000000078e-23
1.398709999999999953e-01 1.027259999999999982e-22
1.499270000000000047e-01 1.435190000000000019e-22
1.607049999999999867e-01 2.008429999999999888e-22
1.722589999999999955e-01 2.837010000000000146e-22
1.846430000000000016e-01 3.999619999999999832e-22
1.979170000000000096e-01 5.682580000000000195e-22
2.121450000000000002e-01 8.161100000000000429e-22
2.273969999999999880e-01 1.187730000000000090e-21
2.437439999999999884e-01 1.754040000000000122e-21
2.612680000000000002e-01 2.627770000000000088e-21
2.800500000000000211e-01 3.932680000000000034e-21
3.001840000000000064e-01 6.020539999999999692e-21
3.217639999999999945e-01 9.268509999999999536e-21
3.448959999999999804e-01 1.429270000000000068e-20
3.696909999999999918e-01 2.231230000000000118e-20
3.962689999999999824e-01 3.415200000000000083e-20
4.247569999999999957e-01 5.191670000000000158e-20
4.552939999999999765e-01 7.826140000000000068e-20
4.880249999999999866e-01 1.161479999999999934e-19
5.231099999999999639e-01 1.718719999999999963e-19
5.607170000000000210e-01 2.516699999999999867e-19
6.010280000000000067e-01 3.646160000000000076e-19
6.442360000000000309e-01 5.258039999999999988e-19
6.905510000000000259e-01 7.451039999999999605e-19
7.401959999999999651e-01 1.045030000000000016e-18
7.934099999999999486e-01 1.450740000000000032e-18
8.504490000000000105e-01 1.993550000000000073e-18
9.115889999999999826e-01 2.711669999999999993e-18
9.771239999999999926e-01 3.632499999999999738e-18
1.047369999999999912e+00 4.841059999999999877e-18
1.122670000000000057e+00 6.383990000000000340e-18
1.203379999999999894e+00 8.327989999999999395e-18
1.289889999999999981e+00 1.074319999999999997e-17
1.382619999999999960e+00 1.369939999999999969e-17
1.482019999999999893e+00 1.726030000000000052e-17
1.588559999999999972e+00 2.147710000000000107e-17
1.702769999999999895e+00 2.638020000000000081e-17
1.825180000000000025e+00 3.197160000000000019e-17
1.956399999999999917e+00 3.821799999999999801e-17
2.097049999999999859e+00 4.515360000000000293e-17
2.247809999999999864e+00 5.246440000000000257e-17
2.409400000000000208e+00 6.009610000000000488e-17
2.582619999999999916e+00 6.787370000000000578e-17
2.768289999999999917e+00 7.560920000000000595e-17
2.967299999999999827e+00 8.311620000000000151e-17
3.180629999999999846e+00 9.022469999999999416e-17
3.409289999999999932e+00 9.679280000000000468e-17
3.654380000000000184e+00 1.027149999999999962e-16
3.917100000000000026e+00 1.079240000000000060e-16
4.198710000000000164e+00 1.123929999999999904e-16
4.500560000000000116e+00 1.161279999999999910e-16
4.824110000000000120e+00 1.191590000000000051e-16
5.170919999999999739e+00 1.215409999999999914e-16
5.542659999999999698e+00 1.233379999999999888e-16
5.941130000000000244e+00 1.246120000000000022e-16
6.368249999999999744e+00 1.254539999999999920e-16
6.826069999999999638e+00 1.259240000000000026e-16
7.316810000000000258e+00 1.260880000000000089e-16
7.842819999999999681e+00 1.260030000000000035e-16
8.406650000000000844e+00 1.257209999999999922e-16
9.011020000000000252e+00 1.252859999999999911e-16
9.658830000000000027e+00 1.246659999999999928e-16
1.035319999999999929e+01 1.240369999999999880e-16
1.109750000000000014e+01 1.233460000000000030e-16
1.189530000000000065e+01 1.225940000000000057e-16
1.275050000000000061e+01 1.218309999999999921e-16
1.366719999999999935e+01 1.210410000000000079e-16
1.464969999999999928e+01 1.202909999999999957e-16
1.570289999999999964e+01 1.194260000000000053e-16
1.683180000000000121e+01 1.186380000000000061e-16
1.804189999999999827e+01 1.179100000000000020e-16
1.933889999999999887e+01 1.171150000000000058e-16
2.072919999999999874e+01 1.162889999999999950e-16
2.221950000000000003e+01 1.154890000000000116e-16
2.381690000000000040e+01 1.146790000000000043e-16
2.552909999999999968e+01 1.138099999999999945e-16
2.736439999999999984e+01 1.129640000000000100e-16
2.933170000000000144e+01 1.120840000000000085e-16
3.144040000000000035e+01 1.111559999999999962e-16
3.370060000000000144e+01 1.101480000000000028e-16
3.612339999999999662e+01 1.090680000000000054e-16
3.872039999999999793e+01 1.078750000000000026e-16
4.150399999999999778e+01 1.065189999999999984e-16
4.448780000000000001e+01 1.049959999999999981e-16
4.768610000000000326e+01 1.032409999999999948e-16
5.111430000000000007e+01 1.011810000000000042e-16
5.478900000000000148e+01 9.881550000000000548e-17
5.872789999999999822e+01 9.607679999999999709e-17
6.294989999999999952e+01 9.291619999999999559e-17
6.747539999999999338e+01 8.934710000000000431e-17
7.232630000000000337e+01 8.536900000000000235e-17
7.752599999999999625e+01 8.097769999999999398e-17
8.309940000000000282e+01 7.632580000000000412e-17
8.907349999999999568e+01 7.144869999999999484e-17
9.547719999999999629e+01 6.639079999999999651e-17
1.023409999999999940e+02 6.137300000000000153e-17
1.096989999999999981e+02 5.643349999999999789e-17
1.175849999999999937e+02 5.169449999999999868e-17
1.260379999999999967e+02 4.715249999999999928e-17
1.350989999999999895e+02 4.289489999999999814e-17
1.448120000000000118e+02 3.893529999999999958e-17
1.552230000000000132e+02 3.532319999999999706e-17
1.663820000000000050e+02 3.203739999999999872e-17
1.783429999999999893e+02 2.905070000000000212e-17
1.911639999999999873e+02 2.637989999999999935e-17
2.049070000000000107e+02 2.398270000000000105e-17
2.196390000000000100e+02 2.187680000000000057e-17
2.354290000000000020e+02 1.994760000000000008e-17
2.523540000000000134e+02 1.819610000000000135e-17
2.704959999999999809e+02 1.664830000000000100e-17
2.899420000000000073e+02 1.525700000000000132e-17
3.107869999999999777e+02 1.402019999999999878e-17
3.331299999999999955e+02 1.288549999999999973e-17
3.570779999999999745e+02 1.187050000000000012e-17
3.827490000000000236e+02 1.093569999999999952e-17
4.102660000000000196e+02 1.007729999999999953e-17
4.397599999999999909e+02 9.300609999999999386e-18
4.713750000000000000e+02 8.588030000000000054e-18
5.052629999999999768e+02 7.935549999999999348e-18
5.415869999999999891e+02 7.339740000000000050e-18
5.805230000000000246e+02 6.786170000000000153e-18
6.222569999999999482e+02 6.270220000000000213e-18
6.669919999999999618e+02 5.799040000000000229e-18
7.149429999999999836e+02 5.361819999999999716e-18
7.663410000000000082e+02 4.958350000000000275e-18
8.214349999999999454e+02 4.585350000000000026e-18
8.804880000000000564e+02 4.238150000000000055e-18
9.437880000000000109e+02 3.916239999999999740e-18
1.011639999999999986e+03 3.611360000000000172e-18
1.084369999999999891e+03 3.334250000000000189e-18
1.162319999999999936e+03 3.086040000000000105e-18
1.245880000000000109e+03 2.844890000000000044e-18
1.335450000000000045e+03 2.614210000000000051e-18
1.431460000000000036e+03 2.414089999999999994e-18
1.534369999999999891e+03 2.220629999999999947e-18
1.644680000000000064e+03 2.035399999999999970e-18
1.762910000000000082e+03 1.873389999999999859e-18
1.889650000000000091e+03 1.717360000000000082e-18
2.025500000000000000e+03 1.574380000000000015e-18
2.171119999999999891e+03 1.440800000000000068e-18
2.327199999999999818e+03 1.319460000000000065e-18
2.494510000000000218e+03 1.205680000000000005e-18
2.673840000000000146e+03 1.100829999999999943e-18
2.866070000000000164e+03 1.002049999999999995e-18
3.072110000000000127e+03 9.123259999999999709e-19
3.292969999999999800e+03 8.296540000000000229e-19
3.529710000000000036e+03 7.543400000000000244e-19
3.783460000000000036e+03 6.835289999999999626e-19
4.055460000000000036e+03 6.180009999999999982e-19
4.347010000000000218e+03 5.584849999999999599e-19
4.659520000000000437e+03 5.040670000000000080e-19
4.994510000000000218e+03 4.544729999999999582e-19
5.353560000000000400e+03 4.089019999999999833e-19
5.738439999999999600e+03 3.667130000000000011e-19
6.150989999999999782e+03 3.279389999999999831e-19
6.593189999999999600e+03 2.931200000000000145e-19
7.067180000000000291e+03 2.612799999999999975e-19
7.575250000000000000e+03 2.323920000000000169e-19
-----------------------


C34 O2 Excitation 0.38 eV
COMMENT: generated by bolsig_convert.py
-----------------------
1.000000000000000021e-02 0.000000000000000000e+00
1.071889999999999996e-02 0.000000000000000000e+00
1.148949999999999971e-02 0.000000000000000000e+00
1.231550000000000006e-02 0.000000000000000000e+00
1.320089999999999979e-02 0.000000000000000000e+00
1.414989999999999998e-02 0.000000000000000000e+00
1.516720000000000047e-02 0.000000000000000000e+00
1.625760000000000052e-02 0.000000000000000000e+00
1.742629999999999874e-02 0.000000000000000000e+00
1.867910000000000056e-02 0.000000000000000000e+00
2.002200000000000160e-02 0.000000000000000000e+00
2.146139999999999853e-02 0.000000000000000000e+00
2.300429999999999836e-02 0.000000000000000000e+00
2.465809999999999877e-02 0.000000000000000000e+00
2.643080000000000082e-02 0.000000000000000000e+00
2.833099999999999855e-02 0.000000000000000000e+00
3.036770000000000094e-02 0.000000000000000000e+00
3.255090000000000067e-02 0.000000000000000000e+00
3.489099999999999840e-02 0.000000000000000000e+00
3.739939999999999931e-02 0.000000000000000000e+00
4.008810000000000151e-02 0.000000000000000000e+00
4.297000000000000125e-02 0.000000000000000000e+00
4.605920000000000153e-02 0.000000000000000000e+00
4.937049999999999772e-02 0.000000000000000000e+00
5.291980000000000295e-02 0.000000000000000000e+00
5.672429999999999833e-02 0.000000000000000000e+00
6.080220000000000069e-02 0.000000000000000000e+00
6.517340000000000633e-02 0.000000000000000000e+00
6.985879999999999868e-02 0.000000000000000000e+00
7.488100000000000311e-02 0.000000000000000000e+00
8.026429999999999676e-02 0.000000000000000000e+00
8.603470000000000562e-02 0.000000000000000000e+00
9.221980000000000455e-02 0.000000000000000000e+00
9.884959999999999580e-02 0.000000000000000000e+00
1.059559999999999946e-01 0.000000000000000000e+00
1.135729999999999934e-01 0.000000000000000000e+00
1.217379999999999990e-01 0.000000000000000000e+00
1.304899999999999949e-01 0.000000000000000000e+00
1.398709999999999953e-01 0.000000000000000000e+00
1.499270000000000047e-01 0.000000000000000000e+00
1.607049999999999867e-01 0.000000000000000000e+00
1.722589999999999955e-01 0.000000000000000000e+00
1.846430000000000016e-01 0.000000000000000000e+00
1.979170000000000096e-01 0.000000000000000000e+00
2.121450000000000002e-01 0.000000000000000000e+00
2.273969999999999880e-01 0.000000000000000000e+00
2.437439999999999884e-01 0.000000000000000000e+00
2.612680000000000002e-01 0.000000000000000000e+00
2.800500000000000211e-01 0.000000000000000000e+00
3.001840000000000064e-01 0.000000000000000000e+00
3.217639999999999945e-01 0.000000000000000000e+00
3.448959999999999804e-01 0.000000000000000000e+00
3.696909999999999918e-01 0.000000000000000000e+00
3.962689999999999824e-01 0.000000000000000000e+00
4.247569999999999957e-01 0.000000000000000000e+00
4.552939999999999765e-01 0.000000000000000000e+00
4.880249999999999866e-01 0.000000000000000000e+00
5.231099999999999639e-01 0.000000000000000000e+00
5.607170000000000210e-01 0.000000000000000000e+00
6.010280000000000067e-01 0.000000000000000000e+00
6.442360000000000309e-01 0.000000000000000000e+00
6.905510000000000259e-01 0.000000000000000000e+00
7.401959999999999651e-01 0.000000000000000000e+00
7.934099999999999486e-01 0.000000000000000000e+00
8.504490000000000105e-01 0.000000000000000000e+00
9.115889999999999826e-01 0.000000000000000000e+00
9.771239999999999926e-01 0.000000000000000000e+00
1.047369999999999912e+00 0.000000000000000000e+00
1.122670000000000057e+00 0.000000000000000000e+00
1.203379999999999894e+00 0.000000000000000000e+00
1.289889999999999981e+00 0.000000000000000000e+00
1.382619999999999960e+00 0.000000000000000000e+00
1.482019999999999893e+00 0.000000000000000000e+00
1.588559999999999972e+00 0.000000000000000000e+00
1.702769999999999895e+00 0.000000000000000000e+00
1.825180000000000025e+00 0.000000000000000000e+00
1.956399999999999917e+00 0.000000000000000000e+00
2.097049999999999859e+00 0.000000000000000000e+00
2.247809999999999864e+00 0.000000000000000000e+00
2.409400000000000208e+00 0.000000000000000000e+00
2.582619999999999916e+00 0.000000000000000000e+00
2.768289999999999917e+00 0.000000000000000000e+00
2.967299999999999827e+00 0.000000000000000000e+00
3.180629999999999846e+00 0.000000000000000000e+00
3.409289999999999932e+00 0.000000000000000000e+00
3.654380000000000184e+00 0.000000000000000000e+00
3.917100000000000026e+00 0.000000000000000000e+00
4.198710000000000164e+00 0.000000000000000000e+00
4.500560000000000116e+00 0.000000000000000000e+00
4.824110000000000120e+00 0.000000000000000000e+00
5.170919999999999739e+00 0.000000000000000000e+00
5.542659999999999698e+00 0.000000000000000000e+00
5.941130000000000244e+00 0.000000000000000000e+00
6.368249999999999744e+00 0.000000000000000000e+00
6.826069999999999638e+00 0.000000000000000000e+00
7.316810000000000258e+00 0.000000000000000000e+00
7.842819999999999681e+00 0.000000000000000000e+00
8.406650000000000844e+00 0.000000000000000000e+00
9.011020000000000252e+00 0.000000000000000000e+00
9.658830000000000027e+00 0.000000000000000000e+00
1.035319999999999929e+01 0.000000000000000000e+00
1.109750000000000014e+01 0.000000000000000000e+00
1.189530000000000065e+01 0.000000000000000000e+00
1.275050000000000061e+01 5.226970000000000500e-26
1.366719999999999935e+01 5.765550000000000344e-25
1.464969999999999928e+01 2.691549999999999864e-24
1.570289999999999964e+01 1.117870000000000058e-23
1.683180000000000121e+01 4.072180000000000023e-23
1.804189999999999827e+01 1.429880000000000088e-22
1.933889999999999887e+01 4.440039999999999720e-22
2.072919999999999874e+01 1.346229999999999966e-21
2.221950000000000003e+01 3.628569999999999858e-21
2.381690000000000040e+01 9.203610000000000318e-21
2.552909999999999968e+01 2.238520000000000090e-20
2.736439999999999984e+01 5.058040000000000089e-20
2.933170000000000144e+01 1.086499999999999958e-19
3.144040000000000035e+01 2.225049999999999862e-19
3.370060000000000144e+01 4.453320000000000275e-19
3.612339999999999662e+01 8.331049999999999862e-19
3.872039999999999793e+01 1.498039999999999965e-18
4.150399999999999778e+01 2.606159999999999928e-18
4.448780000000000001e+01 4.351330000000000095e-18
4.768610000000000326e+01 7.025310000000000407e-18
5.111430000000000007e+01 1.102110000000000062e-17
5.478900000000000148e+01 1.669580000000000017e-17
5.872789999999999822e+01 2.455499999999999915e-17
6.294989999999999952e+01 3.533349999999999769e-17
6.747539999999999338e+01 4.905679999999999923e-17
7.232630000000000337e+01 6.631600000000000366e-17
7.752599999999999625e+01 8.731460000000000531e-17
8.309940000000000282e+01 1.122079999999999933e-16
8.907349999999999568e+01 1.408359999999999923e-16
9.547719999999999629e+01 1.730859999999999987e-16
1.023409999999999940e+02 2.079960000000000078e-16
1.096989999999999981e+02 2.451629999999999765e-16
1.175849999999999937e+02 2.839240000000000062e-16
1.260379999999999967e+02 3.234790000000000149e-16
1.350989999999999895e+02 3.631919999999999761e-16
1.448120000000000118e+02 4.023079999999999889e-16
1.552230000000000132e+02 4.405649999999999911e-16
1.663820000000000050e+02 4.773689999999999872e-16
1.783429999999999893e+02 5.126240000000000050e-16
1.911639999999999873e+02 5.454479999999999838e-16
2.049070000000000107e+02 5.759359999999999775e-16
2.196390000000000100e+02 6.035400000000000410e-16
2.354290000000000020e+02 6.289309999999999639e-16
2.523540000000000134e+02 6.519480000000000380e-16
2.704959999999999809e+02 6.718049999999999779e-16
2.899420000000000073e+02 6.888660000000000198e-16
3.107869999999999777e+02 7.029359999999999704e-16
3.331299999999999955e+02 7.144469999999999517e-16
3.570779999999999745e+02 7.230810000000000246e-16
3.827490000000000236e+02 7.291689999999999570e-16
4.102660000000000196e+02 7.327119999999999635e-16
4.397599999999999909e+02 7.336110000000000201e-16
4.713750000000000000e+02 7.320589999999999902e-16
5.052629999999999768e+02 7.281409999999999530e-16
5.415869999999999891e+02 7.219780000000000143e-16
5.805230000000000246e+02 7.136739999999999883e-16
6.222569999999999482e+02 7.034400000000000472e-16
6.669919999999999618e+02 6.912239999999999883e-16
7.149429999999999836e+02 6.772910000000000240e-16
7.663410000000000082e+02 6.617219999999999676e-16
8.214349999999999454e+02 6.447509999999999922e-16
8.804880000000000564e+02 6.264200000000000302e-16
9.437880000000000109e+02 6.069430000000000098e-16
1.011639999999999986e+03 5.866339999999999986e-16
1.084369999999999891e+03 5.653089999999999923e-16
1.162319999999999936e+03 5.431780000000000475e-16
1.245880000000000109e+03 5.206700000000000375e-16
1.335450000000000045e+03 4.978719999999999775e-16
1.431460000000000036e+03 4.747750000000000086e-16
1.534369999999999891e+03 4.515259999999999931e-16
1.644680000000000064e+03 4.283250000000000131e-16
1.762910000000000082e+03 4.052640000000000216e-16
1.889650000000000091e+03 3.824639999999999765e-16
2.025500000000000000e+03 3.599909999999999760e-16
2.171119999999999891e+03 3.380280000000000074e-16
2.327199999999999818e+03 3.166410000000000210e-16
2.494510000000000218e+03 2.957580000000000128e-16
2.673840000000000146e+03 2.755470000000000084e-16
2.866070000000000164e+03 2.560630000000000156e-16
3.072110000000000127e+03 2.374559999999999974e-16
3.292969999999999800e+03 2.195440000000000083e-16
3.529710000000000036e+03 2.024650000000000023e-16
3.783460000000000036e+03 1.862639999999999882e-16
4.055460000000000036e+03 1.708990000000000087e-16
4.347010000000000218e+03 1.564140000000000060e-16
4.659520000000000437e+03 1.427409999999999957e-16
4.994510000000000218e+03 1.299759999999999993e-16
5.353560000000000400e+03 1.179829999999999984e-16
5.738439999999999600e+03 1.067920000000000031e-16
6.150989999999999782e+03 9.639869999999999844e-17
6.593189999999999600e+03 8.678610000000000076e-17
7.067180000000000291e+03 7.783540000000000108e-17
7.575250000000000000e+03 6.960170000000000151e-17
-----------------------


C35 O2 Excitation 0.57 eV
COMMENT: generated by bolsig_convert.py
-----------------------
1.000000000000000021e-02 0.000000000000000000e+00
1.071889999999999996e-02 0.000000000000000000e+00
1.148949999999999971e-02 0.000000000000000000e+00
1.231550000000000006e-02 0.000000000000000000e+00
1.320089999999999979e-02 0.000000000000000000e+00
1.414989999999999998e-02 0.000000000000000000e+00
1.516720000000000047e-02 0.000000000000000000e+00
1.625760000000000052e-02 0.000000000000000000e+00
1.742629999999999874e-02 0.000000000000000000e+00
1.867910000000000056e-02 0.000000000000000000e+00
2.002200000000000160e-02 0.000000000000000000e+00
2.146139999999999853e-02 0.000000000000000000e+00
2.300429999999999836e-02 0.000000000000000000e+00
2.465809999999999877e-02 0.000000000000000000e+00
2.643080000000000082e-02 2.566229999999999954e-28
2.833099999999999855e-02 2.777549999999999897e-28
3.036770000000000094e-02 3.034849999999999926e-28
3.255090000000000067e-02 3.350519999999999845e-28
3.489099999999999840e-02 3.740629999999999783e-28
3.739939999999999931e-02 4.226509999999999820e-28
4.008810000000000151e-02 4.836579999999999943e-28
4.297000000000000125e-02 5.608959999999999822e-28
4.605920000000000153e-02 6.595199999999999742e-28
4.937049999999999772e-02 7.865200000000000129e-28
5.291980000000000295e-02 9.513959999999999671e-28
5.672429999999999833e-02 1.167110000000000019e-27
6.080220000000000069e-02 1.451340000000000063e-27
6.517340000000000633e-02 1.828179999999999883e-27
6.985879999999999868e-02 2.330420000000000055e-27
7.488100000000000311e-02 3.002530000000000004e-27
8.026429999999999676e-02 3.904659999999999688e-27
8.603470000000000562e-02 5.552200000000000098e-27
9.221980000000000455e-02 7.344120000000000716e-27
9.884959999999999580e-02 9.776910000000000596e-27
1.059559999999999946e-01 1.309260000000000051e-26
1.135729999999999934e-01 1.763819999999999905e-26
1.217379999999999990e-01 2.392420000000000008e-26
1.304899999999999949e-01 3.272170000000000272e-26
1.398709999999999953e-01 4.522430000000000089e-26
1.499270000000000047e-01 6.331499999999999981e-26
1.607049999999999867e-01 9.000780000000000083e-26
1.722589999999999955e-01 1.325970000000000066e-25
1.846430000000000016e-01 1.957999999999999966e-25
1.979170000000000096e-01 2.949799999999999821e-25
2.121450000000000002e-01 4.537619999999999881e-25
2.273969999999999880e-01 7.133820000000000428e-25
2.437439999999999884e-01 1.147520000000000020e-24
2.612680000000000002e-01 1.890379999999999919e-24
2.800500000000000211e-01 3.174869999999999928e-24
3.001840000000000064e-01 5.492109999999999722e-24
3.217639999999999945e-01 9.699409999999999289e-24
3.448959999999999804e-01 1.742060000000000119e-23
3.696909999999999918e-01 3.240649999999999907e-23
3.962689999999999824e-01 5.919529999999999816e-23
4.247569999999999957e-01 1.084949999999999924e-22
4.552939999999999765e-01 1.988649999999999896e-22
4.880249999999999866e-01 3.716329999999999883e-22
5.231099999999999639e-01 6.763040000000000041e-22
5.607170000000000210e-01 1.222030000000000004e-21
6.010280000000000067e-01 2.189190000000000015e-21
6.442360000000000309e-01 3.808279999999999684e-21
6.905510000000000259e-01 6.702659999999999831e-21
7.401959999999999651e-01 1.164580000000000055e-20
7.934099999999999486e-01 1.995039999999999877e-20
8.504490000000000105e-01 3.365739999999999737e-20
9.115889999999999826e-01 5.585760000000000236e-20
9.771239999999999926e-01 9.022409999999999683e-20
1.047369999999999912e+00 1.447260000000000071e-19
1.122670000000000057e+00 2.277089999999999876e-19
1.203379999999999894e+00 3.511679999999999810e-19
1.289889999999999981e+00 5.305120000000000048e-19
1.382619999999999960e+00 7.847089999999999897e-19
1.482019999999999893e+00 1.136029999999999956e-18
1.588559999999999972e+00 1.609189999999999948e-18
1.702769999999999895e+00 2.229869999999999984e-18
1.825180000000000025e+00 3.022480000000000036e-18
1.956399999999999917e+00 4.007420000000000205e-18
2.097049999999999859e+00 5.185220000000000209e-18
2.247809999999999864e+00 6.585479999999999875e-18
2.409400000000000208e+00 8.187779999999999430e-18
2.582619999999999916e+00 9.971689999999999362e-18
2.768289999999999917e+00 1.190520000000000041e-17
2.967299999999999827e+00 1.394690000000000088e-17
3.180629999999999846e+00 1.604940000000000028e-17
3.409289999999999932e+00 1.816360000000000094e-17
3.654380000000000184e+00 2.024190000000000012e-17
3.917100000000000026e+00 2.224240000000000115e-17
4.198710000000000164e+00 2.413010000000000074e-17
4.500560000000000116e+00 2.587899999999999919e-17
4.824110000000000120e+00 2.747170000000000151e-17
5.170919999999999739e+00 2.889910000000000055e-17
5.542659999999999698e+00 3.015920000000000204e-17
5.941130000000000244e+00 3.124600000000000153e-17
6.368249999999999744e+00 3.218670000000000146e-17
6.826069999999999638e+00 3.298199999999999907e-17
7.316810000000000258e+00 3.364419999999999852e-17
7.842819999999999681e+00 3.418650000000000217e-17
8.406650000000000844e+00 3.462199999999999958e-17
9.011020000000000252e+00 3.496340000000000302e-17
9.658830000000000027e+00 3.520700000000000071e-17
1.035319999999999929e+01 3.539709999999999787e-17
1.109750000000000014e+01 3.552539999999999741e-17
1.189530000000000065e+01 3.559169999999999836e-17
1.275050000000000061e+01 3.562089999999999818e-17
1.366719999999999935e+01 3.562310000000000268e-17
1.464969999999999928e+01 3.555889999999999958e-17
1.570289999999999964e+01 3.551279999999999796e-17
1.683180000000000121e+01 3.540930000000000155e-17
1.804189999999999827e+01 3.530020000000000265e-17
1.933889999999999887e+01 3.515230000000000053e-17
2.072919999999999874e+01 3.496749999999999825e-17
2.221950000000000003e+01 3.478530000000000241e-17
2.381690000000000040e+01 3.458690000000000198e-17
2.552909999999999968e+01 3.436349999999999746e-17
2.736439999999999984e+01 3.414050000000000103e-17
2.933170000000000144e+01 3.391020000000000003e-17
3.144040000000000035e+01 3.368129999999999965e-17
3.370060000000000144e+01 3.346060000000000205e-17
3.612339999999999662e+01 3.329429999999999701e-17
3.872039999999999793e+01 3.321449999999999841e-17
4.150399999999999778e+01 3.329150000000000193e-17
4.448780000000000001e+01 3.360820000000000271e-17
4.768610000000000326e+01 3.429700000000000170e-17
5.111430000000000007e+01 3.553559999999999756e-17
5.478900000000000148e+01 3.751539999999999992e-17
5.872789999999999822e+01 4.048660000000000149e-17
6.294989999999999952e+01 4.483690000000000214e-17
6.747539999999999338e+01 5.060909999999999982e-17
7.232630000000000337e+01 5.815229999999999832e-17
7.752599999999999625e+01 6.761639999999999714e-17
8.309940000000000282e+01 7.918269999999999390e-17
8.907349999999999568e+01 9.282589999999999538e-17
9.547719999999999629e+01 1.085469999999999941e-16
1.023409999999999940e+02 1.259379999999999966e-16
1.096989999999999981e+02 1.448219999999999894e-16
1.175849999999999937e+02 1.648930000000000054e-16
1.260379999999999967e+02 1.857180000000000036e-16
1.350989999999999895e+02 2.069670000000000112e-16
1.448120000000000118e+02 2.282119999999999995e-16
1.552230000000000132e+02 2.492949999999999912e-16
1.663820000000000050e+02 2.698499999999999870e-16
1.783429999999999893e+02 2.897769999999999950e-16
1.911639999999999873e+02 3.085549999999999917e-16
2.049070000000000107e+02 3.261830000000000092e-16
2.196390000000000100e+02 3.423209999999999768e-16
2.354290000000000020e+02 3.572699999999999856e-16
2.523540000000000134e+02 3.709069999999999940e-16
2.704959999999999809e+02 3.827689999999999883e-16
2.899420000000000073e+02 3.930149999999999876e-16
3.107869999999999777e+02 4.015159999999999950e-16
3.331299999999999955e+02 4.084709999999999768e-16
3.570779999999999745e+02 4.136939999999999929e-16
3.827490000000000236e+02 4.173459999999999978e-16
4.102660000000000196e+02 4.194200000000000193e-16
4.397599999999999909e+02 4.198579999999999980e-16
4.713750000000000000e+02 4.187639999999999944e-16
5.052629999999999768e+02 4.161879999999999798e-16
5.415869999999999891e+02 4.122039999999999923e-16
5.805230000000000246e+02 4.068759999999999973e-16
6.222569999999999482e+02 4.003379999999999786e-16
6.669919999999999618e+02 3.925710000000000044e-16
7.149429999999999836e+02 3.837410000000000168e-16
7.663410000000000082e+02 3.739119999999999807e-16
8.214349999999999454e+02 3.632400000000000116e-16
8.804880000000000564e+02 3.517549999999999837e-16
9.437880000000000109e+02 3.396029999999999886e-16
1.011639999999999986e+03 3.269889999999999970e-16
1.084369999999999891e+03 3.138160000000000194e-16
1.162319999999999936e+03 3.002280000000000144e-16
1.245880000000000109e+03 2.864790000000000054e-16
1.335450000000000045e+03 2.726369999999999769e-16
1.431460000000000036e+03 2.587210000000000087e-16
1.534369999999999891e+03 2.448010000000000211e-16
1.644680000000000064e+03 2.310090000000000132e-16
1.762910000000000082e+03 2.174120000000000015e-16
1.889650000000000091e+03 2.040709999999999983e-16
2.025500000000000000e+03 1.910290000000000025e-16
2.171119999999999891e+03 1.783909999999999932e-16
2.327199999999999818e+03 1.661920000000000044e-16
2.494510000000000218e+03 1.543779999999999962e-16
2.673840000000000146e+03 1.430460000000000075e-16
2.866070000000000164e+03 1.322130000000000098e-16
3.072110000000000127e+03 1.219619999999999986e-16
3.292969999999999800e+03 1.121779999999999958e-16
3.529710000000000036e+03 1.029339999999999979e-16
3.783460000000000036e+03 9.423189999999999545e-17
4.055460000000000036e+03 8.605190000000000354e-17
4.347010000000000218e+03 7.839910000000000371e-17
4.659520000000000437e+03 7.123320000000000396e-17
4.994510000000000218e+03 6.459420000000000100e-17
5.353560000000000400e+03 5.840279999999999865e-17
5.738439999999999600e+03 5.266360000000000071e-17
6.150989999999999782e+03 4.736949999999999743e-17
6.593189999999999600e+03 4.250420000000000222e-17
7.067180000000000291e+03 3.800709999999999862e-17
7.575250000000000000e+03 3.388870000000000057e-17
-----------------------


C36 O2 Excitation 0.75 eV
COMMENT: generated by bolsig_convert.py
-----------------------
1.000000000000000021e-02 0.000000000000000000e+00
1.071889999999999996e-02 0.000000000000000000e+00
1.148949999999999971e-02 0.000000000000000000e+00
1.231550000000000006e-02 0.000000000000000000e+00
1.320089999999999979e-02 0.000000000000000000e+00
1.414989999999999998e-02 0.000000000000000000e+00
1.516720000000000047e-02 0.000000000000000000e+00
1.625760000000000052e-02 0.000000000000000000e+00
1.742629999999999874e-02 0.000000000000000000e+00
1.867910000000000056e-02 0.000000000000000000e+00
2.002200000000000160e-02 0.000000000000000000e+00
2.146139999999999853e-02 0.000000000000000000e+00
2.300429999999999836e-02 0.000000000000000000e+00
2.465809999999999877e-02 0.000000000000000000e+00
2.643080000000000082e-02 0.000000000000000000e+00
2.833099999999999855e-02 0.000000000000000000e+00
3.036770000000000094e-02 0.000000000000000000e+00
3.255090000000000067e-02 0.000000000000000000e+00
3.489099999999999840e-02 0.000000000000000000e+00
3.739939999999999931e-02 0.000000000000000000e+00
4.008810000000000151e-02 0.000000000000000000e+00
4.297000000000000125e-02 0.000000000000000000e+00
4.605920000000000153e-02 0.000000000000000000e+00
4.937049999999999772e-02 0.000000000000000000e+00
5.291980000000000295e-02 0.000000000000000000e+00
5.672429999999999833e-02 0.000000000000000000e+00
6.080220000000000069e-02 0.000000000000000000e+00
6.517340000000000633e-02 0.000000000000000000e+00
6.985879999999999868e-02 0.000000000000000000e+00
7.488100000000000311e-02 0.000000000000000000e+00
8.026429999999999676e-02 0.000000000000000000e+00
8.603470000000000562e-02 2.912729999999999913e-29
9.221980000000000455e-02 3.970029999999999785e-29
9.884959999999999580e-02 5.489070000000000557e-29
1.059559999999999946e-01 7.688670000000000169e-29
1.135729999999999934e-01 1.089510000000000035e-28
1.217379999999999990e-01 1.559629999999999965e-28
1.304899999999999949e-01 2.252769999999999915e-28
1.398709999999999953e-01 3.281149999999999815e-28
1.499270000000000047e-01 4.819540000000000024e-28
1.607049999999999867e-01 7.147700000000000223e-28
1.722589999999999955e-01 1.180280000000000005e-27
1.846430000000000016e-01 1.805339999999999857e-27
1.979170000000000096e-01 2.819640000000000079e-27
2.121450000000000002e-01 4.517799999999999945e-27
2.273969999999999880e-01 7.458820000000000426e-27
2.437439999999999884e-01 1.273370000000000054e-26
2.612680000000000002e-01 2.252720000000000082e-26
2.800500000000000211e-01 4.139810000000000153e-26
3.001840000000000064e-01 7.877769999999999791e-26
3.217639999999999945e-01 1.544309999999999925e-25
3.448959999999999804e-01 3.098720000000000098e-25
3.696909999999999918e-01 6.233259999999999598e-25
3.962689999999999824e-01 1.281409999999999981e-24
4.247569999999999957e-01 2.636429999999999873e-24
4.552939999999999765e-01 5.395450000000000198e-24
4.880249999999999866e-01 1.161360000000000018e-23
5.231099999999999639e-01 2.309229999999999918e-23
5.607170000000000210e-01 4.521659999999999963e-23
6.010280000000000067e-01 8.710680000000000426e-23
6.442360000000000309e-01 1.609330000000000066e-22
6.905510000000000259e-01 3.013779999999999993e-22
7.401959999999999651e-01 5.550540000000000414e-22
7.934099999999999486e-01 1.005819999999999937e-21
8.504490000000000105e-01 1.793999999999999943e-21
9.115889999999999826e-01 3.150010000000000114e-21
9.771239999999999926e-01 5.375709999999999919e-21
1.047369999999999912e+00 9.164679999999999397e-21
1.122670000000000057e+00 1.535630000000000029e-20
1.203379999999999894e+00 2.526729999999999937e-20
1.289889999999999981e+00 4.078650000000000056e-20
1.382619999999999960e+00 6.452590000000000066e-20
1.482019999999999893e+00 9.995819999999999864e-20
1.588559999999999972e+00 1.515020000000000086e-19
1.702769999999999895e+00 2.245170000000000203e-19
1.825180000000000025e+00 3.251529999999999888e-19
1.956399999999999917e+00 4.600340000000000206e-19
2.097049999999999859e+00 6.323670000000000302e-19
2.247809999999999864e+00 8.543460000000000298e-19
2.409400000000000208e+00 1.127720000000000036e-18
2.582619999999999916e+00 1.455020000000000020e-18
2.768289999999999917e+00 1.836259999999999888e-18
2.967299999999999827e+00 2.268619999999999874e-18
3.180629999999999846e+00 2.746589999999999958e-18
3.409289999999999932e+00 3.262299999999999967e-18
3.654380000000000184e+00 3.806169999999999832e-18
3.917100000000000026e+00 4.367640000000000281e-18
4.198710000000000164e+00 4.935950000000000302e-18
4.500560000000000116e+00 5.500809999999999775e-18
4.824110000000000120e+00 6.052940000000000087e-18
5.170919999999999739e+00 6.584409999999999926e-18
5.542659999999999698e+00 7.088860000000000350e-18
5.941130000000000244e+00 7.559210000000000316e-18
6.368249999999999744e+00 7.997059999999999878e-18
6.826069999999999638e+00 8.398030000000000295e-18
7.316810000000000258e+00 8.761419999999999715e-18
7.842819999999999681e+00 9.087479999999999349e-18
8.406650000000000844e+00 9.377199999999999684e-18
9.011020000000000252e+00 9.632090000000000028e-18
9.658830000000000027e+00 9.852970000000000659e-18
1.035319999999999929e+01 1.004440000000000026e-17
1.109750000000000014e+01 1.020720000000000066e-17
1.189530000000000065e+01 1.034070000000000076e-17
1.275050000000000061e+01 1.045519999999999965e-17
1.366719999999999935e+01 1.055219999999999998e-17
1.464969999999999928e+01 1.061059999999999961e-17
1.570289999999999964e+01 1.068019999999999961e-17
1.683180000000000121e+01 1.071389999999999967e-17
1.804189999999999827e+01 1.073999999999999986e-17
1.933889999999999887e+01 1.074499999999999945e-17
2.072919999999999874e+01 1.072490000000000061e-17
2.221950000000000003e+01 1.070749999999999945e-17
2.381690000000000040e+01 1.068019999999999961e-17
2.552909999999999968e+01 1.064969999999999965e-17
2.736439999999999984e+01 1.060820000000000030e-17
2.933170000000000144e+01 1.056410000000000066e-17
3.144040000000000035e+01 1.052330000000000008e-17
3.370060000000000144e+01 1.048460000000000043e-17
3.612339999999999662e+01 1.048880000000000076e-17
3.872039999999999793e+01 1.054950000000000076e-17
4.150399999999999778e+01 1.071929999999999965e-17
4.448780000000000001e+01 1.102789999999999969e-17
4.768610000000000326e+01 1.156580000000000050e-17
5.111430000000000007e+01 1.244510000000000013e-17
5.478900000000000148e+01 1.376910000000000017e-17
5.872789999999999822e+01 1.569300000000000116e-17
6.294989999999999952e+01 1.844159999999999900e-17
6.747539999999999338e+01 2.205170000000000108e-17
7.232630000000000337e+01 2.672249999999999936e-17
7.752599999999999625e+01 3.254459999999999861e-17
8.309940000000000282e+01 3.961109999999999717e-17
8.907349999999999568e+01 4.790609999999999810e-17
9.547719999999999629e+01 5.742489999999999709e-17
1.023409999999999940e+02 6.791379999999999680e-17
1.096989999999999981e+02 7.926039999999999465e-17
1.175849999999999937e+02 9.127199999999999936e-17
1.260379999999999967e+02 1.036889999999999973e-16
1.350989999999999895e+02 1.163070000000000083e-16
1.448120000000000118e+02 1.288659999999999921e-16
1.552230000000000132e+02 1.412649999999999890e-16
1.663820000000000050e+02 1.532860000000000023e-16
1.783429999999999893e+02 1.648670000000000026e-16
1.911639999999999873e+02 1.757020000000000100e-16
2.049070000000000107e+02 1.857900000000000075e-16
2.196390000000000100e+02 1.949359999999999987e-16
2.354290000000000020e+02 2.033229999999999958e-16
2.523540000000000134e+02 2.108829999999999894e-16
2.704959999999999809e+02 2.173520000000000064e-16
2.899420000000000073e+02 2.228350000000000010e-16
3.107869999999999777e+02 2.272639999999999888e-16
3.331299999999999955e+02 2.307659999999999814e-16
3.570779999999999745e+02 2.332469999999999916e-16
3.827490000000000236e+02 2.348049999999999766e-16
4.102660000000000196e+02 2.354489999999999926e-16
4.397599999999999909e+02 2.351559999999999896e-16
4.713750000000000000e+02 2.339959999999999866e-16
5.052629999999999768e+02 2.320039999999999928e-16
5.415869999999999891e+02 2.292329999999999819e-16
5.805230000000000246e+02 2.257229999999999998e-16
6.222569999999999482e+02 2.215599999999999951e-16
6.669919999999999618e+02 2.167350000000000104e-16
7.149429999999999836e+02 2.113509999999999903e-16
7.663410000000000082e+02 2.054429999999999937e-16
8.214349999999999454e+02 1.991080000000000101e-16
8.804880000000000564e+02 1.923589999999999916e-16
9.437880000000000109e+02 1.852820000000000099e-16
1.011639999999999986e+03 1.779979999999999984e-16
1.084369999999999891e+03 1.704450000000000017e-16
1.162319999999999936e+03 1.627029999999999885e-16
1.245880000000000109e+03 1.549189999999999936e-16
1.335450000000000045e+03 1.471280000000000017e-16
1.431460000000000036e+03 1.393380000000000023e-16
1.534369999999999891e+03 1.315810000000000027e-16
1.644680000000000064e+03 1.239320000000000089e-16
1.762910000000000082e+03 1.164220000000000111e-16
1.889650000000000091e+03 1.090839999999999967e-16
2.025500000000000000e+03 1.019390000000000059e-16
2.171119999999999891e+03 9.504120000000000547e-17
2.327199999999999818e+03 8.840680000000000016e-17
2.494510000000000218e+03 8.200119999999999474e-17
2.673840000000000146e+03 7.587620000000000614e-17
2.866070000000000164e+03 7.003430000000000335e-17
3.072110000000000127e+03 6.452719999999999666e-17
3.292969999999999800e+03 5.928049999999999514e-17
3.529710000000000036e+03 5.433160000000000139e-17
3.783460000000000036e+03 4.969140000000000046e-17
4.055460000000000036e+03 4.533030000000000292e-17
4.347010000000000218e+03 4.126389999999999812e-17
4.659520000000000437e+03 3.746139999999999697e-17
4.994510000000000218e+03 3.394380000000000269e-17
5.353560000000000400e+03 3.066819999999999833e-17
5.738439999999999600e+03 2.763709999999999910e-17
6.150989999999999782e+03 2.484229999999999915e-17
6.593189999999999600e+03 2.228170000000000062e-17
7.067180000000000291e+03 1.991270000000000036e-17
7.575250000000000000e+03 1.774730000000000108e-17
-----------------------


C37 O2 Excitation 0.98 eV
COMMENT: generated by bolsig_convert.py
-----------------------
1.000000000000000021e-02 0.000000000000000000e+00
1.071889999999999996e-02 0.000000000000000000e+00
1.148949999999999971e-02 0.000000000000000000e+00
1.231550000000000006e-02 0.000000000000000000e+00
1.320089999999999979e-02 0.000000000000000000e+00
1.414989999999999998e-02 0.000000000000000000e+00
1.516720000000000047e-02 0.000000000000000000e+00
1.625760000000000052e-02 0.000000000000000000e+00
1.742629999999999874e-02 0.000000000000000000e+00
1.867910000000000056e-02 0.000000000000000000e+00
2.002200000000000160e-02 0.000000000000000000e+00
2.146139999999999853e-02 0.000000000000000000e+00
2.300429999999999836e-02 0.000000000000000000e+00
2.465809999999999877e-02 0.000000000000000000e+00
2.643080000000000082e-02 0.000000000000000000e+00
2.833099999999999855e-02 0.000000000000000000e+00
3.036770000000000094e-02 0.000000000000000000e+00
3.255090000000000067e-02 0.000000000000000000e+00
3.489099999999999840e-02 0.000000000000000000e+00
3.739939999999999931e-02 0.000000000000000000e+00
4.008810000000000151e-02 0.000000000000000000e+00
4.297000000000000125e-02 0.000000000000000000e+00
4.605920000000000153e-02 0.000000000000000000e+00
4.937049999999999772e-02 0.000000000000000000e+00
5.291980000000000295e-02 0.000000000000000000e+00
5.672429999999999833e-02 0.000000000000000000e+00
6.080220000000000069e-02 0.000000000000000000e+00
6.517340000000000633e-02 0.000000000000000000e+00
6.985879999999999868e-02 0.000000000000000000e+00
7.488100000000000311e-02 0.000000000000000000e+00
8.026429999999999676e-02 0.000000000000000000e+00
8.603470000000000562e-02 0.000000000000000000e+00
9.221980000000000455e-02 0.000000000000000000e+00
9.884959999999999580e-02 0.000000000000000000e+00
1.059559999999999946e-01 0.000000000000000000e+00
1.135729999999999934e-01 0.000000000000000000e+00
1.217379999999999990e-01 0.000000000000000000e+00
1.304899999999999949e-01 0.000000000000000000e+00
1.398709999999999953e-01 0.000000000000000000e+00
1.499270000000000047e-01 0.000000000000000000e+00
1.607049999999999867e-01 0.000000000000000000e+00
1.722589999999999955e-01 1.735490000000000065e-32
1.846430000000000016e-01 3.016660000000000002e-32
1.979170000000000096e-01 5.424709999999999474e-32
2.121450000000000002e-01 1.012770000000000008e-31
2.273969999999999880e-01 1.970429999999999892e-31
2.437439999999999884e-01 4.009280000000000293e-31
2.612680000000000002e-01 8.551310000000000497e-31
2.800500000000000211e-01 1.706259999999999953e-28
3.001840000000000064e-01 4.225679999999999839e-28
3.217639999999999945e-01 1.095970000000000043e-27
3.448959999999999804e-01 2.943199999999999909e-27
3.696909999999999918e-01 8.895459999999999958e-27
3.962689999999999824e-01 2.492339999999999907e-26
4.247569999999999957e-01 6.968840000000000261e-26
4.552939999999999765e-01 1.925699999999999920e-25
4.880249999999999866e-01 5.577440000000000114e-25
5.231099999999999639e-01 1.467649999999999931e-24
5.607170000000000210e-01 3.752160000000000103e-24
6.010280000000000067e-01 9.297249999999999620e-24
6.442360000000000309e-01 2.160180000000000147e-23
6.905510000000000259e-01 5.031110000000000256e-23
7.401959999999999651e-01 1.132370000000000094e-22
7.934099999999999486e-01 2.462990000000000041e-22
8.504490000000000105e-01 5.178639999999999634e-22
9.115889999999999826e-01 1.053030000000000029e-21
9.771239999999999926e-01 2.069909999999999839e-21
1.047369999999999912e+00 3.946849999999999840e-21
1.122670000000000057e+00 7.291059999999999455e-21
1.203379999999999894e+00 1.305829999999999929e-20
1.289889999999999981e+00 2.269059999999999992e-20
1.382619999999999960e+00 3.827989999999999916e-20
1.482019999999999893e+00 6.274149999999999756e-20
1.588559999999999972e+00 9.997170000000000439e-20
1.702769999999999895e+00 1.549560000000000000e-19
1.825180000000000025e+00 2.337860000000000073e-19
1.956399999999999917e+00 3.435340000000000049e-19
2.097049999999999859e+00 4.882740000000000143e-19
2.247809999999999864e+00 6.827440000000000280e-19
2.409400000000000208e+00 9.316320000000000899e-19
2.582619999999999916e+00 1.241669999999999919e-18
2.768289999999999917e+00 1.617949999999999930e-18
2.967299999999999827e+00 2.063460000000000112e-18
3.180629999999999846e+00 2.578689999999999873e-18
3.409289999999999932e+00 3.161630000000000178e-18
3.654380000000000184e+00 3.807930000000000352e-18
3.917100000000000026e+00 4.511240000000000040e-18
4.198710000000000164e+00 5.263739999999999695e-18
4.500560000000000116e+00 6.056659999999999787e-18
4.824110000000000120e+00 6.880849999999999868e-18
5.170919999999999739e+00 7.727199999999999990e-18
5.542659999999999698e+00 8.587099999999999551e-18
5.941130000000000244e+00 9.451429999999999635e-18
6.368249999999999744e+00 1.031599999999999965e-17
6.826069999999999638e+00 1.117339999999999942e-17
7.316810000000000258e+00 1.201879999999999956e-17
7.842819999999999681e+00 1.284829999999999965e-17
8.406650000000000844e+00 1.365939999999999990e-17
9.011020000000000252e+00 1.444999999999999938e-17
9.658830000000000027e+00 1.521670000000000008e-17
1.035319999999999929e+01 1.596479999999999998e-17
1.109750000000000014e+01 1.669189999999999975e-17
1.189530000000000065e+01 1.739399999999999850e-17
1.275050000000000061e+01 1.809509999999999857e-17
1.366719999999999935e+01 1.878200000000000067e-17
1.464969999999999928e+01 1.943709999999999960e-17
1.570289999999999964e+01 2.012529999999999875e-17
1.683180000000000121e+01 2.077290000000000138e-17
1.804189999999999827e+01 2.142100000000000026e-17
1.933889999999999887e+01 2.207539999999999888e-17
2.072919999999999874e+01 2.275359999999999886e-17
2.221950000000000003e+01 2.344399999999999944e-17
2.381690000000000040e+01 2.416810000000000008e-17
2.552909999999999968e+01 2.493699999999999912e-17
2.736439999999999984e+01 2.579150000000000023e-17
2.933170000000000144e+01 2.676619999999999860e-17
3.144040000000000035e+01 2.792550000000000136e-17
3.370060000000000144e+01 2.940750000000000010e-17
3.612339999999999662e+01 3.128499999999999955e-17
3.872039999999999793e+01 3.379169999999999870e-17
4.150399999999999778e+01 3.721499999999999804e-17
4.448780000000000001e+01 4.188179999999999850e-17
4.768610000000000326e+01 4.824110000000000133e-17
5.111430000000000007e+01 5.689190000000000155e-17
5.478900000000000148e+01 6.823710000000000494e-17
5.872789999999999822e+01 8.292770000000000595e-17
6.294989999999999952e+01 1.018909999999999950e-16
6.747539999999999338e+01 1.247990000000000090e-16
7.232630000000000337e+01 1.522349999999999977e-16
7.752599999999999625e+01 1.841220000000000068e-16
8.309940000000000282e+01 2.203209999999999912e-16
8.907349999999999568e+01 2.602609999999999805e-16
9.547719999999999629e+01 3.035369999999999958e-16
1.023409999999999940e+02 3.485580000000000030e-16
1.096989999999999981e+02 3.947459999999999855e-16
1.175849999999999937e+02 4.411679999999999932e-16
1.260379999999999967e+02 4.870240000000000426e-16
1.350989999999999895e+02 5.316149999999999619e-16
1.448120000000000118e+02 5.742579999999999529e-16
1.552230000000000132e+02 6.148699999999999707e-16
1.663820000000000050e+02 6.530490000000000139e-16
1.783429999999999893e+02 6.889779999999999711e-16
1.911639999999999873e+02 7.219270000000000259e-16
2.049070000000000107e+02 7.522929999999999952e-16
2.196390000000000100e+02 7.796739999999999760e-16
2.354290000000000020e+02 8.051489999999999610e-16
2.523540000000000134e+02 8.286739999999999834e-16
2.704959999999999809e+02 8.495520000000000043e-16
2.899420000000000073e+02 8.683180000000000415e-16
3.107869999999999777e+02 8.848219999999999838e-16
3.331299999999999955e+02 8.996780000000000225e-16
3.570779999999999745e+02 9.124950000000000491e-16
3.827490000000000236e+02 9.237289999999999078e-16
4.102660000000000196e+02 9.333400000000000950e-16
4.397599999999999909e+02 9.411590000000000747e-16
4.713750000000000000e+02 9.473519999999999369e-16
5.052629999999999768e+02 9.519599999999999913e-16
5.415869999999999891e+02 9.549979999999999038e-16
5.805230000000000246e+02 9.565649999999999941e-16
6.222569999999999482e+02 9.567410000000000585e-16
6.669919999999999618e+02 9.554180000000000171e-16
7.149429999999999836e+02 9.527470000000000966e-16
7.663410000000000082e+02 9.487480000000000487e-16
8.214349999999999454e+02 9.435120000000000560e-16
8.804880000000000564e+02 9.370989999999999654e-16
9.437880000000000109e+02 9.296080000000000967e-16
1.011639999999999986e+03 9.212079999999999996e-16
1.084369999999999891e+03 9.117859999999999029e-16
1.162319999999999936e+03 9.014380000000000748e-16
1.245880000000000109e+03 8.905730000000000451e-16
1.335450000000000045e+03 8.792560000000000429e-16
1.431460000000000036e+03 8.673630000000000092e-16
1.534369999999999891e+03 8.552359999999999997e-16
1.644680000000000064e+03 8.430209999999999580e-16
1.762910000000000082e+03 8.307610000000000309e-16
1.889650000000000091e+03 8.186999999999999716e-16
2.025500000000000000e+03 8.069340000000000482e-16
2.171119999999999891e+03 7.956919999999999535e-16
2.327199999999999818e+03 7.850939999999999734e-16
2.494510000000000218e+03 7.752359999999999816e-16
2.673840000000000146e+03 7.663249999999999834e-16
2.866070000000000164e+03 7.585350000000000086e-16
3.072110000000000127e+03 7.520080000000000310e-16
3.292969999999999800e+03 7.468010000000000432e-16
3.529710000000000036e+03 7.431370000000000294e-16
3.783460000000000036e+03 7.411040000000000218e-16
4.055460000000000036e+03 7.408499999999999983e-16
4.347010000000000218e+03 7.424930000000000134e-16
4.659520000000000437e+03 7.461369999999999795e-16
4.994510000000000218e+03 7.519659999999999999e-16
5.353560000000000400e+03 7.600329999999999987e-16
5.738439999999999600e+03 7.705080000000000357e-16
6.150989999999999782e+03 7.835070000000000326e-16
6.593189999999999600e+03 7.992019999999999849e-16
7.067180000000000291e+03 8.176800000000000063e-16
7.575250000000000000e+03 8.391169999999999640e-16
-----------------------


C38 O2 Excitation 1.63 eV
COMMENT: generated by bolsig_convert.py
-----------------------
1.000000000000000021e-02 0.000000000000000000e+00
1.071889999999999996e-02 0.000000000000000000e+00
1.148949999999999971e-02 0.000000000000000000e+00
1.231550000000000006e-02 0.000000000000000000e+00
1.320089999999999979e-02 0.000000000000000000e+00
1.414989999999999998e-02 0.000000000000000000e+00
1.516720000000000047e-02 0.000000000000000000e+00
1.625760000000000052e-02 0.000000000000000000e+00
1.742629999999999874e-02 0.000000000000000000e+00
1.867910000000000056e-02 0.000000000000000000e+00
2.002200000000000160e-02 0.000000000000000000e+00
2.146139999999999853e-02 0.000000000000000000e+00
2.300429999999999836e-02 0.000000000000000000e+00
2.465809999999999877e-02 0.000000000000000000e+00
2.643080000000000082e-02 0.000000000000000000e+00
2.833099999999999855e-02 0.000000000000000000e+00
3.036770000000000094e-02 0.000000000000000000e+00
3.255090000000000067e-02 0.000000000000000000e+00
3.489099999999999840e-02 0.000000000000000000e+00
3.739939999999999931e-02 0.000000000000000000e+00
4.008810000000000151e-02 0.000000000000000000e+00
4.297000000000000125e-02 0.000000000000000000e+00
4.605920000000000153e-02 0.000000000000000000e+00
4.937049999999999772e-02 0.000000000000000000e+00
5.291980000000000295e-02 0.000000000000000000e+00
5.672429999999999833e-02 0.000000000000000000e+00
6.080220000000000069e-02 0.000000000000000000e+00
6.517340000000000633e-02 0.000000000000000000e+00
6.985879999999999868e-02 0.000000000000000000e+00
7.488100000000000311e-02 0.000000000000000000e+00
8.026429999999999676e-02 0.000000000000000000e+00
8.603470000000000562e-02 0.000000000000000000e+00
9.221980000000000455e-02 0.000000000000000000e+00
9.884959999999999580e-02 0.000000000000000000e+00
1.059559999999999946e-01 0.000000000000000000e+00
1.135729999999999934e-01 0.000000000000000000e+00
1.217379999999999990e-01 0.000000000000000000e+00
1.304899999999999949e-01 0.000000000000000000e+00
1.398709999999999953e-01 0.000000000000000000e+00
1.499270000000000047e-01 0.000000000000000000e+00
1.607049999999999867e-01 0.000000000000000000e+00
1.722589999999999955e-01 0.000000000000000000e+00
1.846430000000000016e-01 0.000000000000000000e+00
1.979170000000000096e-01 0.000000000000000000e+00
2.121450000000000002e-01 0.000000000000000000e+00
2.273969999999999880e-01 0.000000000000000000e+00
2.437439999999999884e-01 0.000000000000000000e+00
2.612680000000000002e-01 0.000000000000000000e+00
2.800500000000000211e-01 0.000000000000000000e+00
3.001840000000000064e-01 0.000000000000000000e+00
3.217639999999999945e-01 0.000000000000000000e+00
3.448959999999999804e-01 0.000000000000000000e+00
3.696909999999999918e-01 0.000000000000000000e+00
3.962689999999999824e-01 0.000000000000000000e+00
4.247569999999999957e-01 0.000000000000000000e+00
4.552939999999999765e-01 0.000000000000000000e+00
4.880249999999999866e-01 0.000000000000000000e+00
5.231099999999999639e-01 0.000000000000000000e+00
5.607170000000000210e-01 0.000000000000000000e+00
6.010280000000000067e-01 0.000000000000000000e+00
6.442360000000000309e-01 2.434600000000000052e-30
6.905510000000000259e-01 1.220480000000000059e-29
7.401959999999999651e-01 5.812319999999999484e-29
7.934099999999999486e-01 2.606100000000000136e-28
8.504490000000000105e-01 1.094750000000000014e-27
9.115889999999999826e-01 4.299199999999999686e-27
9.771239999999999926e-01 1.584949999999999966e-26
1.047369999999999912e+00 5.438399999999999709e-26
1.122670000000000057e+00 1.747890000000000029e-25
1.203379999999999894e+00 5.271480000000000172e-25
1.289889999999999981e+00 1.494900000000000084e-24
1.382619999999999960e+00 3.994510000000000289e-24
1.482019999999999893e+00 1.007889999999999947e-23
1.588559999999999972e+00 2.406429999999999863e-23
1.702769999999999895e+00 5.447900000000000426e-23
1.825180000000000025e+00 1.171780000000000021e-22
1.956399999999999917e+00 2.399179999999999933e-22
2.097049999999999859e+00 4.634369999999999568e-22
2.247809999999999864e+00 8.661629999999999344e-22
2.409400000000000208e+00 1.549589999999999972e-21
2.582619999999999916e+00 2.658990000000000032e-21
2.768289999999999917e+00 4.385259999999999864e-21
2.967299999999999827e+00 6.965870000000000051e-21
3.180629999999999846e+00 1.068069999999999927e-20
3.409289999999999932e+00 1.584259999999999984e-20
3.654380000000000184e+00 2.278339999999999978e-20
3.917100000000000026e+00 3.183670000000000062e-20
4.198710000000000164e+00 4.332089999999999847e-20
4.500560000000000116e+00 5.752200000000000388e-20
4.824110000000000120e+00 7.468129999999999565e-20
5.170919999999999739e+00 9.498670000000000260e-20
5.542659999999999698e+00 1.185690000000000044e-19
5.941130000000000244e+00 1.455539999999999902e-19
6.368249999999999744e+00 1.758819999999999898e-19
6.826069999999999638e+00 2.095740000000000067e-19
7.316810000000000258e+00 2.465859999999999989e-19
7.842819999999999681e+00 2.868540000000000107e-19
8.406650000000000844e+00 3.303110000000000099e-19
9.011020000000000252e+00 3.768980000000000070e-19
9.658830000000000027e+00 4.263280000000000013e-19
1.035319999999999929e+01 4.790960000000000428e-19
1.109750000000000014e+01 5.350000000000000421e-19
1.189530000000000065e+01 5.940839999999999929e-19
1.275050000000000061e+01 6.572070000000000075e-19
1.366719999999999935e+01 7.239379999999999916e-19
1.464969999999999928e+01 7.936630000000000192e-19
1.570289999999999964e+01 8.708749999999999979e-19
1.683180000000000121e+01 9.504809999999999039e-19
1.804189999999999827e+01 1.034839999999999996e-18
1.933889999999999887e+01 1.126609999999999970e-18
2.072919999999999874e+01 1.227520000000000075e-18
2.221950000000000003e+01 1.336490000000000043e-18
2.381690000000000040e+01 1.457359999999999924e-18
2.552909999999999968e+01 1.592180000000000028e-18
2.736439999999999984e+01 1.750799999999999959e-18
2.933170000000000144e+01 1.941299999999999831e-18
3.144040000000000035e+01 2.179009999999999855e-18
3.370060000000000144e+01 2.495769999999999855e-18
3.612339999999999662e+01 2.912079999999999838e-18
3.872039999999999793e+01 3.482520000000000017e-18
4.150399999999999778e+01 4.274400000000000151e-18
4.448780000000000001e+01 5.369510000000000327e-18
4.768610000000000326e+01 6.873390000000000217e-18
5.111430000000000007e+01 8.929509999999999873e-18
5.478900000000000148e+01 1.163199999999999943e-17
5.872789999999999822e+01 1.513550000000000085e-17
6.294989999999999952e+01 1.965869999999999848e-17
6.747539999999999338e+01 2.512319999999999895e-17
7.232630000000000337e+01 3.166499999999999906e-17
7.752599999999999625e+01 3.926189999999999906e-17
8.309940000000000282e+01 4.788329999999999850e-17
8.907349999999999568e+01 5.739120000000000012e-17
9.547719999999999629e+01 6.768999999999999650e-17
1.023409999999999940e+02 7.840690000000000455e-17
1.096989999999999981e+02 8.940839999999999951e-17
1.175849999999999937e+02 1.004790000000000028e-16
1.260379999999999967e+02 1.114390000000000000e-16
1.350989999999999895e+02 1.221330000000000018e-16
1.448120000000000118e+02 1.324069999999999889e-16
1.552230000000000132e+02 1.422569999999999911e-16
1.663820000000000050e+02 1.515989999999999958e-16
1.783429999999999893e+02 1.604890000000000032e-16
1.911639999999999873e+02 1.687639999999999996e-16
2.049070000000000107e+02 1.765300000000000059e-16
2.196390000000000100e+02 1.837000000000000071e-16
2.354290000000000020e+02 1.905440000000000055e-16
2.523540000000000134e+02 1.970569999999999892e-16
2.704959999999999809e+02 2.030780000000000036e-16
2.899420000000000073e+02 2.087359999999999962e-16
3.107869999999999777e+02 2.139939999999999970e-16
3.331299999999999955e+02 2.190010000000000013e-16
3.570779999999999745e+02 2.236489999999999784e-16
3.827490000000000236e+02 2.280460000000000082e-16
4.102660000000000196e+02 2.321679999999999991e-16
4.397599999999999909e+02 2.359509999999999858e-16
4.713750000000000000e+02 2.394129999999999817e-16
5.052629999999999768e+02 2.425440000000000123e-16
5.415869999999999891e+02 2.453110000000000038e-16
5.805230000000000246e+02 2.477129999999999884e-16
6.222569999999999482e+02 2.497300000000000170e-16
6.669919999999999618e+02 2.512989999999999938e-16
7.149429999999999836e+02 2.524149999999999808e-16
7.663410000000000082e+02 2.530460000000000200e-16
8.214349999999999454e+02 2.531669999999999780e-16
8.804880000000000564e+02 2.527610000000000065e-16
9.437880000000000109e+02 2.518089999999999764e-16
1.011639999999999986e+03 2.503090000000000014e-16
1.084369999999999891e+03 2.482110000000000115e-16
1.162319999999999936e+03 2.455019999999999807e-16
1.245880000000000109e+03 2.422549999999999794e-16
1.335450000000000045e+03 2.384659999999999882e-16
1.431460000000000036e+03 2.340759999999999800e-16
1.534369999999999891e+03 2.291729999999999869e-16
1.644680000000000064e+03 2.237800000000000095e-16
1.762910000000000082e+03 2.179090000000000074e-16
1.889650000000000091e+03 2.116079999999999914e-16
2.025500000000000000e+03 2.049270000000000067e-16
2.171119999999999891e+03 1.979320000000000034e-16
2.327199999999999818e+03 1.906730000000000022e-16
2.494510000000000218e+03 1.831730000000000036e-16
2.673840000000000146e+03 1.755089999999999988e-16
2.866070000000000164e+03 1.677659999999999931e-16
3.072110000000000127e+03 1.600070000000000084e-16
3.292969999999999800e+03 1.522280000000000007e-16
3.529710000000000036e+03 1.445149999999999925e-16
3.783460000000000036e+03 1.369489999999999944e-16
4.055460000000000036e+03 1.295379999999999959e-16
4.347010000000000218e+03 1.223519999999999911e-16
4.659520000000000437e+03 1.153850000000000004e-16
4.994510000000000218e+03 1.087270000000000039e-16
5.353560000000000400e+03 1.023430000000000046e-16
5.738439999999999600e+03 9.627059999999999987e-17
6.150989999999999782e+03 9.053179999999999771e-17
6.593189999999999600e+03 8.514249999999999512e-17
7.067180000000000291e+03 8.003170000000000533e-17
7.575250000000000000e+03 7.526040000000000361e-17
-----------------------


C39 O2 Excitation 4.50 eV
COMMENT: generated by bolsig_convert.py
-----------------------
1.000000000000000021e-02 0.000000000000000000e+00
1.071889999999999996e-02 0.000000000000000000e+00
1.148949999999999971e-02 0.000000000000000000e+00
1.231550000000000006e-02 0.000000000000000000e+00
1.320089999999999979e-02 0.000000000000000000e+00
1.414989999999999998e-02 0.000000000000000000e+00
1.516720000000000047e-02 0.000000000000000000e+00
1.625760000000000052e-02 0.000000000000000000e+00
1.742629999999999874e-02 0.000000000000000000e+00
1.867910000000000056e-02 0.000000000000000000e+00
2.002200000000000160e-02 0.000000000000000000e+00
2.146139999999999853e-02 0.000000000000000000e+00
2.300429999999999836e-02 0.000000000000000000e+00
2.465809999999999877e-02 0.000000000000000000e+00
2.643080000000000082e-02 0.000000000000000000e+00
2.833099999999999855e-02 0.000000000000000000e+00
3.036770000000000094e-02 0.000000000000000000e+00
3.255090000000000067e-02 0.000000000000000000e+00
3.489099999999999840e-02 0.000000000000000000e+00
3.739939999999999931e-02 0.000000000000000000e+00
4.008810000000000151e-02 0.000000000000000000e+00
4.297000000000000125e-02 0.000000000000000000e+00
4.605920000000000153e-02 0.000000000000000000e+00
4.937049999999999772e-02 0.000000000000000000e+00
5.291980000000000295e-02 0.000000000000000000e+00
5.672429999999999833e-02 0.000000000000000000e+00
6.080220000000000069e-02 0.000000000000000000e+00
6.517340000000000633e-02 0.000000000000000000e+00
6.985879999999999868e-02 0.000000000000000000e+00
7.488100000000000311e-02 0.000000000000000000e+00
8.026429999999999676e-02 0.000000000000000000e+00
8.603470000000000562e-02 0.000000000000000000e+00
9.221980000000000455e-02 0.000000000000000000e+00
9.884959999999999580e-02 0.000000000000000000e+00
1.059559999999999946e-01 0.000000000000000000e+00
1.135729999999999934e-01 0.000000000000000000e+00
1.217379999999999990e-01 0.000000000000000000e+00
1.304899999999999949e-01 0.000000000000000000e+00
1.398709999999999953e-01 0.000000000000000000e+00
1.499270000000000047e-01 0.000000000000000000e+00
1.607049999999999867e-01 0.000000000000000000e+00
1.722589999999999955e-01 0.000000000000000000e+00
1.846430000000000016e-01 0.000000000000000000e+00
1.979170000000000096e-01 0.000000000000000000e+00
2.121450000000000002e-01 0.000000000000000000e+00
2.273969999999999880e-01 0.000000000000000000e+00
2.437439999999999884e-01 0.000000000000000000e+00
2.612680000000000002e-01 0.000000000000000000e+00
2.800500000000000211e-01 0.000000000000000000e+00
3.001840000000000064e-01 0.000000000000000000e+00
3.217639999999999945e-01 0.000000000000000000e+00
3.448959999999999804e-01 0.000000000000000000e+00
3.696909999999999918e-01 0.000000000000000000e+00
3.962689999999999824e-01 0.000000000000000000e+00
4.247569999999999957e-01 0.000000000000000000e+00
4.552939999999999765e-01 0.000000000000000000e+00
4.880249999999999866e-01 0.000000000000000000e+00
5.231099999999999639e-01 0.000000000000000000e+00
5.607170000000000210e-01 0.000000000000000000e+00
6.010280000000000067e-01 0.000000000000000000e+00
6.442360000000000309e-01 0.000000000000000000e+00
6.905510000000000259e-01 0.000000000000000000e+00
7.401959999999999651e-01 0.000000000000000000e+00
7.934099999999999486e-01 0.000000000000000000e+00
8.504490000000000105e-01 0.000000000000000000e+00
9.115889999999999826e-01 0.000000000000000000e+00
9.771239999999999926e-01 0.000000000000000000e+00
1.047369999999999912e+00 0.000000000000000000e+00
1.122670000000000057e+00 0.000000000000000000e+00
1.203379999999999894e+00 0.000000000000000000e+00
1.289889999999999981e+00 0.000000000000000000e+00
1.382619999999999960e+00 0.000000000000000000e+00
1.482019999999999893e+00 0.000000000000000000e+00
1.588559999999999972e+00 0.000000000000000000e+00
1.702769999999999895e+00 0.000000000000000000e+00
1.825180000000000025e+00 0.000000000000000000e+00
1.956399999999999917e+00 0.000000000000000000e+00
2.097049999999999859e+00 0.000000000000000000e+00
2.247809999999999864e+00 0.000000000000000000e+00
2.409400000000000208e+00 0.000000000000000000e+00
2.582619999999999916e+00 0.000000000000000000e+00
2.768289999999999917e+00 0.000000000000000000e+00
2.967299999999999827e+00 0.000000000000000000e+00
3.180629999999999846e+00 0.000000000000000000e+00
3.409289999999999932e+00 0.000000000000000000e+00
3.654380000000000184e+00 0.000000000000000000e+00
3.917100000000000026e+00 0.000000000000000000e+00
4.198710000000000164e+00 0.000000000000000000e+00
4.500560000000000116e+00 0.000000000000000000e+00
4.824110000000000120e+00 0.000000000000000000e+00
5.170919999999999739e+00 0.000000000000000000e+00
5.542659999999999698e+00 0.000000000000000000e+00
5.941130000000000244e+00 0.000000000000000000e+00
6.368249999999999744e+00 0.000000000000000000e+00
6.826069999999999638e+00 0.000000000000000000e+00
7.316810000000000258e+00 0.000000000000000000e+00
7.842819999999999681e+00 0.000000000000000000e+00
8.406650000000000844e+00 0.000000000000000000e+00
9.011020000000000252e+00 0.000000000000000000e+00
9.658830000000000027e+00 0.000000000000000000e+00
1.035319999999999929e+01 0.000000000000000000e+00
1.109750000000000014e+01 0.000000000000000000e+00
1.189530000000000065e+01 0.000000000000000000e+00
1.275050000000000061e+01 1.196300000000000051e-26
1.366719999999999935e+01 5.143490000000000103e-25
1.464969999999999928e+01 2.444770000000000067e-24
1.570289999999999964e+01 1.028840000000000062e-23
1.683180000000000121e+01 3.831849999999999849e-23
1.804189999999999827e+01 1.370730000000000059e-22
1.933889999999999887e+01 4.324320000000000070e-22
2.072919999999999874e+01 1.328550000000000013e-21
2.221950000000000003e+01 3.619790000000000280e-21
2.381690000000000040e+01 9.261219999999999563e-21
2.552909999999999968e+01 2.267790000000000025e-20
2.736439999999999984e+01 5.150030000000000081e-20
2.933170000000000144e+01 1.110130000000000107e-19
3.144040000000000035e+01 2.278239999999999866e-19
3.370060000000000144e+01 4.563730000000000213e-19
3.612339999999999662e+01 8.535389999999999539e-19
3.872039999999999793e+01 1.532839999999999965e-18
4.150399999999999778e+01 2.660939999999999956e-18
4.448780000000000001e+01 4.429549999999999668e-18
4.768610000000000326e+01 7.125089999999999425e-18
5.111430000000000007e+01 1.112899999999999987e-17
5.478900000000000148e+01 1.677629999999999909e-17
5.872789999999999822e+01 2.453930000000000007e-17
6.294989999999999952e+01 3.510390000000000008e-17
6.747539999999999338e+01 4.843249999999999863e-17
7.232630000000000337e+01 6.503960000000000327e-17
7.752599999999999625e+01 8.504439999999999407e-17
8.309940000000000282e+01 1.085099999999999996e-16
8.907349999999999568e+01 1.351910000000000012e-16
9.547719999999999629e+01 1.648919999999999882e-16
1.023409999999999940e+02 1.966209999999999955e-16
1.096989999999999981e+02 2.299389999999999780e-16
1.175849999999999937e+02 2.641810000000000027e-16
1.260379999999999967e+02 2.985619999999999988e-16
1.350989999999999895e+02 3.324880000000000199e-16
1.448120000000000118e+02 3.652739999999999871e-16
1.552230000000000132e+02 3.966989999999999997e-16
1.663820000000000050e+02 4.262569999999999961e-16
1.783429999999999893e+02 4.539029999999999921e-16
1.911639999999999873e+02 4.788949999999999651e-16
2.049070000000000107e+02 5.013780000000000388e-16
2.196390000000000100e+02 5.209369999999999884e-16
2.354290000000000020e+02 5.382119999999999585e-16
2.523540000000000134e+02 5.531289999999999601e-16
2.704959999999999809e+02 5.650640000000000248e-16
2.899420000000000073e+02 5.744000000000000251e-16
3.107869999999999777e+02 5.810389999999999541e-16
3.331299999999999955e+02 5.854000000000000066e-16
3.570779999999999745e+02 5.872819999999999847e-16
3.827490000000000236e+02 5.870080000000000122e-16
4.102660000000000196e+02 5.846339999999999661e-16
4.397599999999999909e+02 5.801319999999999573e-16
4.713750000000000000e+02 5.737209999999999996e-16
5.052629999999999768e+02 5.654950000000000312e-16
5.415869999999999891e+02 5.556149999999999575e-16
5.805230000000000246e+02 5.441880000000000382e-16
6.222569999999999482e+02 5.314300000000000388e-16
6.669919999999999618e+02 5.173440000000000107e-16
7.149429999999999836e+02 5.021769999999999557e-16
7.663410000000000082e+02 4.860060000000000130e-16
8.214349999999999454e+02 4.690510000000000166e-16
8.804880000000000564e+02 4.513689999999999592e-16
9.437880000000000109e+02 4.331439999999999934e-16
1.011639999999999986e+03 4.146529999999999953e-16
1.084369999999999891e+03 3.957329999999999757e-16
1.162319999999999936e+03 3.765649999999999865e-16
1.245880000000000109e+03 3.574879999999999824e-16
1.335450000000000045e+03 3.385620000000000078e-16
1.431460000000000036e+03 3.197840000000000111e-16
1.534369999999999891e+03 3.012390000000000223e-16
1.644680000000000064e+03 2.830710000000000001e-16
1.762910000000000082e+03 2.653390000000000208e-16
1.889650000000000091e+03 2.481209999999999942e-16
2.025500000000000000e+03 2.314319999999999808e-16
2.171119999999999891e+03 2.153870000000000080e-16
2.327199999999999818e+03 2.000169999999999920e-16
2.494510000000000218e+03 1.852449999999999907e-16
2.673840000000000146e+03 1.711700000000000036e-16
2.866070000000000164e+03 1.577860000000000015e-16
3.072110000000000127e+03 1.451969999999999955e-16
3.292969999999999800e+03 1.332450000000000086e-16
3.529710000000000036e+03 1.220029999999999878e-16
3.783460000000000036e+03 1.114699999999999900e-16
4.055460000000000036e+03 1.016069999999999987e-16
4.347010000000000218e+03 9.241790000000000187e-17
4.659520000000000437e+03 8.384340000000000177e-17
4.994510000000000218e+03 7.592360000000000175e-17
5.353560000000000400e+03 6.855459999999999728e-17
5.738439999999999600e+03 6.174370000000000527e-17
6.150989999999999782e+03 5.548299999999999975e-17
6.593189999999999600e+03 4.974279999999999696e-17
7.067180000000000291e+03 4.443010000000000211e-17
7.575250000000000000e+03 3.958689999999999695e-17
-----------------------


C40 O2 Excitation 6.00 eV
COMMENT: generated by bolsig_convert.py
-----------------------
1.000000000000000021e-02 0.000000000000000000e+00
1.071889999999999996e-02 0.000000000000000000e+00
1.148949999999999971e-02 0.000000000000000000e+00
1.231550000000000006e-02 0.000000000000000000e+00
1.320089999999999979e-02 0.000000000000000000e+00
1.414989999999999998e-02 0.000000000000000000e+00
1.516720000000000047e-02 0.000000000000000000e+00
1.625760000000000052e-02 0.000000000000000000e+00
1.742629999999999874e-02 0.000000000000000000e+00
1.867910000000000056e-02 0.000000000000000000e+00
2.002200000000000160e-02 0.000000000000000000e+00
2.146139999999999853e-02 0.000000000000000000e+00
2.300429999999999836e-02 0.000000000000000000e+00
2.465809999999999877e-02 0.000000000000000000e+00
2.643080000000000082e-02 0.000000000000000000e+00
2.833099999999999855e-02 0.000000000000000000e+00
3.036770000000000094e-02 0.000000000000000000e+00
3.255090000000000067e-02 0.000000000000000000e+00
3.489099999999999840e-02 0.000000000000000000e+00
3.739939999999999931e-02 0.000000000000000000e+00
4.008810000000000151e-02 0.000000000000000000e+00
4.297000000000000125e-02 0.000000000000000000e+00
4.605920000000000153e-02 0.000000000000000000e+00
4.937049999999999772e-02 0.000000000000000000e+00
5.291980000000000295e-02 0.000000000000000000e+00
5.672429999999999833e-02 0.000000000000000000e+00
6.080220000000000069e-02 0.000000000000000000e+00
6.517340000000000633e-02 0.000000000000000000e+00
6.985879999999999868e-02 0.000000000000000000e+00
7.488100000000000311e-02 0.000000000000000000e+00
8.026429999999999676e-02 0.000000000000000000e+00
8.603470000000000562e-02 0.000000000000000000e+00
9.221980000000000455e-02 0.000000000000000000e+00
9.884959999999999580e-02 0.000000000000000000e+00
1.059559999999999946e-01 0.000000000000000000e+00
1.135729999999999934e-01 0.000000000000000000e+00
1.217379999999999990e-01 0.000000000000000000e+00
1.304899999999999949e-01 0.000000000000000000e+00
1.398709999999999953e-01 0.000000000000000000e+00
1.499270000000000047e-01 0.000000000000000000e+00
1.607049999999999867e-01 0.000000000000000000e+00
1.722589999999999955e-01 0.000000000000000000e+00
1.846430000000000016e-01 0.000000000000000000e+00
1.979170000000000096e-01 0.000000000000000000e+00
2.121450000000000002e-01 0.000000000000000000e+00
2.273969999999999880e-01 0.000000000000000000e+00
2.437439999999999884e-01 0.000000000000000000e+00
2.612680000000000002e-01 0.000000000000000000e+00
2.800500000000000211e-01 0.000000000000000000e+00
3.001840000000000064e-01 0.000000000000000000e+00
3.217639999999999945e-01 0.000000000000000000e+00
3.448959999999999804e-01 0.000000000000000000e+00
3.696909999999999918e-01 0.000000000000000000e+00
3.962689999999999824e-01 0.000000000000000000e+00
4.247569999999999957e-01 0.000000000000000000e+00
4.552939999999999765e-01 0.000000000000000000e+00
4.880249999999999866e-01 0.000000000000000000e+00
5.231099999999999639e-01 0.000000000000000000e+00
5.607170000000000210e-01 0.000000000000000000e+00
6.010280000000000067e-01 0.000000000000000000e+00
6.442360000000000309e-01 0.000000000000000000e+00
6.905510000000000259e-01 0.000000000000000000e+00
7.401959999999999651e-01 0.000000000000000000e+00
7.934099999999999486e-01 0.000000000000000000e+00
8.504490000000000105e-01 0.000000000000000000e+00
9.115889999999999826e-01 0.000000000000000000e+00
9.771239999999999926e-01 0.000000000000000000e+00
1.047369999999999912e+00 0.000000000000000000e+00
1.122670000000000057e+00 0.000000000000000000e+00
1.203379999999999894e+00 0.000000000000000000e+00
1.289889999999999981e+00 0.000000000000000000e+00
1.382619999999999960e+00 0.000000000000000000e+00
1.482019999999999893e+00 0.000000000000000000e+00
1.588559999999999972e+00 0.000000000000000000e+00
1.702769999999999895e+00 0.000000000000000000e+00
1.825180000000000025e+00 0.000000000000000000e+00
1.956399999999999917e+00 0.000000000000000000e+00
2.097049999999999859e+00 0.000000000000000000e+00
2.247809999999999864e+00 0.000000000000000000e+00
2.409400000000000208e+00 0.000000000000000000e+00
2.582619999999999916e+00 0.000000000000000000e+00
2.768289999999999917e+00 0.000000000000000000e+00
2.967299999999999827e+00 0.000000000000000000e+00
3.180629999999999846e+00 0.000000000000000000e+00
3.409289999999999932e+00 0.000000000000000000e+00
3.654380000000000184e+00 0.000000000000000000e+00
3.917100000000000026e+00 0.000000000000000000e+00
4.198710000000000164e+00 0.000000000000000000e+00
4.500560000000000116e+00 0.000000000000000000e+00
4.824110000000000120e+00 0.000000000000000000e+00
5.170919999999999739e+00 0.000000000000000000e+00
5.542659999999999698e+00 0.000000000000000000e+00
5.941130000000000244e+00 0.000000000000000000e+00
6.368249999999999744e+00 0.000000000000000000e+00
6.826069999999999638e+00 0.000000000000000000e+00
7.316810000000000258e+00 0.000000000000000000e+00
7.842819999999999681e+00 0.000000000000000000e+00
8.406650000000000844e+00 0.000000000000000000e+00
9.011020000000000252e+00 0.000000000000000000e+00
9.658830000000000027e+00 0.000000000000000000e+00
1.035319999999999929e+01 0.000000000000000000e+00
1.109750000000000014e+01 0.000000000000000000e+00
1.189530000000000065e+01 0.000000000000000000e+00
1.275050000000000061e+01 0.000000000000000000e+00
1.366719999999999935e+01 2.597670000000000001e-25
1.464969999999999928e+01 1.788539999999999913e-24
1.570289999999999964e+01 7.867960000000000021e-24
1.683180000000000121e+01 3.120639999999999981e-23
1.804189999999999827e+01 1.180630000000000064e-22
1.933889999999999887e+01 3.928460000000000011e-22
2.072919999999999874e+01 1.267980000000000091e-21
2.221950000000000003e+01 3.617210000000000343e-21
2.381690000000000040e+01 9.659909999999999481e-21
2.552909999999999968e+01 2.462209999999999916e-20
2.736439999999999984e+01 5.806319999999999450e-20
2.933170000000000144e+01 1.296880000000000047e-19
3.144040000000000035e+01 2.752519999999999760e-19
3.370060000000000144e+01 5.692819999999999534e-19
3.612339999999999662e+01 1.097650000000000087e-18
3.872039999999999793e+01 2.029569999999999979e-18
4.150399999999999778e+01 3.623290000000000077e-18
4.448780000000000001e+01 6.196580000000000349e-18
4.768610000000000326e+01 1.023100000000000049e-17
5.111430000000000007e+01 1.638979999999999887e-17
5.478900000000000148e+01 2.532190000000000082e-17
5.872789999999999822e+01 3.793839999999999836e-17
6.294989999999999952e+01 5.555730000000000250e-17
6.747539999999999338e+01 7.843199999999999681e-17
7.232630000000000337e+01 1.077259999999999952e-16
7.752599999999999625e+01 1.440169999999999941e-16
8.309940000000000282e+01 1.878159999999999935e-16
8.907349999999999568e+01 2.391080000000000191e-16
9.547719999999999629e+01 2.979490000000000221e-16
1.023409999999999940e+02 3.629049999999999776e-16
1.096989999999999981e+02 4.334509999999999903e-16
1.175849999999999937e+02 5.085670000000000457e-16
1.260379999999999967e+02 5.869450000000000149e-16
1.350989999999999895e+02 6.675109999999999913e-16
1.448120000000000118e+02 7.489209999999999672e-16
1.552230000000000132e+02 8.307140000000000126e-16
1.663820000000000050e+02 9.117700000000000226e-16
1.783429999999999893e+02 9.918780000000000219e-16
1.911639999999999873e+02 1.069310000000000015e-15
2.049070000000000107e+02 1.144160000000000038e-15
2.196390000000000100e+02 1.215259999999999951e-15
2.354290000000000020e+02 1.283849999999999947e-15
2.523540000000000134e+02 1.349509999999999914e-15
2.704959999999999809e+02 1.410530000000000065e-15
2.899420000000000073e+02 1.467510000000000056e-15
3.107869999999999777e+02 1.519860000000000009e-15
3.331299999999999955e+02 1.568359999999999910e-15
3.570779999999999745e+02 1.612110000000000079e-15
3.827490000000000236e+02 1.651740000000000093e-15
4.102660000000000196e+02 1.687050000000000070e-15
4.397599999999999909e+02 1.717589999999999970e-15
4.713750000000000000e+02 1.743580000000000024e-15
5.052629999999999768e+02 1.765069999999999906e-15
5.415869999999999891e+02 1.782060000000000010e-15
5.805230000000000246e+02 1.794659999999999860e-15
6.222569999999999482e+02 1.803109999999999830e-15
6.669919999999999618e+02 1.807100000000000117e-15
7.149429999999999836e+02 1.806969999999999857e-15
7.663410000000000082e+02 1.802789999999999856e-15
8.214349999999999454e+02 1.794799999999999898e-15
8.804880000000000564e+02 1.782999999999999982e-15
9.437880000000000109e+02 1.767650000000000038e-15
1.011639999999999986e+03 1.749109999999999938e-15
1.084369999999999891e+03 1.727049999999999931e-15
1.162319999999999936e+03 1.701630000000000003e-15
1.245880000000000109e+03 1.673650000000000088e-15
1.335450000000000045e+03 1.643160000000000060e-15
1.431460000000000036e+03 1.609800000000000047e-15
1.534369999999999891e+03 1.574040000000000034e-15
1.644680000000000064e+03 1.536110000000000027e-15
1.762910000000000082e+03 1.495969999999999931e-15
1.889650000000000091e+03 1.453870000000000095e-15
2.025500000000000000e+03 1.409889999999999920e-15
2.171119999999999891e+03 1.364330000000000024e-15
2.327199999999999818e+03 1.317340000000000024e-15
2.494510000000000218e+03 1.268769999999999907e-15
2.673840000000000146e+03 1.218940000000000042e-15
2.866070000000000164e+03 1.168160000000000033e-15
3.072110000000000127e+03 1.116799999999999925e-15
3.292969999999999800e+03 1.064490000000000067e-15
3.529710000000000036e+03 1.011669999999999930e-15
3.783460000000000036e+03 9.588200000000000673e-16
4.055460000000000036e+03 9.058810000000000564e-16
4.347010000000000218e+03 8.531930000000000176e-16
4.659520000000000437e+03 8.007859999999999728e-16
4.994510000000000218e+03 7.492439999999999924e-16
5.353560000000000400e+03 6.983949999999999820e-16
5.738439999999999600e+03 6.485809999999999973e-16
6.150989999999999782e+03 6.001060000000000330e-16
6.593189999999999600e+03 5.531629999999999523e-16
7.067180000000000291e+03 5.075770000000000040e-16
7.575250000000000000e+03 4.638430000000000116e-16
-----------------------


C41 O2 Excitation 8.40 eV
COMMENT: generated by bolsig_convert.py
-----------------------
1.000000000000000021e-02 0.000000000000000000e+00
1.071889999999999996e-02 0.000000000000000000e+00
1.148949999999999971e-02 0.000000000000000000e+00
1.231550000000000006e-02 0.000000000000000000e+00
1.320089999999999979e-02 0.000000000000000000e+00
1.414989999999999998e-02 0.000000000000000000e+00
1.516720000000000047e-02 0.000000000000000000e+00
1.625760000000000052e-02 0.000000000000000000e+00
1.742629999999999874e-02 0.000000000000000000e+00
1.867910000000000056e-02 0.000000000000000000e+00
2.002200000000000160e-02 0.000000000000000000e+00
2.146139999999999853e-02 0.000000000000000000e+00
2.300429999999999836e-02 0.000000000000000000e+00
2.465809999999999877e-02 0.000000000000000000e+00
2.643080000000000082e-02 0.000000000000000000e+00
2.833099999999999855e-02 0.000000000000000000e+00
3.036770000000000094e-02 0.000000000000000000e+00
3.255090000000000067e-02 0.000000000000000000e+00
3.489099999999999840e-02 0.000000000000000000e+00
3.739939999999999931e-02 0.000000000000000000e+00
4.008810000000000151e-02 0.000000000000000000e+00
4.297000000000000125e-02 0.000000000000000000e+00
4.605920000000000153e-02 0.000000000000000000e+00
4.937049999999999772e-02 0.000000000000000000e+00
5.291980000000000295e-02 0.000000000000000000e+00
5.672429999999999833e-02 0.000000000000000000e+00
6.080220000000000069e-02 0.000000000000000000e+00
6.517340000000000633e-02 0.000000000000000000e+00
6.985879999999999868e-02 0.000000000000000000e+00
7.488100000000000311e-02 0.000000000000000000e+00
8.026429999999999676e-02 0.000000000000000000e+00
8.603470000000000562e-02 0.000000000000000000e+00
9.221980000000000455e-02 0.000000000000000000e+00
9.884959999999999580e-02 0.000000000000000000e+00
1.059559999999999946e-01 0.000000000000000000e+00
1.135729999999999934e-01 0.000000000000000000e+00
1.217379999999999990e-01 0.000000000000000000e+00
1.304899999999999949e-01 0.000000000000000000e+00
1.398709999999999953e-01 0.000000000000000000e+00
1.499270000000000047e-01 0.000000000000000000e+00
1.607049999999999867e-01 0.000000000000000000e+00
1.722589999999999955e-01 0.000000000000000000e+00
1.846430000000000016e-01 0.000000000000000000e+00
1.979170000000000096e-01 0.000000000000000000e+00
2.121450000000000002e-01 0.000000000000000000e+00
2.273969999999999880e-01 0.000000000000000000e+00
2.437439999999999884e-01 0.000000000000000000e+00
2.612680000000000002e-01 0.000000000000000000e+00
2.800500000000000211e-01 0.000000000000000000e+00
3.001840000000000064e-01 0.000000000000000000e+00
3.217639999999999945e-01 0.000000000000000000e+00
3.448959999999999804e-01 0.000000000000000000e+00
3.696909999999999918e-01 0.000000000000000000e+00
3.962689999999999824e-01 0.000000000000000000e+00
4.247569999999999957e-01 0.000000000000000000e+00
4.552939999999999765e-01 0.000000000000000000e+00
4.880249999999999866e-01 0.000000000000000000e+00
5.231099999999999639e-01 0.000000000000000000e+00
5.607170000000000210e-01 0.000000000000000000e+00
6.010280000000000067e-01 0.000000000000000000e+00
6.442360000000000309e-01 0.000000000000000000e+00
6.905510000000000259e-01 0.000000000000000000e+00
7.401959999999999651e-01 0.000000000000000000e+00
7.934099999999999486e-01 0.000000000000000000e+00
8.504490000000000105e-01 0.000000000000000000e+00
9.115889999999999826e-01 0.000000000000000000e+00
9.771239999999999926e-01 0.000000000000000000e+00
1.047369999999999912e+00 0.000000000000000000e+00
1.122670000000000057e+00 0.000000000000000000e+00
1.203379999999999894e+00 0.000000000000000000e+00
1.289889999999999981e+00 0.000000000000000000e+00
1.382619999999999960e+00 0.000000000000000000e+00
1.482019999999999893e+00 0.000000000000000000e+00
1.588559999999999972e+00 0.000000000000000000e+00
1.702769999999999895e+00 0.000000000000000000e+00
1.825180000000000025e+00 0.000000000000000000e+00
1.956399999999999917e+00 0.000000000000000000e+00
2.097049999999999859e+00 0.000000000000000000e+00
2.247809999999999864e+00 0.000000000000000000e+00
2.409400000000000208e+00 0.000000000000000000e+00
2.582619999999999916e+00 0.000000000000000000e+00
2.768289999999999917e+00 0.000000000000000000e+00
2.967299999999999827e+00 0.000000000000000000e+00
3.180629999999999846e+00 0.000000000000000000e+00
3.409289999999999932e+00 0.000000000000000000e+00
3.654380000000000184e+00 0.000000000000000000e+00
3.917100000000000026e+00 0.000000000000000000e+00
4.198710000000000164e+00 0.000000000000000000e+00
4.500560000000000116e+00 0.000000000000000000e+00
4.824110000000000120e+00 0.000000000000000000e+00
5.170919999999999739e+00 0.000000000000000000e+00
5.542659999999999698e+00 0.000000000000000000e+00
5.941130000000000244e+00 0.000000000000000000e+00
6.368249999999999744e+00 0.000000000000000000e+00
6.826069999999999638e+00 0.000000000000000000e+00
7.316810000000000258e+00 0.000000000000000000e+00
7.842819999999999681e+00 0.000000000000000000e+00
8.406650000000000844e+00 0.000000000000000000e+00
9.011020000000000252e+00 0.000000000000000000e+00
9.658830000000000027e+00 0.000000000000000000e+00
1.035319999999999929e+01 0.000000000000000000e+00
1.109750000000000014e+01 0.000000000000000000e+00
1.189530000000000065e+01 0.000000000000000000e+00
1.275050000000000061e+01 0.000000000000000000e+00
1.366719999999999935e+01 0.000000000000000000e+00
1.464969999999999928e+01 0.000000000000000000e+00
1.570289999999999964e+01 7.692669999999999810e-25
1.683180000000000121e+01 3.784569999999999763e-24
1.804189999999999827e+01 1.774020000000000138e-23
1.933889999999999887e+01 7.147680000000000480e-23
2.072919999999999874e+01 2.758590000000000130e-22
2.221950000000000003e+01 9.311580000000000418e-22
2.381690000000000040e+01 2.912940000000000118e-21
2.552909999999999968e+01 8.616110000000000375e-21
2.736439999999999984e+01 2.337960000000000065e-20
2.933170000000000144e+01 5.961319999999999781e-20
3.144040000000000035e+01 1.433789999999999903e-19
3.370060000000000144e+01 3.337200000000000142e-19
3.612339999999999662e+01 7.196110000000000299e-19
3.872039999999999793e+01 1.479220000000000053e-18
4.150399999999999778e+01 2.919190000000000103e-18
4.448780000000000001e+01 5.490830000000000079e-18
4.768610000000000326e+01 9.922330000000000727e-18
5.111430000000000007e+01 1.731750000000000049e-17
5.478900000000000148e+01 2.902660000000000238e-17
5.872789999999999822e+01 4.699349999999999881e-17
6.294989999999999952e+01 7.408249999999999388e-17
6.747539999999999338e+01 1.122119999999999881e-16
7.232630000000000337e+01 1.648409999999999998e-16
7.752599999999999625e+01 2.349970000000000200e-16
8.309940000000000282e+01 3.259590000000000079e-16
8.907349999999999568e+01 4.403130000000000020e-16
9.547719999999999629e+01 5.809079999999999723e-16
1.023409999999999940e+02 7.476699999999999790e-16
1.096989999999999981e+02 9.420320000000000792e-16
1.175849999999999937e+02 1.164099999999999924e-15
1.260379999999999967e+02 1.413299999999999911e-15
1.350989999999999895e+02 1.688920000000000039e-15
1.448120000000000118e+02 1.989220000000000008e-15
1.552230000000000132e+02 2.314550000000000109e-15
1.663820000000000050e+02 2.663149999999999897e-15
1.783429999999999893e+02 3.035520000000000069e-15
1.911639999999999873e+02 3.427610000000000096e-15
2.049070000000000107e+02 3.840310000000000274e-15
2.196390000000000100e+02 4.270269999999999869e-15
2.354290000000000020e+02 4.722289999999999668e-15
2.523540000000000134e+02 5.195259999999999937e-15
2.704959999999999809e+02 5.683699999999999646e-15
2.899420000000000073e+02 6.189469999999999973e-15
3.107869999999999777e+02 6.709969999999999655e-15
3.331299999999999955e+02 7.248409999999999782e-15
3.570779999999999745e+02 7.799640000000000655e-15
3.827490000000000236e+02 8.367249999999999637e-15
4.102660000000000196e+02 8.949329999999999819e-15
4.397599999999999909e+02 9.542010000000000606e-15
4.713750000000000000e+02 1.014500000000000057e-14
5.052629999999999768e+02 1.075820000000000036e-14
5.415869999999999891e+02 1.137910000000000064e-14
5.805230000000000246e+02 1.200769999999999985e-14
6.222569999999999482e+02 1.264270000000000011e-14
6.669919999999999618e+02 1.328090000000000011e-14
7.149429999999999836e+02 1.392139999999999938e-14
7.663410000000000082e+02 1.456359999999999865e-14
8.214349999999999454e+02 1.520519999999999866e-14
8.804880000000000564e+02 1.584549999999999923e-14
9.437880000000000109e+02 1.648309999999999996e-14
1.011639999999999986e+03 1.711520000000000012e-14
1.084369999999999891e+03 1.774230000000000118e-14
1.162319999999999936e+03 1.836049999999999848e-14
1.245880000000000109e+03 1.897240000000000040e-14
1.335450000000000045e+03 1.957609999999999875e-14
1.431460000000000036e+03 2.016380000000000000e-14
1.534369999999999891e+03 2.074249999999999972e-14
1.644680000000000064e+03 2.130899999999999975e-14
1.762910000000000082e+03 2.185630000000000137e-14
1.889650000000000091e+03 2.238819999999999883e-14
2.025500000000000000e+03 2.290020000000000084e-14
2.171119999999999891e+03 2.338979999999999996e-14
2.327199999999999818e+03 2.385559999999999897e-14
2.494510000000000218e+03 2.429620000000000064e-14
2.673840000000000146e+03 2.470759999999999940e-14
2.866070000000000164e+03 2.508870000000000080e-14
3.072110000000000127e+03 2.543339999999999869e-14
3.292969999999999800e+03 2.574250000000000050e-14
3.529710000000000036e+03 2.601100000000000082e-14
3.783460000000000036e+03 2.623709999999999871e-14
4.055460000000000036e+03 2.641810000000000067e-14
4.347010000000000218e+03 2.655119999999999962e-14
4.659520000000000437e+03 2.663439999999999908e-14
4.994510000000000218e+03 2.666420000000000126e-14
5.353560000000000400e+03 2.664119999999999911e-14
5.738439999999999600e+03 2.656350000000000023e-14
6.150989999999999782e+03 2.642960000000000017e-14
6.593189999999999600e+03 2.623830000000000039e-14
7.067180000000000291e+03 2.599200000000000110e-14
7.575250000000000000e+03 2.568890000000000136e-14
-----------------------


C42 O2 Excitation 9.97 eV
COMMENT: generated by bolsig_convert.py
-----------------------
1.000000000000000021e-02 0.000000000000000000e+00
1.071889999999999996e-02 0.000000000000000000e+00
1.148949999999999971e-02 0.000000000000000000e+00
1.231550000000000006e-02 0.000000000000000000e+00
1.320089999999999979e-02 0.000000000000000000e+00
1.414989999999999998e-02 0.000000000000000000e+00
1.516720000000000047e-02 0.000000000000000000e+00
1.625760000000000052e-02 0.000000000000000000e+00
1.742629999999999874e-02 0.000000000000000000e+00
1.867910000000000056e-02 0.000000000000000000e+00
2.002200000000000160e-02 0.000000000000000000e+00
2.146139999999999853e-02 0.000000000000000000e+00
2.300429999999999836e-02 0.000000000000000000e+00
2.465809999999999877e-02 0.000000000000000000e+00
2.643080000000000082e-02 0.000000000000000000e+00
2.833099999999999855e-02 0.000000000000000000e+00
3.036770000000000094e-02 0.000000000000000000e+00
3.255090000000000067e-02 0.000000000000000000e+00
3.489099999999999840e-02 0.000000000000000000e+00
3.739939999999999931e-02 0.000000000000000000e+00
4.008810000000000151e-02 0.000000000000000000e+00
4.297000000000000125e-02 0.000000000000000000e+00
4.605920000000000153e-02 0.000000000000000000e+00
4.937049999999999772e-02 0.000000000000000000e+00
5.291980000000000295e-02 0.000000000000000000e+00
5.672429999999999833e-02 0.000000000000000000e+00
6.080220000000000069e-02 0.000000000000000000e+00
6.517340000000000633e-02 0.000000000000000000e+00
6.985879999999999868e-02 0.000000000000000000e+00
7.488100000000000311e-02 0.000000000000000000e+00
8.026429999999999676e-02 0.000000000000000000e+00
8.603470000000000562e-02 0.000000000000000000e+00
9.221980000000000455e-02 0.000000000000000000e+00
9.884959999999999580e-02 0.000000000000000000e+00
1.059559999999999946e-01 0.000000000000000000e+00
1.135729999999999934e-01 0.000000000000000000e+00
1.217379999999999990e-01 0.000000000000000000e+00
1.304899999999999949e-01 0.000000000000000000e+00
1.398709999999999953e-01 0.000000000000000000e+00
1.499270000000000047e-01 0.000000000000000000e+00
1.607049999999999867e-01 0.000000000000000000e+00
1.722589999999999955e-01 0.000000000000000000e+00
1.846430000000000016e-01 0.000000000000000000e+00
1.979170000000000096e-01 0.000000000000000000e+00
2.121450000000000002e-01 0.000000000000000000e+00
2.273969999999999880e-01 0.000000000000000000e+00
2.437439999999999884e-01 0.000000000000000000e+00
2.612680000000000002e-01 0.000000000000000000e+00
2.800500000000000211e-01 0.000000000000000000e+00
3.001840000000000064e-01 0.000000000000000000e+00
3.217639999999999945e-01 0.000000000000000000e+00
3.448959999999999804e-01 0.000000000000000000e+00
3.696909999999999918e-01 0.000000000000000000e+00
3.962689999999999824e-01 0.000000000000000000e+00
4.247569999999999957e-01 0.000000000000000000e+00
4.552939999999999765e-01 0.000000000000000000e+00
4.880249999999999866e-01 0.000000000000000000e+00
5.231099999999999639e-01 0.000000000000000000e+00
5.607170000000000210e-01 0.000000000000000000e+00
6.010280000000000067e-01 0.000000000000000000e+00
6.442360000000000309e-01 0.000000000000000000e+00
6.905510000000000259e-01 0.000000000000000000e+00
7.401959999999999651e-01 0.000000000000000000e+00
7.934099999999999486e-01 0.000000000000000000e+00
8.504490000000000105e-01 0.000000000000000000e+00
9.115889999999999826e-01 0.000000000000000000e+00
9.771239999999999926e-01 0.000000000000000000e+00
1.047369999999999912e+00 0.000000000000000000e+00
1.122670000000000057e+00 0.000000000000000000e+00
1.203379999999999894e+00 0.000000000000000000e+00
1.289889999999999981e+00 0.000000000000000000e+00
1.382619999999999960e+00 0.000000000000000000e+00
1.482019999999999893e+00 0.000000000000000000e+00
1.588559999999999972e+00 0.000000000000000000e+00
1.702769999999999895e+00 0.000000000000000000e+00
1.825180000000000025e+00 0.000000000000000000e+00
1.956399999999999917e+00 0.000000000000000000e+00
2.097049999999999859e+00 0.000000000000000000e+00
2.247809999999999864e+00 0.000000000000000000e+00
2.409400000000000208e+00 0.000000000000000000e+00
2.582619999999999916e+00 0.000000000000000000e+00
2.768289999999999917e+00 0.000000000000000000e+00
2.967299999999999827e+00 0.000000000000000000e+00
3.180629999999999846e+00 0.000000000000000000e+00
3.409289999999999932e+00 0.000000000000000000e+00
3.654380000000000184e+00 0.000000000000000000e+00
3.917100000000000026e+00 0.000000000000000000e+00
4.198710000000000164e+00 0.000000000000000000e+00
4.500560000000000116e+00 0.000000000000000000e+00
4.824110000000000120e+00 0.000000000000000000e+00
5.170919999999999739e+00 0.000000000000000000e+00
5.542659999999999698e+00 0.000000000000000000e+00
5.941130000000000244e+00 0.000000000000000000e+00
6.368249999999999744e+00 0.000000000000000000e+00
6.826069999999999638e+00 0.000000000000000000e+00
7.316810000000000258e+00 0.000000000000000000e+00
7.842819999999999681e+00 0.000000000000000000e+00
8.406650000000000844e+00 0.000000000000000000e+00
9.011020000000000252e+00 0.000000000000000000e+00
9.658830000000000027e+00 0.000000000000000000e+00
1.035319999999999929e+01 0.000000000000000000e+00
1.109750000000000014e+01 0.000000000000000000e+00
1.189530000000000065e+01 0.000000000000000000e+00
1.275050000000000061e+01 0.000000000000000000e+00
1.366719999999999935e+01 0.000000000000000000e+00
1.464969999999999928e+01 0.000000000000000000e+00
1.570289999999999964e+01 0.000000000000000000e+00
1.683180000000000121e+01 0.000000000000000000e+00
1.804189999999999827e+01 4.905320000000000166e-28
1.933889999999999887e+01 2.527849999999999834e-27
2.072919999999999874e+01 1.356829999999999937e-26
2.221950000000000003e+01 5.782520000000000443e-26
2.381690000000000040e+01 2.254759999999999842e-25
2.552909999999999968e+01 8.224549999999999810e-25
2.736439999999999984e+01 2.718109999999999862e-24
2.933170000000000144e+01 8.354149999999999810e-24
3.144040000000000035e+01 2.398690000000000050e-23
3.370060000000000144e+01 6.608500000000000483e-23
3.612339999999999662e+01 1.671730000000000066e-22
3.872039999999999793e+01 4.000150000000000016e-22
4.150399999999999778e+01 9.125780000000000320e-22
4.448780000000000001e+01 1.970499999999999829e-21
4.768610000000000326e+01 4.062849999999999658e-21
5.111430000000000007e+01 8.047069999999999268e-21
5.478900000000000148e+01 1.522519999999999914e-20
5.872789999999999822e+01 2.769600000000000149e-20
6.294989999999999952e+01 4.885840000000000174e-20
6.747539999999999338e+01 8.249940000000000559e-20
7.232630000000000337e+01 1.346590000000000041e-19
7.752599999999999625e+01 2.127019999999999940e-19
8.309940000000000282e+01 3.260349999999999950e-19
8.907349999999999568e+01 4.856190000000000081e-19
9.547719999999999629e+01 7.050720000000000028e-19
1.023409999999999940e+02 9.970489999999999322e-19
1.096989999999999981e+02 1.378270000000000024e-18
1.175849999999999937e+02 1.866320000000000096e-18
1.260379999999999967e+02 2.480189999999999974e-18
1.350989999999999895e+02 3.241140000000000150e-18
1.448120000000000118e+02 4.171109999999999833e-18
1.552230000000000132e+02 5.298709999999999903e-18
1.663820000000000050e+02 6.651579999999999854e-18
1.783429999999999893e+02 8.265940000000000561e-18
1.911639999999999873e+02 1.016970000000000067e-17
2.049070000000000107e+02 1.240700000000000031e-17
2.196390000000000100e+02 1.501460000000000021e-17
2.354290000000000020e+02 1.805849999999999986e-17
2.523540000000000134e+02 2.159350000000000146e-17
2.704959999999999809e+02 2.566409999999999889e-17
2.899420000000000073e+02 3.034549999999999927e-17
3.107869999999999777e+02 3.570190000000000260e-17
3.331299999999999955e+02 4.183369999999999951e-17
3.570779999999999745e+02 4.880200000000000271e-17
3.827490000000000236e+02 5.673999999999999853e-17
4.102660000000000196e+02 6.575200000000000573e-17
4.397599999999999909e+02 7.592649999999999732e-17
4.713750000000000000e+02 8.740020000000000121e-17
5.052629999999999768e+02 1.003240000000000033e-16
5.415869999999999891e+02 1.148359999999999889e-16
5.805230000000000246e+02 1.311160000000000040e-16
6.222569999999999482e+02 1.493379999999999922e-16
6.669919999999999618e+02 1.696860000000000075e-16
7.149429999999999836e+02 1.923610000000000013e-16
7.663410000000000082e+02 2.175960000000000060e-16
8.214349999999999454e+02 2.456079999999999769e-16
8.804880000000000564e+02 2.766470000000000164e-16
9.437880000000000109e+02 3.109560000000000085e-16
1.011639999999999986e+03 3.487220000000000092e-16
1.084369999999999891e+03 3.902899999999999778e-16
1.162319999999999936e+03 4.358000000000000014e-16
1.245880000000000109e+03 4.855439999999999672e-16
1.335450000000000045e+03 5.396860000000000294e-16
1.431460000000000036e+03 5.981590000000000232e-16
1.534369999999999891e+03 6.613570000000000100e-16
1.644680000000000064e+03 7.292279999999999842e-16
1.762910000000000082e+03 8.013819999999999533e-16
1.889650000000000091e+03 8.781120000000000188e-16
2.025500000000000000e+03 9.588900000000000861e-16
2.171119999999999891e+03 1.043290000000000038e-15
2.327199999999999818e+03 1.130859999999999999e-15
2.494510000000000218e+03 1.221410000000000061e-15
2.673840000000000146e+03 1.314119999999999944e-15
2.866070000000000164e+03 1.408070000000000021e-15
3.072110000000000127e+03 1.502100000000000092e-15
3.292969999999999800e+03 1.596209999999999958e-15
3.529710000000000036e+03 1.689130000000000095e-15
3.783460000000000036e+03 1.779439999999999979e-15
4.055460000000000036e+03 1.866689999999999967e-15
4.347010000000000218e+03 1.949630000000000088e-15
4.659520000000000437e+03 2.027799999999999937e-15
4.994510000000000218e+03 2.099589999999999867e-15
5.353560000000000400e+03 2.164880000000000184e-15
5.738439999999999600e+03 2.222800000000000147e-15
6.150989999999999782e+03 2.272430000000000127e-15
6.593189999999999600e+03 2.313130000000000177e-15
7.067180000000000291e+03 2.345289999999999895e-15
7.575250000000000000e+03 2.367539999999999813e-15
-----------------------


C43 O2 Ionization 12.06 eV
COMMENT: generated by bolsig_convert.py
-----------------------
1.000000000000000021e-02 0.000000000000000000e+00
1.071889999999999996e-02 0.000000000000000000e+00
1.148949999999999971e-02 0.000000000000000000e+00
1.231550000000000006e-02 0.000000000000000000e+00
1.320089999999999979e-02 0.000000000000000000e+00
1.414989999999999998e-02 0.000000000000000000e+00
1.516720000000000047e-02 0.000000000000000000e+00
1.625760000000000052e-02 0.000000000000000000e+00
1.742629999999999874e-02 0.000000000000000000e+00
1.867910000000000056e-02 0.000000000000000000e+00
2.002200000000000160e-02 0.000000000000000000e+00
2.146139999999999853e-02 0.000000000000000000e+00
2.300429999999999836e-02 0.000000000000000000e+00
2.465809999999999877e-02 0.000000000000000000e+00
2.643080000000000082e-02 0.000000000000000000e+00
2.833099999999999855e-02 0.000000000000000000e+00
3.036770000000000094e-02 0.000000000000000000e+00
3.255090000000000067e-02 0.000000000000000000e+00
3.489099999999999840e-02 0.000000000000000000e+00
3.739939999999999931e-02 0.000000000000000000e+00
4.008810000000000151e-02 0.000000000000000000e+00
4.297000000000000125e-02 0.000000000000000000e+00
4.605920000000000153e-02 0.000000000000000000e+00
4.937049999999999772e-02 0.000000000000000000e+00
5.291980000000000295e-02 0.000000000000000000e+00
5.672429999999999833e-02 0.000000000000000000e+00
6.080220000000000069e-02 0.000000000000000000e+00
6.517340000000000633e-02 0.000000000000000000e+00
6.985879999999999868e-02 0.000000000000000000e+00
7.488100000000000311e-02 0.000000000000000000e+00
8.026429999999999676e-02 0.000000000000000000e+00
8.603470000000000562e-02 0.000000000000000000e+00
9.221980000000000455e-02 0.000000000000000000e+00
9.884959999999999580e-02 0.000000000000000000e+00
1.059559999999999946e-01 0.000000000000000000e+00
1.135729999999999934e-01 0.000000000000000000e+00
1.217379999999999990e-01 0.000000000000000000e+00
1.304899999999999949e-01 0.000000000000000000e+00
1.398709999999999953e-01 0.000000000000000000e+00
1.499270000000000047e-01 0.000000000000000000e+00
1.607049999999999867e-01 0.000000000000000000e+00
1.722589999999999955e-01 0.000000000000000000e+00
1.846430000000000016e-01 0.000000000000000000e+00
1.979170000000000096e-01 0.000000000000000000e+00
2.121450000000000002e-01 0.000000000000000000e+00
2.273969999999999880e-01 0.000000000000000000e+00
2.437439999999999884e-01 0.000000000000000000e+00
2.612680000000000002e-01 0.000000000000000000e+00
2.800500000000000211e-01 0.000000000000000000e+00
3.001840000000000064e-01 0.000000000000000000e+00
3.217639999999999945e-01 0.000000000000000000e+00
3.448959999999999804e-01 0.000000000000000000e+00
3.696909999999999918e-01 0.000000000000000000e+00
3.962689999999999824e-01 0.000000000000000000e+00
4.247569999999999957e-01 0.000000000000000000e+00
4.552939999999999765e-01 0.000000000000000000e+00
4.880249999999999866e-01 0.000000000000000000e+00
5.231099999999999639e-01 0.000000000000000000e+00
5.607170000000000210e-01 0.000000000000000000e+00
6.010280000000000067e-01 0.000000000000000000e+00
6.442360000000000309e-01 0.000000000000000000e+00
6.905510000000000259e-01 0.000000000000000000e+00
7.401959999999999651e-01 0.000000000000000000e+00
7.934099999999999486e-01 0.000000000000000000e+00
8.504490000000000105e-01 0.000000000000000000e+00
9.115889999999999826e-01 0.000000000000000000e+00
9.771239999999999926e-01 0.000000000000000000e+00
1.047369999999999912e+00 0.000000000000000000e+00
1.122670000000000057e+00 0.000000000000000000e+00
1.203379999999999894e+00 0.000000000000000000e+00
1.289889999999999981e+00 0.000000000000000000e+00
1.382619999999999960e+00 0.000000000000000000e+00
1.482019999999999893e+00 0.000000000000000000e+00
1.588559999999999972e+00 0.000000000000000000e+00
1.702769999999999895e+00 0.000000000000000000e+00
1.825180000000000025e+00 0.000000000000000000e+00
1.956399999999999917e+00 0.000000000000000000e+00
2.097049999999999859e+00 0.000000000000000000e+00
2.247809999999999864e+00 0.000000000000000000e+00
2.409400000000000208e+00 0.000000000000000000e+00
2.582619999999999916e+00 0.000000000000000000e+00
2.768289999999999917e+00 0.000000000000000000e+00
2.967299999999999827e+00 0.000000000000000000e+00
3.180629999999999846e+00 0.000000000000000000e+00
3.409289999999999932e+00 0.000000000000000000e+00
3.654380000000000184e+00 0.000000000000000000e+00
3.917100000000000026e+00 0.000000000000000000e+00
4.198710000000000164e+00 0.000000000000000000e+00
4.500560000000000116e+00 0.000000000000000000e+00
4.824110000000000120e+00 0.000000000000000000e+00
5.170919999999999739e+00 0.000000000000000000e+00
5.542659999999999698e+00 0.000000000000000000e+00
5.941130000000000244e+00 0.000000000000000000e+00
6.368249999999999744e+00 0.000000000000000000e+00
6.826069999999999638e+00 0.000000000000000000e+00
7.316810000000000258e+00 0.000000000000000000e+00
7.842819999999999681e+00 0.000000000000000000e+00
8.406650000000000844e+00 0.000000000000000000e+00
9.011020000000000252e+00 0.000000000000000000e+00
9.658830000000000027e+00 0.000000000000000000e+00
1.035319999999999929e+01 0.000000000000000000e+00
1.109750000000000014e+01 0.000000000000000000e+00
1.189530000000000065e+01 0.000000000000000000e+00
1.275050000000000061e+01 0.000000000000000000e+00
1.366719999999999935e+01 0.000000000000000000e+00
1.464969999999999928e+01 0.000000000000000000e+00
1.570289999999999964e+01 0.000000000000000000e+00
1.683180000000000121e+01 0.000000000000000000e+00
1.804189999999999827e+01 0.000000000000000000e+00
1.933889999999999887e+01 0.000000000000000000e+00
2.072919999999999874e+01 1.185429999999999974e-27
2.221950000000000003e+01 6.879530000000000636e-27
2.381690000000000040e+01 3.563909999999999878e-26
2.552909999999999968e+01 2.042749999999999956e-25
2.736439999999999984e+01 8.852609999999999115e-25
2.933170000000000144e+01 3.506560000000000063e-24
3.144040000000000035e+01 1.276760000000000022e-23
3.370060000000000144e+01 4.418319999999999906e-23
3.612339999999999662e+01 1.379330000000000086e-22
3.872039999999999793e+01 4.022909999999999782e-22
4.150399999999999778e+01 1.107069999999999951e-21
4.448780000000000001e+01 2.850230000000000174e-21
4.768610000000000326e+01 6.939329999999999801e-21
5.111430000000000007e+01 1.609689999999999976e-20
5.478900000000000148e+01 3.534229999999999981e-20
5.872789999999999822e+01 7.403320000000000466e-20
6.294989999999999952e+01 1.493670000000000051e-19
6.747539999999999338e+01 2.864039999999999957e-19
7.232630000000000337e+01 5.275299999999999771e-19
7.752599999999999625e+01 9.349850000000000365e-19
8.309940000000000282e+01 1.598720000000000072e-18
8.907349999999999568e+01 2.642440000000000016e-18
9.547719999999999629e+01 4.236769999999999682e-18
1.023409999999999940e+02 6.584649999999999857e-18
1.096989999999999981e+02 9.959720000000000495e-18
1.175849999999999937e+02 1.469740000000000008e-17
1.260379999999999967e+02 2.119860000000000058e-17
1.350989999999999895e+02 2.995519999999999912e-17
1.448120000000000118e+02 4.154109999999999846e-17
1.552230000000000132e+02 5.667249999999999792e-17
1.663820000000000050e+02 7.616190000000000455e-17
1.783429999999999893e+02 1.010269999999999971e-16
1.911639999999999873e+02 1.322939999999999957e-16
2.049070000000000107e+02 1.713280000000000054e-16
2.196390000000000100e+02 2.195470000000000105e-16
2.354290000000000020e+02 2.789010000000000230e-16
2.523540000000000134e+02 3.514230000000000012e-16
2.704959999999999809e+02 4.391469999999999945e-16
2.899420000000000073e+02 5.447809999999999672e-16
3.107869999999999777e+02 6.710799999999999513e-16
3.331299999999999955e+02 8.216349999999999887e-16
3.570779999999999745e+02 9.995659999999999212e-16
3.827490000000000236e+02 1.209640000000000068e-15
4.102660000000000196e+02 1.456370000000000037e-15
4.397599999999999909e+02 1.743989999999999965e-15
4.713750000000000000e+02 2.078159999999999832e-15
5.052629999999999768e+02 2.464949999999999950e-15
5.415869999999999891e+02 2.910499999999999863e-15
5.805230000000000246e+02 3.422059999999999838e-15
6.222569999999999482e+02 4.006870000000000361e-15
6.669919999999999618e+02 4.672789999999999949e-15
7.149429999999999836e+02 5.428050000000000313e-15
7.663410000000000082e+02 6.281999999999999921e-15
8.214349999999999454e+02 7.243739999999999649e-15
8.804880000000000564e+02 8.323290000000000398e-15
9.437880000000000109e+02 9.530890000000000536e-15
1.011639999999999986e+03 1.087519999999999969e-14
1.084369999999999891e+03 1.237039999999999922e-14
1.162319999999999936e+03 1.402469999999999930e-14
1.245880000000000109e+03 1.585180000000000093e-14
1.335450000000000045e+03 1.786250000000000025e-14
1.431460000000000036e+03 2.006090000000000063e-14
1.534369999999999891e+03 2.246800000000000143e-14
1.644680000000000064e+03 2.509189999999999896e-14
1.762910000000000082e+03 2.792960000000000009e-14
1.889650000000000091e+03 3.100589999999999842e-14
2.025500000000000000e+03 3.431639999999999729e-14
2.171119999999999891e+03 3.786419999999999708e-14
2.327199999999999818e+03 4.165209999999999854e-14
2.494510000000000218e+03 4.569589999999999692e-14
2.673840000000000146e+03 4.998980000000000147e-14
2.866070000000000164e+03 5.452359999999999953e-14
3.072110000000000127e+03 5.927390000000000101e-14
3.292969999999999800e+03 6.427269999999999380e-14
3.529710000000000036e+03 6.950120000000000530e-14
3.783460000000000036e+03 7.491299999999999593e-14
4.055460000000000036e+03 8.052640000000000309e-14
4.347010000000000218e+03 8.630179999999999987e-14
4.659520000000000437e+03 9.224419999999999483e-14
4.994510000000000218e+03 9.829829999999999828e-14
5.353560000000000400e+03 1.044689999999999989e-13
5.738439999999999600e+03 1.107210000000000035e-13
6.150989999999999782e+03 1.170109999999999949e-13
6.593189999999999600e+03 1.233090000000000100e-13
7.067180000000000291e+03 1.296120000000000085e-13
7.575250000000000000e+03 1.358400000000000048e-13
-----------------------
